osmId,osmType,name,address,district,phone,website,services,priceRange,rating,reviewsCount,latitude,longitude,source,sourceUrl,openingHours
9581502439,node,Ale Ładnie,,Bemowo,,,Hairdresser,Unknown,,,52.2300337,20.9022451,OpenStreetMap / Overpass API,https://www.openstreetmap.org/node/9581502439,
11687868130,node,Barber Shop Men,,Bemowo,,,Hairdresser,Unknown,,,52.2548656,20.9189795,OpenStreetMap / Overpass API,https://www.openstreetmap.org/node/11687868130,
9957384956,node,Barberyk,,Bemowo,,,Hairdresser,Unknown,,,52.2275613,20.8899926,OpenStreetMap / Overpass API,https://www.openstreetmap.org/node/9957384956,Mo-Fr 09:00-20:00; Sa 09:00-16:00
410385786,node,Beata,Powstańców Śląskich 69A,Bemowo,,,Hairdresser,Unknown,,,52.2355213,20.9137687,OpenStreetMap / Overpass API,https://www.openstreetmap.org/node/410385786,
8305643180,node,Beauty by Kate,,Bemowo,,,Beauty salon,Unknown,,,52.2285401,20.8903831,OpenStreetMap / Overpass API,https://www.openstreetmap.org/node/8305643180,
9957344585,node,Beauty Rosa,,Bemowo,+48224282482,,Beauty salon,Unknown,,,52.2219392,20.9166376,OpenStreetMap / Overpass API,https://www.openstreetmap.org/node/9957344585,Mo-Sa 09:00-20:00; PH off
11332432127,node,Beauty Studio Nice by Kalenska,,Bemowo,+48797787893,,Beauty salon,Unknown,,,52.2345517,20.8962661,OpenStreetMap / Overpass API,https://www.openstreetmap.org/node/11332432127,Mo-Su 10:00-20:00; PH off
9183809508,node,Candy Barber Shop,Powstańców Śląskich 61,Bemowo,,,Hairdresser,Unknown,,,52.2320604,20.9141954,OpenStreetMap / Overpass API,https://www.openstreetmap.org/node/9183809508,
11687999863,node,Cleo,,Bemowo,,,Beauty salon; Hair Removal;Hair;Nails;Skin Care,Unknown,,,52.2560605,20.9201141,OpenStreetMap / Overpass API,https://www.openstreetmap.org/node/11687999863,Mo-Fr 10:00-19:00; Sa 08:00-14:00; PH off
9004247467,node,Cut Cut,"Batalionów Chłopskich 74, 01-308 Warszawa",Bemowo,+48228280262,https://www.cutcut.com.pl,Hairdresser,Unknown,,,52.232,20.8962097,OpenStreetMap / Overpass API,https://www.openstreetmap.org/node/9004247467,Mo-Fr 10:00-21:00; Sa 09:00-15:00
11687868129,node,Dagmar,Powstańców Śląskich 106A,Bemowo,,,Beauty salon; Hair;Cosmetics;Nails,Unknown,,,52.2548775,20.9187886,OpenStreetMap / Overpass API,https://www.openstreetmap.org/node/11687868129,Mo-Fr 08:30-20:00; Sa 08:00-15:00
9957344583,node,Deluxe Barbershop,,Bemowo,,,Hairdresser,Unknown,,,52.2220629,20.9166773,OpenStreetMap / Overpass API,https://www.openstreetmap.org/node/9957344583,Mo-Fr 10:00-20:00; Sa 10:00-19:00; PH off
9542750917,node,Diamond Glam Nails,,Bemowo,,,Beauty salon; Nails,Unknown,,,52.2498698,20.9196376,OpenStreetMap / Overpass API,https://www.openstreetmap.org/node/9542750917,
12111034809,node,Ease,Powstańców Śląskich 65A,Bemowo,,,Beauty salon; Cosmetics;Hair Removal;Laser Hair Removal;Nails,Unknown,,,52.2335684,20.914293,OpenStreetMap / Overpass API,https://www.openstreetmap.org/node/12111034809,
7510417488,node,EB Sun,01-493,Bemowo,,,Beauty salon; Tanning,Unknown,,,52.2544491,20.9181963,OpenStreetMap / Overpass API,https://www.openstreetmap.org/node/7510417488,
7546087992,node,ED Fashion,01-466,Bemowo,,,Hairdresser,Unknown,,,52.2556302,20.9197468,OpenStreetMap / Overpass API,https://www.openstreetmap.org/node/7546087992,Mo-Fr 09:00-20:00; Sa 09:00-15:00
9183809509,node,Enzo Barbers,Powstańców Śląskich 61,Bemowo,,,Hairdresser,Unknown,,,52.2322865,20.9143763,OpenStreetMap / Overpass API,https://www.openstreetmap.org/node/9183809509,
4225084793,node,Federowicz Barber Shop,,Bemowo,,,Hairdresser,Unknown,,,52.2411308,20.9115882,OpenStreetMap / Overpass API,https://www.openstreetmap.org/node/4225084793,Mo-Fr 08:00-19:00; Sa 08:00-15:00
4560464028,node,Fryzjer Męski,Wrocławska 24,Bemowo,+48668452391,,Hairdresser,Unknown,,,52.2580024,20.9178646,OpenStreetMap / Overpass API,https://www.openstreetmap.org/node/4560464028,
8308937718,node,Fryzjer męski,01-493,Bemowo,,,Hairdresser,Unknown,,,52.2544555,20.9183478,OpenStreetMap / Overpass API,https://www.openstreetmap.org/node/8308937718,
4958815761,node,Fryzjer.me,,Bemowo,,http://fryzjer.me,Hairdresser,Unknown,,,52.2414138,20.9114885,OpenStreetMap / Overpass API,https://www.openstreetmap.org/node/4958815761,Mo-Fr 08:00-20:00; Sa 08:00-15:00
3048204728,node,"G&G Centrum Pielęgnacji, Zdrowia i Urody",,Bemowo,,,Beauty salon,Unknown,,,52.2232957,20.9165694,OpenStreetMap / Overpass API,https://www.openstreetmap.org/node/3048204728,Mo-Fr 11:00-18:00; Sa 10:00-13:00; PH off
11114124301,node,Kamil Rajt Hair,,Bemowo,,,Hairdresser,Unknown,,,52.2297745,20.9144233,OpenStreetMap / Overpass API,https://www.openstreetmap.org/node/11114124301,Mo-Fr 09:00-20:00
7510465986,node,"KERN Sklep fryzjersko - kosmetyczny, sprzedaż",01-493,Bemowo,,,Cosmetics,Unknown,,,52.2543808,20.9186941,OpenStreetMap / Overpass API,https://www.openstreetmap.org/node/7510465986,
11669794141,node,Kris Barber,,Bemowo,,,Hairdresser,Unknown,,,52.2785476,20.8588437,OpenStreetMap / Overpass API,https://www.openstreetmap.org/node/11669794141,
8274548743,node,La MiLa,"Puszczy Solskiej 7, 01-390 Warszawa",Bemowo,,,Beauty salon,Unknown,,,52.2269595,20.908053,OpenStreetMap / Overpass API,https://www.openstreetmap.org/node/8274548743,
7917329985,node,Men's place,"Górczewska 228, 01-460 Warszawa",Bemowo,+48511614500,,Hairdresser,Unknown,,,52.2404177,20.8996229,OpenStreetMap / Overpass API,https://www.openstreetmap.org/node/7917329985,Mo-Sa 10:00-22:00
9957357927,node,Moderna Kosmetologia,,Bemowo,,,Beauty salon,Unknown,,,52.2179964,20.8991368,OpenStreetMap / Overpass API,https://www.openstreetmap.org/node/9957357927,Mo-Fr 11:00-20:00; Sa 10:00-15:00
9871078758,node,New Master,,Bemowo,+48515243373,,Beauty salon; Hair;Nails,Unknown,,,52.2415319,20.920225,OpenStreetMap / Overpass API,https://www.openstreetmap.org/node/9871078758,Mo-Fr 09:00-20:00; Sa 08:00-15:00
7508648296,node,NewStyle,"Powstańców Śląskich 104, 01-493 Warszawa",Bemowo,+48535525606,https://fryzjer-bemowo.pl,Hairdresser,Unknown,,,52.2542706,20.9187379,OpenStreetMap / Overpass API,https://www.openstreetmap.org/node/7508648296,
12531818051,node,Nowa Skin,Powstańców Śląskich 48,Bemowo,,,Beauty salon; Aesthetic,Unknown,,,52.2325116,20.9154017,OpenStreetMap / Overpass API,https://www.openstreetmap.org/node/12531818051,
9957387457,node,NuiSpa,,Bemowo,,,Massage,Unknown,,,52.2275315,20.8873241,OpenStreetMap / Overpass API,https://www.openstreetmap.org/node/9957387457,
6655010217,node,Od Nowa,,Bemowo,+48223030302,,Beauty salon,Unknown,,,52.2512888,20.9244617,OpenStreetMap / Overpass API,https://www.openstreetmap.org/node/6655010217,
12111034817,node,OV,Powstańców Śląskich 61,Bemowo,,,Hairdresser,Unknown,,,52.2321067,20.9142703,OpenStreetMap / Overpass API,https://www.openstreetmap.org/node/12111034817,"Mo,Th 09:00-17:00; Tu-We,Fr 09:00-20:00; Sa 08:00-15:00"
10004695270,node,Perfect Lashes,,Bemowo,+48571802130,,Beauty salon,Unknown,,,52.2484832,20.9237374,OpenStreetMap / Overpass API,https://www.openstreetmap.org/node/10004695270,
11687786064,node,Pierre Afrim,Jerzego Waldorffa 41,Bemowo,,,Hairdresser,Unknown,,,52.2562505,20.9421415,OpenStreetMap / Overpass API,https://www.openstreetmap.org/node/11687786064,Mo-Fr 09:00-21:00; Sa 09:00-17:00
13704937727,node,Piękna Sprawa,,Bemowo,,,Beauty salon,Unknown,,,52.2559276,20.9207555,OpenStreetMap / Overpass API,https://www.openstreetmap.org/node/13704937727,
9957357921,node,Place for Nails,,Bemowo,,,Beauty salon; Nails,Unknown,,,52.2186469,20.8992698,OpenStreetMap / Overpass API,https://www.openstreetmap.org/node/9957357921,Mo-Fr 08:00-20:00; Sa 08:00-15:00
12531865444,node,Queen,Powstańców Śląskich 26,Bemowo,,,Hairdresser,Unknown,,,52.2293465,20.9155842,OpenStreetMap / Overpass API,https://www.openstreetmap.org/node/12531865444,
8305643179,node,Revolution,,Bemowo,,,Beauty salon,Unknown,,,52.2284842,20.8903582,OpenStreetMap / Overpass API,https://www.openstreetmap.org/node/8305643179,
11196561567,node,Sajek Barber Shop,"Generała Tadeusza Pełczyńskiego 5, 01-471 Warszawa",Bemowo,,,Hairdresser,Unknown,,,52.241721,20.9078102,OpenStreetMap / Overpass API,https://www.openstreetmap.org/node/11196561567,
6151339386,node,"Salon fryzjerski ""DAVID""",,Bemowo,,,Hairdresser,Unknown,,,52.2482847,20.914199,OpenStreetMap / Overpass API,https://www.openstreetmap.org/node/6151339386,
8857294418,node,Salon Maria,,Bemowo,,,Hairdresser,Unknown,,,52.2315309,20.9127236,OpenStreetMap / Overpass API,https://www.openstreetmap.org/node/8857294418,Mo-Fr 09:00-19:00; Sa 08:00-15:00
12111034814,node,Solomia,Powstańców Śląskich 61,Bemowo,,,Beauty salon; Nails;Eyelash;Eyebrow;Hair;Cosmetics,Unknown,,,52.2324164,20.9143522,OpenStreetMap / Overpass API,https://www.openstreetmap.org/node/12111034814,09:00-21:00
6654559942,node,Strefa Urody,,Bemowo,+48223056841,https://www.mojastrefaurody.pl,Beauty salon; Cosmetics;Hair,Unknown,,,52.2511351,20.9244483,OpenStreetMap / Overpass API,https://www.openstreetmap.org/node/6654559942,9:00-20:00
8875437023,node,Studio Fryzur,,Bemowo,,,Hairdresser,Unknown,,,52.2341974,20.915208,OpenStreetMap / Overpass API,https://www.openstreetmap.org/node/8875437023,Mo-Fr 10:00-20:00; Sa 09:00-15:00
5160711454,node,Studio Urody Świętochowskiego 2,"Aleksandra Świętochowskiego 2/7, 00-905 Warszawa",Bemowo,+48784589532,,Hairdresser,Unknown,,,52.2355725,20.8993059,OpenStreetMap / Overpass API,https://www.openstreetmap.org/node/5160711454,Mo-Fr 09:00-20:00; Sa 09:00-14:00
9957454421,node,T&T Studio Urody,,Bemowo,,,Beauty salon,Unknown,,,52.2317653,20.8891529,OpenStreetMap / Overpass API,https://www.openstreetmap.org/node/9957454421,
13704934274,node,Twój Fryzjer,,Bemowo,,,Hairdresser,Unknown,,,52.2561829,20.9210911,OpenStreetMap / Overpass API,https://www.openstreetmap.org/node/13704934274,
7510495685,node,Wyluzuj,01-493,Bemowo,,,Beauty salon,Unknown,,,52.254636,20.9192595,OpenStreetMap / Overpass API,https://www.openstreetmap.org/node/7510495685,
11687999854,node,Wyluzuj!,,Bemowo,,,Beauty salon; Nails;Cosmetics;Eyebrow;Eyelash,Unknown,,,52.2553024,20.9195267,OpenStreetMap / Overpass API,https://www.openstreetmap.org/node/11687999854,
4748460124,node,zakład fryzjerski,,Bemowo,,,Hairdresser,Unknown,,,52.2462343,20.8553796,OpenStreetMap / Overpass API,https://www.openstreetmap.org/node/4748460124,
1528979358,node,4you,,Białołęka,,,Hairdresser,Unknown,,,52.3608472,21.0364442,OpenStreetMap / Overpass API,https://www.openstreetmap.org/node/1528979358,
12271231391,node,A'Studio,Płochocińska 18,Białołęka,,,Beauty salon; Nails;Eyelash;Eyebrow,Unknown,,,52.3098366,20.9912549,OpenStreetMap / Overpass API,https://www.openstreetmap.org/node/12271231391,Mo-Fr 09:00-21:00; Sa 09:00-17:00
11910230903,node,Agawa,,Białołęka,,,Hairdresser,Unknown,,,52.3441783,20.8762046,OpenStreetMap / Overpass API,https://www.openstreetmap.org/node/11910230903,
6625140023,node,Akademia Urody,"Lewandów 43, 00-999 Warszawa",Białołęka,,,Beauty salon,Unknown,,,52.322446,21.0757012,OpenStreetMap / Overpass API,https://www.openstreetmap.org/node/6625140023,
3217837566,node,Almonis,"Światowida 47, 03-144 Warszawa",Białołęka,+48224977884,https://jaskinia-almonis.pl,Beauty salon,Unknown,,,52.3185168,20.9514152,OpenStreetMap / Overpass API,https://www.openstreetmap.org/node/3217837566,Mo-Fr 10:00-20:00; Sa-Su 10:00-15:00
6451792496,node,Alter Ego,"Aluzyjna 17, 03-149 Warszawa",Białołęka,+48510502385,,Hairdresser,Unknown,,,52.34538,20.9431248,OpenStreetMap / Overpass API,https://www.openstreetmap.org/node/6451792496,"Mo-Fr 09:00-17:00, Sa 08:00-15:00"
11910152684,node,Beauty Atelier,,Białołęka,+48795785685,,Hairdresser,Unknown,,,52.3478403,20.8660793,OpenStreetMap / Overpass API,https://www.openstreetmap.org/node/11910152684,Mo-Fr 10:00-19:00; Sa 09:00-15:00
4192314125,node,Beauty Club,"Leona Berensona 10, 03-287 Warszawa",Białołęka,+48221149090,https://beauty-club.com.pl,Beauty salon,Unknown,,,52.3245884,21.0539161,OpenStreetMap / Overpass API,https://www.openstreetmap.org/node/4192314125,Mo-Fr 09:00-20:00; Sa 09:00-15:00
12455619926,node,Berja,,Białołęka,,,Beauty salon,Unknown,,,52.3236015,20.949386,OpenStreetMap / Overpass API,https://www.openstreetmap.org/node/12455619926,
8758696528,node,Body Studio,"Modlińska 303, 03-151 Warszawa",Białołęka,+48665441594,http://www.bodystudio.waw.pl,Massage,Unknown,,,52.3393999,20.9550095,OpenStreetMap / Overpass API,https://www.openstreetmap.org/node/8758696528,Mo-Fr 09:00-21:00; Sa 09:00-14:00
8757949558,node,Butterfly Studio,,Białołęka,,,Hairdresser,Unknown,,,52.3349978,20.9435058,OpenStreetMap / Overpass API,https://www.openstreetmap.org/node/8757949558,Mo-Fr 09:00-20:00; Sa 08:00-16:00
5105878339,node,Camille Albane,,Białołęka,,https://www.camillealbane.com,Hairdresser,Unknown,,,52.3167461,20.9673034,OpenStreetMap / Overpass API,https://www.openstreetmap.org/node/5105878339,
1302025536,node,DaGlam,"Modlińska 351, 03-151 Warszawa",Białołęka,+48226766451,http://www.daglam.pl,Beauty salon,Unknown,,,52.3511808,20.9444624,OpenStreetMap / Overpass API,https://www.openstreetmap.org/node/1302025536,Mo-Fr 10:00-21:00; Sa 08:00-15:00
12514856358,node,DKN Studio,Światowida 14,Białołęka,,,Beauty salon; Cosmetics;Aesthetic,Unknown,,,52.3200687,20.9683499,OpenStreetMap / Overpass API,https://www.openstreetmap.org/node/12514856358,
10210209441,node,do lampy - stylizacja paznokci,,Białołęka,+48577414474,,Beauty salon; Nails,Unknown,,,52.342448,20.9412651,OpenStreetMap / Overpass API,https://www.openstreetmap.org/node/10210209441,"Mo,Su off; Tu-Sa 12:00-20:00"
9987668105,node,DOROTA GĄSKA Studio Fryzjerskie,"Modlińska 333, 03-151 Warszawa",Białołęka,+48608065102,,Hairdresser,Unknown,,,52.3437807,20.9508556,OpenStreetMap / Overpass API,https://www.openstreetmap.org/node/9987668105,Mo-Fr 09:00-20:00; Sa 08:00-14:00; Su off
9740664617,node,Dziki Barber,03-287,Białołęka,+48730039444,https://booksy.com/pl-pl/86766_dziki-barber-bialoleka_barber-shop_3_warszawa,Hairdresser,Unknown,,,52.3206061,21.0569781,OpenStreetMap / Overpass API,https://www.openstreetmap.org/node/9740664617,Mo-Fr 09:00-21:00; Sa 08:30-15:30
5611363908,node,EMG Studio,,Białołęka,,https://emgstudio.pl,Hairdresser,Unknown,,,52.3225638,20.9428401,OpenStreetMap / Overpass API,https://www.openstreetmap.org/node/5611363908,Mo-Fr 09:00-21:00; Sa 08:00-17:00
13723748194,node,Femi Balance,,Białołęka,,,Massage,Unknown,,,52.3417736,21.0549427,OpenStreetMap / Overpass API,https://www.openstreetmap.org/node/13723748194,
8760740477,node,Fenice - Centrum Szkoleniowe Anti-Aging,"Czarnocińska 3A, 03-110 Warszawa",Białołęka,+48226768675,http://fenice.pl,Beauty salon,Unknown,,,52.3260158,20.9702774,OpenStreetMap / Overpass API,https://www.openstreetmap.org/node/8760740477,
4295641289,node,Finezja,"Leona Berensona 13, 03-287 Warszawa",Białołęka,+48227416356,http://studiofinezja.pl,Beauty salon,Unknown,,,52.3246639,21.0560449,OpenStreetMap / Overpass API,https://www.openstreetmap.org/node/4295641289,Mo-Fr 9:00-21:00; Sa 09:00-15:00
5106051165,node,Frederic Moreno,,Białołęka,,,Hairdresser,Unknown,,,52.3174661,20.9660805,OpenStreetMap / Overpass API,https://www.openstreetmap.org/node/5106051165,Mo-Sa 10:00-22:00; Su 10:00-21:00
10210267919,node,Fryzjer & Kosmetyka Sun-line,,Białołęka,+48223296690,,Hairdresser,Unknown,,,52.3479605,20.9415722,OpenStreetMap / Overpass API,https://www.openstreetmap.org/node/10210267919,Mo-Fr 10:00-20:00; Sa 09:00-15:00; Su off
9726510517,node,Fryzjer Męski,05-092,Białołęka,+48797761671,,Hairdresser,Unknown,,,52.3397902,20.8910243,OpenStreetMap / Overpass API,https://www.openstreetmap.org/node/9726510517,Mo-Fr 09:00-19:00; Sa 08:00-15:00
10173803838,node,Gabinet Padologiczny Manicure-Pedicure,Modlińska 333,Białołęka,,,Beauty salon; Nails,Unknown,,,52.3437846,20.9508179,OpenStreetMap / Overpass API,https://www.openstreetmap.org/node/10173803838,Mo-Fr 09:00-20:00; Sa 09:00-15:00; Su off
11429171422,node,Gabinet Piękna,,Białołęka,+48503462275,https://gabinetpieknaik.pl,Beauty salon,Unknown,,,52.3392887,20.8906793,OpenStreetMap / Overpass API,https://www.openstreetmap.org/node/11429171422,Mo-Fr 08:00-20:00; Sa 08:00-16:00
10579654441,node,Galant Braber Shop,"Światowida 57/U13, 03-144",Białołęka,+48573678159,https://galant-barbershop.business.site,Hairdresser,Unknown,,,52.328243,20.9397188,OpenStreetMap / Overpass API,https://www.openstreetmap.org/node/10579654441,Su-Th 09:00-21:00; Fr 09:00-15:00
12455619923,node,Glamour Expert,,Białołęka,,,Beauty salon,Unknown,,,52.3213865,20.954164,OpenStreetMap / Overpass API,https://www.openstreetmap.org/node/12455619923,
5106007363,node,Hair Styling Team,,Białołęka,,,Hairdresser,Unknown,,,52.3177872,20.9660092,OpenStreetMap / Overpass API,https://www.openstreetmap.org/node/5106007363,Mo-Sa 10:00-22:00; Su 10:00-21:00
5117317600,node,Hair Styling Team,Odkryta 4,Białołęka,,,Hairdresser,Unknown,,,52.3248157,20.9385014,OpenStreetMap / Overpass API,https://www.openstreetmap.org/node/5117317600,Mo-Fr 09:00-20:00; Sa 10:00-18:00; Su 10:00-15:00
10210209444,node,Hello Beauty Studio Kosmetyczne Magdalena Kołodziej,,Białołęka,+48574277405,,Beauty salon,Unknown,,,52.3427288,20.9413348,OpenStreetMap / Overpass API,https://www.openstreetmap.org/node/10210209444,Mo-Fr 10:00-20:00; Sa 10:00-16:00; Su off
11736557574,node,HomeLaser,,Białołęka,+48888056846,,Beauty salon,Unknown,,,52.3181288,20.968393,OpenStreetMap / Overpass API,https://www.openstreetmap.org/node/11736557574,
6847250930,node,Hooligans Barber Shop,"Kaczorowa 8, 03-042 Warszawa",Białołęka,,,Hairdresser,Unknown,,,52.3203529,21.0010139,OpenStreetMap / Overpass API,https://www.openstreetmap.org/node/6847250930,
11847514971,node,Ignacy Stefaniuk,Płochocińska 18A,Białołęka,,,Hairdresser,Unknown,,,52.3100412,20.9920476,OpenStreetMap / Overpass API,https://www.openstreetmap.org/node/11847514971,"""po umówieniu się"""
5105877707,node,Inglot,,Białołęka,,,Cosmetics,Unknown,,,52.3181576,20.9669219,OpenStreetMap / Overpass API,https://www.openstreetmap.org/node/5105877707,Mo-Sa 10:00-22:00; Su 10:00-21:00
12514191399,node,Kanita,Przydrożna 7,Białołęka,,,Beauty salon; Nails;Hair;Cosmetics,Unknown,,,52.3186788,21.0290187,OpenStreetMap / Overpass API,https://www.openstreetmap.org/node/12514191399,
6860776788,node,Klinika Estelablo,,Białołęka,+48513266767,https://m.facebook.com/Fanaberia-Beauty-102947524443209,Beauty salon,Unknown,,,52.3412319,21.0550371,OpenStreetMap / Overpass API,https://www.openstreetmap.org/node/6860776788,Mo-Fr 10:00-20:00; Sa 09:00-15:00
5104879063,node,L'Occitane,,Białołęka,,,Cosmetics,Unknown,,,52.3181213,20.9666248,OpenStreetMap / Overpass API,https://www.openstreetmap.org/node/5104879063,Mo-Sa 10:00-22:00; Su 10:00-21:00
13372256101,node,Lab4.1,Kobiałka 41,Białołęka,,,Beauty salon,Unknown,,,52.3610563,21.0452443,OpenStreetMap / Overpass API,https://www.openstreetmap.org/node/13372256101,
10757213611,node,Leomi Permanent Make-up,,Białołęka,,,Beauty salon,Unknown,,,52.3312317,20.9420295,OpenStreetMap / Overpass API,https://www.openstreetmap.org/node/10757213611,
13505167044,node,Love Mani,,Białołęka,,,Beauty salon; Nails,Unknown,,,52.3289025,20.941705,OpenStreetMap / Overpass API,https://www.openstreetmap.org/node/13505167044,
11847542377,node,Luxury Nails,Płochocińska 18A,Białołęka,,,Beauty salon; Nails,Unknown,,,52.3100692,20.9921534,OpenStreetMap / Overpass API,https://www.openstreetmap.org/node/11847542377,
6817198001,node,Make up & Hair Studio,,Białołęka,,,Hairdresser,Unknown,,,52.3426125,20.9428641,OpenStreetMap / Overpass API,https://www.openstreetmap.org/node/6817198001,
12348803178,node,MANIfestacja,,Białołęka,+48607972781,,Beauty salon; Nails,Unknown,,,52.3048884,20.9862167,OpenStreetMap / Overpass API,https://www.openstreetmap.org/node/12348803178,Mo-Fr 09:00-20:00; Sa 09:00-15:00
13723748200,node,Minimalista,"Luciana Pavarottiego 2, 03-289 Warszawa",Białołęka,+48730753104,,Beauty salon,Unknown,,,52.3415596,21.054593,OpenStreetMap / Overpass API,https://www.openstreetmap.org/node/13723748200,Mo-Fr 09:00-21:00; Sa-Su 10:00-18:00
11834712144,node,MK Nails Room,,Białołęka,+48510789773,,Beauty salon; Nails,Unknown,,,52.3483253,20.8646707,OpenStreetMap / Overpass API,https://www.openstreetmap.org/node/11834712144,Mo-Fr 10:00-18:00; Sa 10:00-13:00
2178525826,node,MM OdNowa,,Białołęka,,,Hairdresser,Unknown,,,52.321312,21.0565748,OpenStreetMap / Overpass API,https://www.openstreetmap.org/node/2178525826,
5106007327,node,mydlarnia u Franciszka,,Białołęka,,,Cosmetics,Unknown,,,52.3175765,20.9668649,OpenStreetMap / Overpass API,https://www.openstreetmap.org/node/5106007327,
13714668445,node,Myto & Cięto Barbershop,"Luciana Pavarottiego 2, 03-289 Warszawa",Białołęka,+48509549424,https://mytocieto.pl,Hairdresser; Barber,Unknown,,,52.3415782,21.0547495,OpenStreetMap / Overpass API,https://www.openstreetmap.org/node/13714668445,Mo-Fr 10:00-20:00; Sa-Su 09:00-16:00
12514857153,node,Mój Babiniec,Modlińska 199A,Białołęka,,,Beauty salon; Nails;Cosmetics;Eyelash;Eyebrow;Hair;Aesthetic,Unknown,,,52.3218752,20.9706071,OpenStreetMap / Overpass API,https://www.openstreetmap.org/node/12514857153,Mo-Fr 09:00-20:00; Sa 09:00-14:00
1719730147,node,Nepri,"Srebrnogórska 13, Warszawa",Białołęka,,,Hairdresser,Unknown,,,52.3272543,20.9793923,OpenStreetMap / Overpass API,https://www.openstreetmap.org/node/1719730147,
13786429802,node,Nomia,Leona Berensona 12,Białołęka,,,Hairdresser,Unknown,,,52.3246497,21.0548589,OpenStreetMap / Overpass API,https://www.openstreetmap.org/node/13786429802,
12444714249,node,Olga Niemczak Salon Fryzjersko-Kosmetyczny,,Białołęka,,,Beauty salon; Cosmetics;Hair;Nails;Skin Care,Unknown,,,52.3217986,20.9559543,OpenStreetMap / Overpass API,https://www.openstreetmap.org/node/12444714249,Mo-Fr 09:00-20:00; Sa 09:00-15:00; PH closed
13856107612,node,P&M,,Białołęka,,,Hairdresser,Unknown,,,52.3192887,20.9984273,OpenStreetMap / Overpass API,https://www.openstreetmap.org/node/13856107612,
12271231393,node,Pachora Studio,Płochocińska 18,Białołęka,,,Beauty salon; Cosmetics,Unknown,,,52.3097736,20.9910182,OpenStreetMap / Overpass API,https://www.openstreetmap.org/node/12271231393,
4401164449,node,Pieszczotka,,Białołęka,,,Beauty salon,Unknown,,,52.3247814,21.0557919,OpenStreetMap / Overpass API,https://www.openstreetmap.org/node/4401164449,10:00-18:00
3288271243,node,Pracownia Fryzjerska Przemek Ismailow,"Strumykowa 28, 03-138 Warszawa",Białołęka,,,Hairdresser,Unknown,,,52.3299767,20.9459867,OpenStreetMap / Overpass API,https://www.openstreetmap.org/node/3288271243,
13205132706,node,Salon Celebruj Piękno,,Białołęka,,,Beauty salon,Unknown,,,52.3419282,20.9426585,OpenStreetMap / Overpass API,https://www.openstreetmap.org/node/13205132706,Mo-Fr 08:00-22:00; Sa 06:00-17:00
2309855302,node,Salon EDEN,,Białołęka,,,Hairdresser,Unknown,,,52.3324276,20.9351848,OpenStreetMap / Overpass API,https://www.openstreetmap.org/node/2309855302,
1914537285,node,Salon fryzjerski Barbara,,Białołęka,,,Hairdresser,Unknown,,,52.3358999,20.9412903,OpenStreetMap / Overpass API,https://www.openstreetmap.org/node/1914537285,"Mo-Fr 09:00-20:00; Sa,Su 09:00-16:00"
1408202107,node,Salon fryzjerski Szalone Nożyczki,,Białołęka,,,Hairdresser,Unknown,,,52.3477333,20.940703,OpenStreetMap / Overpass API,https://www.openstreetmap.org/node/1408202107,
2308259656,node,Salon Kosmetyczny EWA,,Białołęka,+48224661648,http://kosmetyczka.wizytowka.pl,Hairdresser,Unknown,,,52.3314425,20.9406262,OpenStreetMap / Overpass API,https://www.openstreetmap.org/node/2308259656,Mo-Fr 08:00-20:00; Sa 08:00-16:00
5137200208,node,Salon OdNova,,Białołęka,,https://salon-fryzjerski-odnova.business.site,Hairdresser,Unknown,,,52.3320262,20.9516118,OpenStreetMap / Overpass API,https://www.openstreetmap.org/node/5137200208,
10764723209,node,"Salon piękności Trina Lounge - Manicure, Pedicure, Rzęsy, Brwi","Głębocka 88, 03-287 Warszawa",Białołęka,,https://booksy.com/pl-pl/229739_trina-lounge_paznokcie_3_warszawa,Beauty salon; Nails;Eyebrow;Eyelash;Pedicure,Unknown,,,52.3162812,21.0679033,OpenStreetMap / Overpass API,https://www.openstreetmap.org/node/10764723209,
1914537287,node,Salon Urody Discolor,,Białołęka,+48224986605,http://www.discolor.pl,Hairdresser,Unknown,,,52.3360519,20.9413226,OpenStreetMap / Overpass API,https://www.openstreetmap.org/node/1914537287,Mo 11:00-20:00; Tu-Fr 09:00-21:00; Sa 09:00-16:00
2025681393,node,Salon Urody Sylwia,"Głębocka 82, 03-287 Warszawa",Białołęka,,,Beauty salon,Unknown,,,52.315133,21.0673294,OpenStreetMap / Overpass API,https://www.openstreetmap.org/node/2025681393,
11429167157,node,Salon Łuczak,,Białołęka,+48517670700,https://www.salonluczak.pl/salon-meski.php,Hairdresser,Unknown,,,52.3392887,20.8906743,OpenStreetMap / Overpass API,https://www.openstreetmap.org/node/11429167157,Mo-Fr 08:00-20:00; Sa 08:00-16:00
11910229441,node,Salonik Fryzur,,Białołęka,,,Hairdresser,Unknown,,,52.344007,20.8767639,OpenStreetMap / Overpass API,https://www.openstreetmap.org/node/11910229441,Tu-Fr 08:00-20:00; Sa 08:00-15:00
12358259807,node,Salonik Twoje Paznokcie,,Białołęka,+48608208299,,Beauty salon; Nails,Unknown,,,52.3082539,20.9796635,OpenStreetMap / Overpass API,https://www.openstreetmap.org/node/12358259807,
5104879069,node,Sephora,,Białołęka,,,Cosmetics,Unknown,,,52.3177225,20.9659843,OpenStreetMap / Overpass API,https://www.openstreetmap.org/node/5104879069,Mo-Sa 10:00-22:00; Su 10:00-21:00
4454042890,node,Soho,,Białołęka,,,Hairdresser,Unknown,,,52.332244,20.9394789,OpenStreetMap / Overpass API,https://www.openstreetmap.org/node/4454042890,
6248295473,node,Strefa piękna,"Magiczna 22, 03-287 Warszawa",Białołęka,,,Beauty salon,Unknown,,,52.3157472,21.0614473,OpenStreetMap / Overpass API,https://www.openstreetmap.org/node/6248295473,
5611363911,node,Studio Figura,,Białołęka,,http://www.iandispa.pl,Beauty salon,Unknown,,,52.3223546,20.9429107,OpenStreetMap / Overpass API,https://www.openstreetmap.org/node/5611363911,Mo-Fr 09:00-21:00; Sa 09:00-17:00
1583367843,node,Studio Fryzur,"Ceramiczna 33, Warszawa",Białołęka,,,Hairdresser,Unknown,,,52.3224004,20.9600268,OpenStreetMap / Overpass API,https://www.openstreetmap.org/node/1583367843,
431585163,way,"Studio Fryzur ""Beautiful hair""","Myśliborska 93, Warszawa",Białołęka,+48506862800,https://www.facebook.com/Studio-Fryzur-Beautiful-hair-325917147605775,Beauty salon,Unknown,,,52.318845,20.9578298,OpenStreetMap / Overpass API,https://www.openstreetmap.org/way/431585163,
8701234812,node,Studio urody Hebe,,Białołęka,+48227418282,https://www.hebe.waw.pl,Hairdresser,Unknown,,,52.3211281,21.0558423,OpenStreetMap / Overpass API,https://www.openstreetmap.org/node/8701234812,MO-Fr 09:00-21:00; Sa 8:00-16:00
12355205653,node,Studio Urody Iwona,,Białołęka,,,Beauty salon,Unknown,,,52.3022323,20.9787762,OpenStreetMap / Overpass API,https://www.openstreetmap.org/node/12355205653,Mo-Fr 08:00-20:00; Sa 08:00-15:00
10210209440,node,Studio Urody Katarzyna Hełmińska,,Białołęka,+48725066133,,Hairdresser,Unknown,,,52.3424028,20.9412551,OpenStreetMap / Overpass API,https://www.openstreetmap.org/node/10210209440,Mo-Fr 10:00-20:00; Sa 09:00-15:00; Su off
1803812346,node,Studio Urody Rea Tetis,"Krokwi 36, Warszawa",Białołęka,+48228143316,http://studioreatetis.pl,Beauty salon,Unknown,,,52.3344175,20.9721283,OpenStreetMap / Overpass API,https://www.openstreetmap.org/node/1803812346,Mo-Fr 08:00-20:00; Sa 08:00-15:00
10082345274,node,Studio Urody Trend,"Strumykowa 26, 03-138 Warszawa",Białołęka,,,Hairdresser,Unknown,,,52.3291301,20.9456602,OpenStreetMap / Overpass API,https://www.openstreetmap.org/node/10082345274,
2308259668,node,Studio Zdrowia i Urody Efekt,,Białołęka,,,Beauty salon,Unknown,,,52.330638,20.940505,OpenStreetMap / Overpass API,https://www.openstreetmap.org/node/2308259668,Mo-Fr 12:00-21:00; Sa 10:00-15:00
8638474484,node,Sztama Barbershop,,Białołęka,,,Hairdresser,Unknown,,,52.31917,20.9500724,OpenStreetMap / Overpass API,https://www.openstreetmap.org/node/8638474484,
10760949705,node,Sztama Barbershop Tarchomin,"Kościeszów 6/A2, 03-188 Warszawa",Białołęka,+48883961637,https://booksy.com/pl-pl/36851_sztama-barbershop-tarchomin_barber-shop_3_warszawa,Hairdresser,Unknown,,,52.3178508,20.9683634,OpenStreetMap / Overpass API,https://www.openstreetmap.org/node/10760949705,Su-Th 08:00-21:00; Fr 08:00-15:00
13205105496,node,Thai Bali Spa,,Białołęka,,https://thaibalispa.pl/salony/aluzyjna,Massage,Unknown,,,52.3418771,20.9426956,OpenStreetMap / Overpass API,https://www.openstreetmap.org/node/13205105496,11:00-22:00
11429157150,node,Thai Spa Bali,,Białołęka,+48665072929,https://thaibalispa.pl,Massage,Unknown,,,52.3413706,20.8861838,OpenStreetMap / Overpass API,https://www.openstreetmap.org/node/11429157150,Mo-Su 11:00-21:00
10757213609,node,Vinkler Studio,,Białołęka,,,Hairdresser,Unknown,,,52.3311186,20.942008,OpenStreetMap / Overpass API,https://www.openstreetmap.org/node/10757213609,
4825516491,node,YAG Salon & SPA,,Białołęka,,http://salonyag.pl,Beauty salon,Unknown,,,52.3122034,21.0637732,OpenStreetMap / Overpass API,https://www.openstreetmap.org/node/4825516491,Mo-Fr 09:00-21:00; Sa 09:00-17:00
11847496746,node,Your Time,Płochocińska 18A,Białołęka,,,Hairdresser,Unknown,,,52.310017,20.9919508,OpenStreetMap / Overpass API,https://www.openstreetmap.org/node/11847496746,Mo-Fr 09:00-21:00; Sa 09:00-18:00; PH off
5104879080,node,Yves Rocher,,Białołęka,,,Beauty salon; Cosmetics,Unknown,,,52.3181605,20.9664828,OpenStreetMap / Overpass API,https://www.openstreetmap.org/node/5104879080,Mo-Sa 10:00-22:00; Su 10:00-21:00
5106007359,node,Ziaja,,Białołęka,,,Cosmetics,Unknown,,,52.3178918,20.9666961,OpenStreetMap / Overpass API,https://www.openstreetmap.org/node/5106007359,Mo-Sa 10:00-22:00; Su 10:00-21:00
11023143184,node,Amira,Władysława Broniewskiego 59A,Bielany,,,Hairdresser,Unknown,,,52.2685502,20.9515457,OpenStreetMap / Overpass API,https://www.openstreetmap.org/node/11023143184,Mo-Fr 08:00-20:00; Sa 09:00-14:00
13076788553,node,Angel Nails,,Bielany,,,Beauty salon; Nails,Unknown,,,52.2852246,20.9393652,OpenStreetMap / Overpass API,https://www.openstreetmap.org/node/13076788553,
11023143185,node,Beata,Władysława Broniewskiego 59A,Bielany,,,Beauty salon; Nails;Cosmetics;Hair Removal;Skin Care,Unknown,,,52.2685704,20.9514654,OpenStreetMap / Overpass API,https://www.openstreetmap.org/node/11023143185,Mo-Fr 09:00-20:00; Sa 09:00-14:00
11708645341,node,Beauti Metro,,Bielany,,,Beauty salon; Hair;Nails;Eyebrow,Unknown,,,52.2764258,20.9608986,OpenStreetMap / Overpass API,https://www.openstreetmap.org/node/11708645341,Mo-Fr 10:00-20:00; Sa 10:00-18:00; Su 10:00-16:00
6771625690,node,Beauty @rt. Galeria urody i laseroterapii,"Kiwerska 35, 01-862 Warszawa",Bielany,+48535208021,http://www.beautyart.com.pl,Beauty salon,Unknown,,,52.2830156,20.9671849,OpenStreetMap / Overpass API,https://www.openstreetmap.org/node/6771625690,
4707307590,node,Beauty KO,Władysława Broniewskiego 85,Bielany,,,Beauty salon; Nails,Unknown,,,52.2711063,20.9453961,OpenStreetMap / Overpass API,https://www.openstreetmap.org/node/4707307590,
12122081783,node,Beverly Hills Akademia Urody,,Bielany,,,Hairdresser,Unknown,,,52.3234906,20.9016991,OpenStreetMap / Overpass API,https://www.openstreetmap.org/node/12122081783,Mo-Sa 09:00-21:00; Su 09:30-20:00
7795457983,node,Damon Barber Shop,"Sokratesa 13D, 01-909 Warszawa",Bielany,+48731940940,https://www.facebook.com/damon.barber.shop,Hairdresser,Unknown,,,52.2859741,20.9295254,OpenStreetMap / Overpass API,https://www.openstreetmap.org/node/7795457983,
3577096219,node,Dermi,"Renesansowa 11, Warszawa",Bielany,,,Beauty salon,Unknown,,,52.2756941,20.9360463,OpenStreetMap / Overpass API,https://www.openstreetmap.org/node/3577096219,
13282434449,node,EgoistKa salon,"Zbigniewa Romaszewskiego 6, 01-892 Warszawa",Bielany,+48794330315,https://taplink.cc/egoistka_salon,Beauty salon; Nails;Cosmetics;Skin Care;Hair Removal;Hair;Eyelash;Eyebrow;Massage;Pedicure,Unknown,,,52.270268,20.9553663,OpenStreetMap / Overpass API,https://www.openstreetmap.org/node/13282434449,Mo-Su 09:00-21:00
6326240505,node,Ekohair,"Tomasza Nocznickiego 25, 01-948 Warszawa",Bielany,,,Hairdresser,Unknown,,,52.2864102,20.9270628,OpenStreetMap / Overpass API,https://www.openstreetmap.org/node/6326240505,
6611065369,node,Eve,,Bielany,,,Beauty salon,Unknown,,,52.2714324,20.9560398,OpenStreetMap / Overpass API,https://www.openstreetmap.org/node/6611065369,
6772096331,node,Extravaganza Wy-SPA Urody,Rudzka 28,Bielany,+48607190251,https://www.extravaganza-wyspa-urody.pl,Beauty salon,Unknown,,,52.2785,20.9693066,OpenStreetMap / Overpass API,https://www.openstreetmap.org/node/6772096331,Tu-Fr 11:30-20:00; Sa 10:00-16:00
3163638009,node,Fryzjer,"Jana Kasprowicza 54, Warszawa",Bielany,,,Hairdresser,Unknown,,,52.2827014,20.9481936,OpenStreetMap / Overpass API,https://www.openstreetmap.org/node/3163638009,Mo-Fr 08:00-19:00; Sa 08:00-14:00
3441880996,node,Fryzjer,"Marymoncka 51, Warszawa",Bielany,,,Hairdresser,Unknown,,,52.281095,20.9579725,OpenStreetMap / Overpass API,https://www.openstreetmap.org/node/3441880996,
9089454445,node,Fryzjer Męski,,Bielany,,,Hairdresser,Unknown,,,52.2916637,20.9348239,OpenStreetMap / Overpass API,https://www.openstreetmap.org/node/9089454445,
3068293413,node,Fryzjerstwo kosmetyka,"Bolesława Podczaszyńskiego 1/3, Warszawa",Bielany,,,Hairdresser,Unknown,,,52.2766836,20.9536726,OpenStreetMap / Overpass API,https://www.openstreetmap.org/node/3068293413,Mo-Fr 08:00-19:00; Sa 08:00-15:00
5084511106,node,Galeria Urody Arkadius,,Bielany,,https://galeriaarkadius.pl,Hairdresser,Unknown,,,52.3140917,20.8816437,OpenStreetMap / Overpass API,https://www.openstreetmap.org/node/5084511106,Mo-Sa 08:00-22:00;Su 09:00-21:00
6495898584,node,Hair Styling Team,,Bielany,,,Hairdresser,Unknown,,,52.294634,20.9302915,OpenStreetMap / Overpass API,https://www.openstreetmap.org/node/6495898584,
3419975293,node,Hoek Studio,"Bolesława Podczaszyńskiego 31, Warszawa",Bielany,,https://www.facebook.com/hoek31,Beauty salon,Unknown,,,52.2805684,20.9574806,OpenStreetMap / Overpass API,https://www.openstreetmap.org/node/3419975293,
6347738738,node,House Beauty,"Klaudyny 22, 01-684 Warszawa",Bielany,,,Hairdresser,Unknown,,,52.2825197,20.9725549,OpenStreetMap / Overpass API,https://www.openstreetmap.org/node/6347738738,Mo-Sa 08:00-20:00
3301321314,node,JS Centrum Zdrowia i Urody,"Jana Kasprowicza 36, Warszawa",Bielany,,http://jscentrum.pl,Beauty salon,Unknown,,,52.2799612,20.954201,OpenStreetMap / Overpass API,https://www.openstreetmap.org/node/3301321314,
5558693440,node,Marzanna,"Leopolda Staffa 4, 01-891",Bielany,,,Beauty salon; Nails;Hair;Hair Removal;Cosmetics,Unknown,,,52.2740693,20.9613289,OpenStreetMap / Overpass API,https://www.openstreetmap.org/node/5558693440,Mo-Fr 10:00-20:00; Su 09:00-15:00
10949837973,node,Mickey Nails,,Bielany,,,Beauty salon,Unknown,,,52.2750093,20.9629367,OpenStreetMap / Overpass API,https://www.openstreetmap.org/node/10949837973,
9940022284,node,Milena - Salon Urody,"Jana Kochanowskiego 39, 01-864 Warszawa",Bielany,+48226334200,,Beauty salon,Unknown,,,52.2689791,20.9424011,OpenStreetMap / Overpass API,https://www.openstreetmap.org/node/9940022284,Mo-Fr 09:00-20:00; Sa 09:00-16:00; PH off
12630087124,node,Milord u Barbera,Generała Klemensa Stanisława Rudnickiego 10,Bielany,,,Hairdresser; Barber,Unknown,,,52.2672927,20.9473237,OpenStreetMap / Overpass API,https://www.openstreetmap.org/node/12630087124,
3630011960,node,Męski punkt,"Aleja Zjednoczenia 36, Warszawa",Bielany,,http://meskipunkt.com,Hairdresser,Unknown,,,52.2804535,20.9502744,OpenStreetMap / Overpass API,https://www.openstreetmap.org/node/3630011960,Mo-Fr 09:00-20:00; Sa 08:00-15:00
6495898578,node,Nail & Beauty Bar,,Bielany,,,Beauty salon,Unknown,,,52.2947895,20.9305203,OpenStreetMap / Overpass API,https://www.openstreetmap.org/node/6495898578,
11023143179,node,Nails Art,,Bielany,,,Beauty salon; Nails,Unknown,,,52.2692839,20.9532719,OpenStreetMap / Overpass API,https://www.openstreetmap.org/node/11023143179,Mo-Fr 09:00-19:00; Sa 09:00-17:00
13188933972,node,NAZLI BARBER SHOP,"Książąt Mazowieckich 4/U6, 01-990 Warszawa",Bielany,,,Hairdresser; Barber,Unknown,,,52.3023193,20.9301007,OpenStreetMap / Overpass API,https://www.openstreetmap.org/node/13188933972,Mo-Sa 09:00-21:00; Su 11:30-18:30
5340129078,node,OdNova,Gwiaździsta 27,Bielany,,https://www.facebook.com/OdNova-Team-dla-Urody-2304174846515985,Beauty salon,Unknown,,,52.2834803,20.9784538,OpenStreetMap / Overpass API,https://www.openstreetmap.org/node/5340129078,Mo-Fr 09:00-20:00; Sa 09:00-15:00
12252540048,node,OdNova Fryzjer & Kosmetyka,,Bielany,+48532125265,,Hairdresser,Unknown,,,52.2842199,20.9783981,OpenStreetMap / Overpass API,https://www.openstreetmap.org/node/12252540048,Mo-Fr 09:00-20:00; Sa 09:00-15:00; Su off
8670423749,node,Perla Lash,,Bielany,+48882143862,https://www.facebook.com/parejkomlashes,Beauty salon,Unknown,,,52.2804291,20.9757641,OpenStreetMap / Overpass API,https://www.openstreetmap.org/node/8670423749,
13758069901,node,Pracownia Fryzur Tarnawski,"Arkuszowa 73/2B, 01-934",Bielany,,,Hairdresser,Unknown,,,52.2835306,20.8991982,OpenStreetMap / Overpass API,https://www.openstreetmap.org/node/13758069901,
13495407575,node,Przyjaciółka Przyjaciółki,"Zbigniewa Romaszewskiego 6, 01-892 Warszawa",Bielany,+48500100715,,Beauty salon; Nails;Eyebrow;Hair Removal,Unknown,,,52.2704674,20.9551365,OpenStreetMap / Overpass API,https://www.openstreetmap.org/node/13495407575,Mo-Fr 09:00-22:00; Sa 10:00-18:00; Su 09:00-17:00
1358700369,way,Rituals,,Bielany,,,Cosmetics,Unknown,,,52.2948842,20.9300461,OpenStreetMap / Overpass API,https://www.openstreetmap.org/way/1358700369,
13097828299,node,Romeo Barbershop,,Bielany,,,Hairdresser; Barber,Unknown,,,52.2826177,20.9723727,OpenStreetMap / Overpass API,https://www.openstreetmap.org/node/13097828299,
9819124679,node,Salon Beata,,Bielany,+48228355707,,Hairdresser,Unknown,,,52.2930036,20.9356116,OpenStreetMap / Overpass API,https://www.openstreetmap.org/node/9819124679,Mo-Fr 09:00-20:00; Sa 09:00-15:00
6195414493,node,Salon fryzjerski,"Klaudyny 26, 01-684 Warszawa",Bielany,+48663781825,,Hairdresser,Unknown,,,52.2828157,20.9733248,OpenStreetMap / Overpass API,https://www.openstreetmap.org/node/6195414493,Mo-Fr 08:00-19:00; Sa 08:00-14:00
4157215346,node,"Salon fryzjerski ""Monika""","Klaudyny 32, 01-684 Warszawa",Bielany,,,Hairdresser,Unknown,,,52.2841244,20.9746807,OpenStreetMap / Overpass API,https://www.openstreetmap.org/node/4157215346,
5327530929,node,Salon fryzjerski EWA,"Klaudyny 16, 01-684 Warszawa",Bielany,+48228321746,,Hairdresser,Unknown,,,52.2820738,20.9754148,OpenStreetMap / Overpass API,https://www.openstreetmap.org/node/5327530929,Mo-Fr 08:00-19:00; Sa 08:00-14:00
6495898900,node,Semilac,,Bielany,,,Cosmetics,Unknown,,,52.2954936,20.9316031,OpenStreetMap / Overpass API,https://www.openstreetmap.org/node/6495898900,
1358700402,way,Sephora,,Bielany,,,Cosmetics,Unknown,,,52.2937735,20.9295915,OpenStreetMap / Overpass API,https://www.openstreetmap.org/way/1358700402,
3181105936,node,Solarium,"Ogólna 9, Warszawa",Bielany,,,Beauty salon; Tanning,Unknown,,,52.2724417,20.9633046,OpenStreetMap / Overpass API,https://www.openstreetmap.org/node/3181105936,
12122026146,node,Stara mydlarnia,,Bielany,,,Cosmetics,Unknown,,,52.3237464,20.9013764,OpenStreetMap / Overpass API,https://www.openstreetmap.org/node/12122026146,
1358700487,way,Stara Mydlarnia,,Bielany,,,Cosmetics,Unknown,,,52.2950217,20.9305491,OpenStreetMap / Overpass API,https://www.openstreetmap.org/way/1358700487,
3163624507,node,Studio 56,Warszawa,Bielany,+48228346649,https://studio56.pl,Hairdresser,Unknown,,,52.2832352,20.9470336,OpenStreetMap / Overpass API,https://www.openstreetmap.org/node/3163624507,Mo-Fr 09:00-21:00; Sa 09:00-16:00
11079135633,node,Studio Agata,Władysława Broniewskiego 85,Bielany,,,Beauty salon; Hair;Tanning;Nails,Unknown,,,52.2712344,20.9452558,OpenStreetMap / Overpass API,https://www.openstreetmap.org/node/11079135633,Mo-Fr 09:00-20:00; Sa 09:00-15:00
10294753115,node,Studio fryzur,,Bielany,,,Hairdresser,Unknown,,,52.2826582,20.9750912,OpenStreetMap / Overpass API,https://www.openstreetmap.org/node/10294753115,
3283065661,node,Studio fryzur Beata,,Bielany,,,Hairdresser,Unknown,,,52.2802835,20.9450284,OpenStreetMap / Overpass API,https://www.openstreetmap.org/node/3283065661,
11023143188,node,Sławek,Władysława Broniewskiego 59A,Bielany,,,Hairdresser,Unknown,,,52.2687541,20.9509415,OpenStreetMap / Overpass API,https://www.openstreetmap.org/node/11023143188,Mo-Fr 08:00-20:00; Sa 09:00-14:00
1358700426,way,The Body Shop,,Bielany,,,Cosmetics,Unknown,,,52.295378,20.9312457,OpenStreetMap / Overpass API,https://www.openstreetmap.org/way/1358700426,
4911464982,node,to Be Perfect,"Sokratesa 13D,, 01-909 Warszawa",Bielany,,http://tobeperfect.pl,Beauty salon,Unknown,,,52.2859116,20.9288855,OpenStreetMap / Overpass API,https://www.openstreetmap.org/node/4911464982,
4001512107,node,U Kasi,"Aleja Zjednoczenia 48, 01-801 Warszawa",Bielany,,https://pl-pl.facebook.com/pages/Salon-Fryzjerski-U-Kasi/1480306785541341,Hairdresser,Unknown,,,52.282864,20.9536066,OpenStreetMap / Overpass API,https://www.openstreetmap.org/node/4001512107,Mo-Fr 09:00-18:00; Sa 08:00-14:00
12100420922,node,Varszavianka,,Bielany,,,Beauty salon,Unknown,,,52.2894174,20.9294,OpenStreetMap / Overpass API,https://www.openstreetmap.org/node/12100420922,Mo 08:00-20:00; Tu-Sa 08:00-19:00
1358700462,way,Yves Rocher,,Bielany,,,Beauty salon; Cosmetics,Unknown,,,52.2947275,20.9303699,OpenStreetMap / Overpass API,https://www.openstreetmap.org/way/1358700462,
6495898582,node,Ziaja,,Bielany,,,Cosmetics,Unknown,,,52.2946874,20.9303949,OpenStreetMap / Overpass API,https://www.openstreetmap.org/node/6495898582,
12122103997,node,Ziaja,,Bielany,,,Cosmetics,Unknown,,,52.3236819,20.9022285,OpenStreetMap / Overpass API,https://www.openstreetmap.org/node/12122103997,
10024809548,node,18,Puławska 29,Mokotów,,,Hairdresser; Barber,Unknown,,,52.20853,21.0220413,OpenStreetMap / Overpass API,https://www.openstreetmap.org/node/10024809548,
11183773840,node,4 Hands,Białej Floty 6,Mokotów,,,Beauty salon; Nails,Unknown,,,52.1964318,20.9840989,OpenStreetMap / Overpass API,https://www.openstreetmap.org/node/11183773840,09:00-21:00
13107664801,node,8 Place,Puławska 77,Mokotów,,,Beauty salon; Nails;Eyelash;Eyebrow,Unknown,,,52.2012323,21.0243694,OpenStreetMap / Overpass API,https://www.openstreetmap.org/node/13107664801,Mo-Fr 10:00-21:00; Sa-Su 10:00-19:00
13124848147,node,A-K,Wiktorska 18,Mokotów,,,Hairdresser,Unknown,,,52.2007789,21.0204274,OpenStreetMap / Overpass API,https://www.openstreetmap.org/node/13124848147,
11201837311,node,Academy of Barbers,"Cybernetyki 17, Warszawa",Mokotów,,,Hairdresser; Barber,Unknown,,,52.1768656,20.9909124,OpenStreetMap / Overpass API,https://www.openstreetmap.org/node/11201837311,
13589592376,node,Adavo,Aleja Wyścigowa 14,Mokotów,,,Beauty salon; Cosmetics;Hair;Massage;Nails,Unknown,,,52.1673456,21.0117192,OpenStreetMap / Overpass API,https://www.openstreetmap.org/node/13589592376,Mo-Fr 08:00-20:00; Sa 08:00-16:00
6925594148,node,Aestepool,Bukowińska 2,Mokotów,,,Beauty salon; Aesthetic,Unknown,,,52.1789492,21.0281774,OpenStreetMap / Overpass API,https://www.openstreetmap.org/node/6925594148,Mo-Fr 09:00-17:00
1576781905,node,Agata,Ludwika Narbutta 1A,Mokotów,,,Beauty salon; Cosmetics;Nails;Hair;Massage,Unknown,,,52.2071295,21.0213619,OpenStreetMap / Overpass API,https://www.openstreetmap.org/node/1576781905,Mo-Fr 09:00-19:00; Sa 09:00-13:00
4660944890,node,Agata,,Mokotów,,,Hairdresser,Unknown,,,52.1995257,21.0203838,OpenStreetMap / Overpass API,https://www.openstreetmap.org/node/4660944890,Mo-Fr 08:30-19:00; Sa 08:00-14:00
11093285048,node,AI Permanent Makeup School and Aesthetics Studio,"Postępu 12C, 02-676 Warszawa",Mokotów,,,Beauty salon; Makeup,Unknown,,,52.1771576,20.9971916,OpenStreetMap / Overpass API,https://www.openstreetmap.org/node/11093285048,
11800106572,node,Alga,Wróbla 2,Mokotów,,,Beauty salon; Cosmetics;Eyelash;Nails;Waxing,Unknown,,,52.1736867,21.0318764,OpenStreetMap / Overpass API,https://www.openstreetmap.org/node/11800106572,Mo-Fr 10:00-20:00; Sa 09:00-14:00
11151284484,node,Aloha Asian Massage,Cybernetyki 2,Mokotów,,,Massage,Unknown,,,52.1754985,20.9994841,OpenStreetMap / Overpass API,https://www.openstreetmap.org/node/11151284484,Mo-Fr 12:00-21:30; Sa-Su 11:00-21:30
11151284479,node,Aloha Nail & Beauty Bar,Cybernetyki 2,Mokotów,,,Beauty salon; Nails;Cosmetics;Massage,Unknown,,,52.1755113,20.9994133,OpenStreetMap / Overpass API,https://www.openstreetmap.org/node/11151284479,Mo-Fr 09:00-20:00; Sa 09:00-18:00
10761295255,node,Alpha Barberia,Racjonalizacji 3,Mokotów,,,Hairdresser,Unknown,,,52.18658,20.9925565,OpenStreetMap / Overpass API,https://www.openstreetmap.org/node/10761295255,
7824188612,node,Ambasada Zdrowia i Urody,"Ananasowa 29, 00-711 Warszawa",Mokotów,,https://www.facebook.com/AmbasadaZdrowiaIUrodyMokotow,Beauty salon,Unknown,,,52.2071311,21.0674514,OpenStreetMap / Overpass API,https://www.openstreetmap.org/node/7824188612,"Mo-Fr 11:00-19:00, Sa 10:00-14:00"
358617470,way,Amfora,,Mokotów,,,Beauty salon,Unknown,,,52.1886336,21.007138,OpenStreetMap / Overpass API,https://www.openstreetmap.org/way/358617470,Mo-Fr 09:00-20:00; Sa 09:00-15:00
11275743447,node,Anagenna,"Starościńska 10/12, 02-516 Warszawa",Mokotów,,https://anagenna.pl,Hairdresser,Unknown,,,52.2086462,21.017347,OpenStreetMap / Overpass API,https://www.openstreetmap.org/node/11275743447,
4097919462,node,Anclara,"Puławska 136, 02-624 Warszawa",Mokotów,,,Beauty salon; Aesthetic,Unknown,,,52.1913212,21.0238566,OpenStreetMap / Overpass API,https://www.openstreetmap.org/node/4097919462,Mo-Fr 09:00-20:00; Sa 10:00-16:00
10768117648,node,Anglez,Jana III Sobieskiego 60,Mokotów,+48228424512,http://salonanglez.pl,Hairdresser,Unknown,,,52.182671,21.0555788,OpenStreetMap / Overpass API,https://www.openstreetmap.org/node/10768117648,Mo-Fr 08:00-21:00; Sa 08:00-17:00
12266016412,node,Anigo,Jurija Gagarina 35,Mokotów,,,Beauty salon; Nails,Unknown,,,52.2068152,21.0327902,OpenStreetMap / Overpass API,https://www.openstreetmap.org/node/12266016412,"Mo-Fr 10:00-19:00 "" czasem od 9 lub do 20"""
11132432746,node,Anna Beauty Center,Puławska 53,Mokotów,,,Beauty salon; Nails;Eyelash;Cosmetics,Unknown,,,52.2047357,21.0234808,OpenStreetMap / Overpass API,https://www.openstreetmap.org/node/11132432746,
13827744451,node,Ansty Lashes & Beauty Bar,"Rakowiecka 39, 02-521 Warszawa",Mokotów,+48576212980,https://ansty.pl,Beauty salon; Eyelash;Eyebrow,Unknown,,,52.207513,21.0086796,OpenStreetMap / Overpass API,https://www.openstreetmap.org/node/13827744451,09:00-21:00
3921976257,node,Anvar,Aleja Niepodległości 124,Mokotów,,,Barber,Unknown,,,52.2032755,21.0105344,OpenStreetMap / Overpass API,https://www.openstreetmap.org/node/3921976257,
10239345703,node,Art Shape,"Puławska 246, 02-684",Mokotów,,,Hairdresser,Unknown,,,52.1721568,21.0186087,OpenStreetMap / Overpass API,https://www.openstreetmap.org/node/10239345703,
11482377127,node,Artur Leus,,Mokotów,+48660719044,,Massage,Unknown,,,52.2070598,21.0658291,OpenStreetMap / Overpass API,https://www.openstreetmap.org/node/11482377127,
9881528753,node,Aster Hair Salon,Antoniego Józefa Madalińskiego 49/51,Mokotów,,,Hairdresser,Unknown,,,52.2035881,21.0127928,OpenStreetMap / Overpass API,https://www.openstreetmap.org/node/9881528753,Mo-Fr 10:00-19:00; Sa 10:00-15:00
10771556695,node,Atelier Tsukanovich,Chocimska 11,Mokotów,,,Beauty salon; Cosmetics;Hair;Massage,Unknown,,,52.2090726,21.0234181,OpenStreetMap / Overpass API,https://www.openstreetmap.org/node/10771556695,Mo-Fr 09:00-20:00; Sa 09:00-16:00
10559752195,node,Aura,Domaniewska 22A,Mokotów,,,Hairdresser; Cosmetics,Unknown,,,52.1841045,21.0161421,OpenStreetMap / Overpass API,https://www.openstreetmap.org/node/10559752195,Mo-Fr 10:00-20:00
11419834980,node,Aura Spokoju,"Aleja Wilanowska 89/U1, 02-765 Warszawa",Mokotów,+48519608519,https://auraspokoju.pl,Massage,Unknown,,,52.1727998,21.0521456,OpenStreetMap / Overpass API,https://www.openstreetmap.org/node/11419834980,Mo-Su 10:00-22:00
12803837334,node,Ayu,Jana Pawła Woronicza 33B,Mokotów,,,Massage,Unknown,,,52.1886409,20.9901491,OpenStreetMap / Overpass API,https://www.openstreetmap.org/node/12803837334,12:00-22:00
10295242963,node,B&R,Cieszyńska 6,Mokotów,,,Hairdresser,Unknown,,,52.1830828,21.0271512,OpenStreetMap / Overpass API,https://www.openstreetmap.org/node/10295242963,Mo-Fr 09:00-20:00; Sa 09:00-15:00
12551360829,node,B4U,Domaniewska 22A,Mokotów,,,Beauty salon; Aesthetic,Unknown,,,52.1837648,21.0150489,OpenStreetMap / Overpass API,https://www.openstreetmap.org/node/12551360829,Mo-Fr 10:00-22:00; Sa 10:00-16:00
12558700995,node,Baba z Brzytwą,,Mokotów,+48577830777,,Hairdresser; Barber,Unknown,,,52.2048153,21.0660524,OpenStreetMap / Overpass API,https://www.openstreetmap.org/node/12558700995,Mo 10:00-20:00; Tu-Fr 09:00-21:00; Sa 10:00-16:00
13699108507,node,Babalab,Postępu 27,Mokotów,,,Beauty salon; Hair Removal,Unknown,,,52.1849501,20.9972405,OpenStreetMap / Overpass API,https://www.openstreetmap.org/node/13699108507,
12117205406,node,Baby Cream Nails,Aleja Niepodległości 132/136,Mokotów,,,Beauty salon; Nails,Unknown,,,52.2048722,21.0104323,OpenStreetMap / Overpass API,https://www.openstreetmap.org/node/12117205406,
10538289150,node,Bad Hair Day?,"Przejazd 4/U6, 02-654 Warszawa",Mokotów,+48664001202,,Hairdresser,Unknown,,,52.1928388,20.9879765,OpenStreetMap / Overpass API,https://www.openstreetmap.org/node/10538289150,Mo-Fr 10:00-20:00; Sa 10:00-16:00; Su off
1353994157,way,BaGua,,Mokotów,,,Beauty salon,Unknown,,,52.1738885,21.052061,OpenStreetMap / Overpass API,https://www.openstreetmap.org/way/1353994157,Mo 12:00-20:00; Tu-Fr 10:00-20:00; Sa 10:00-18:00
1437948188,node,Baku City,,Mokotów,+48727727202,,Hairdresser; Barber,Unknown,,,52.1993482,21.0234264,OpenStreetMap / Overpass API,https://www.openstreetmap.org/node/1437948188,Mo-Sa 09:00-21:00; Su 10:00-19:00
9962748257,node,Baku City,Białej Floty 4,Mokotów,,,Hairdresser,Unknown,,,52.1954996,20.9837754,OpenStreetMap / Overpass API,https://www.openstreetmap.org/node/9962748257,Mo-Sa 09:00-21:00; Su 10:00-19:00
6067179113,node,Barber Fryzjer Męski Piotr Gębski,"Batalionu AK „Bałtyk” 5, 00-713 Warszawa",Mokotów,,https://www.facebook.com/piotrgebskibarber,Hairdresser; Barber,Unknown,,,52.2067627,21.0644142,OpenStreetMap / Overpass API,https://www.openstreetmap.org/node/6067179113,"Mo-We 09:00-18:00; Th,Fr 09:00-19:00; Sa 09:00-14:00"
13372722049,node,Barbers Lab,,Mokotów,,,Hairdresser; Barber,Unknown,,,52.1810822,21.0010426,OpenStreetMap / Overpass API,https://www.openstreetmap.org/node/13372722049,
6067179111,node,Be Glow Pracownia Urody,"Batalionu AK „Bałtyk” 7, 00-713 Warszawa",Mokotów,+48515612171,https://www.facebook.com/beglow.pracowniaurody,Beauty salon,Unknown,,,52.2075949,21.065743,OpenStreetMap / Overpass API,https://www.openstreetmap.org/node/6067179111,Mo-Fr 10:00-20:00; Sa 09:00-14:00
11201851783,node,Be Muse,Cybernetyki 13,Mokotów,,,Beauty salon; Nails;Eyelash;Eyebrow;Massage,Unknown,,,52.1762081,20.9938942,OpenStreetMap / Overpass API,https://www.openstreetmap.org/node/11201851783,
1497165153,node,Beata,Wincentego Rzymowskiego,Mokotów,,,Hairdresser,Unknown,,,52.1759734,21.0030723,OpenStreetMap / Overpass API,https://www.openstreetmap.org/node/1497165153,
12346039283,node,Beata,Domaniewska 22A,Mokotów,,,Beauty salon,Unknown,,,52.1841972,21.015977,OpenStreetMap / Overpass API,https://www.openstreetmap.org/node/12346039283,Mo-Fr 09:00-20:00; Sa 09:00-14:00
12112199612,node,Beauty Boss,"Postępu 12C, Warszawa",Mokotów,,,Beauty salon,Unknown,,,52.1771383,20.9972554,OpenStreetMap / Overpass API,https://www.openstreetmap.org/node/12112199612,08:00-21:00
13590414401,node,Beauty Boss,Obrzeżna 1A,Mokotów,,,Beauty salon; Nails;Eyelash;Eyebrow;Cosmetics,Unknown,,,52.1704225,20.9954398,OpenStreetMap / Overpass API,https://www.openstreetmap.org/node/13590414401,08:00-21:00
10771556692,node,Beauty Co,Chocimska 18,Mokotów,,,Beauty salon,Unknown,,,52.2096835,21.0235186,OpenStreetMap / Overpass API,https://www.openstreetmap.org/node/10771556692,Mo-Fr 09:00-21:00; Sa-Su 10:00-20:00
12346027453,node,Beauty Co,"Mariana Zdziechowskiego 7, Warszawa",Mokotów,,,Beauty salon,Unknown,,,52.184503,21.0108409,OpenStreetMap / Overpass API,https://www.openstreetmap.org/node/12346027453,
4042123346,node,Beauty Derm,Domaniewska 22A,Mokotów,+48228434040,https://www.beauty-derm.pl,Aesthetic;Skin Care;Spa,Unknown,,,52.1837436,21.0160569,OpenStreetMap / Overpass API,https://www.openstreetmap.org/node/4042123346,Mo-We; Fr 14:00-20:00; Th 10:00-16:00
13590414402,node,Beauty For Everyone,Obrzeżna 1A,Mokotów,,,Beauty salon; Hair Removal;Laser Hair Removal;Cosmetics;Skin Care;Aesthetic,Unknown,,,52.1704537,20.995309,OpenStreetMap / Overpass API,https://www.openstreetmap.org/node/13590414402,Mo-Sa 09:00-21:00; Su off
12542224002,node,Beauty House,Łowicka 23,Mokotów,,,Beauty salon,Unknown,,,52.2010349,21.0054517,OpenStreetMap / Overpass API,https://www.openstreetmap.org/node/12542224002,Mo-Fr 10:00-20:00; Sa 09:00-17:00
9902784331,node,Beauty Maker,"Jana Pawła Woronicza 33C, 02-640 Warszawa",Mokotów,+48517521590,,Beauty salon; Nails;Waxing;Cosmetics;Eyebrow,Unknown,,,52.1886067,20.9910714,OpenStreetMap / Overpass API,https://www.openstreetmap.org/node/9902784331,Mo-Fr 10:00-20:00; Sa 10:00-15:00
11093341671,node,Bella,Puławska 156,Mokotów,,,Hairdresser,Unknown,,,52.1864561,21.0243019,OpenStreetMap / Overpass API,https://www.openstreetmap.org/node/11093341671,
11132235214,node,Belle,Bukowińska 26C,Mokotów,,,Beauty salon; Spa;Nails,Unknown,,,52.1841359,21.0253768,OpenStreetMap / Overpass API,https://www.openstreetmap.org/node/11132235214,Mo-Fr 10:00-21:00; Sa 10:00-16:00
11037750201,node,Bez Stresu,Karwińska 44,Mokotów,,,Beauty salon; Spa;Massage,Unknown,,,52.1948253,21.0010323,OpenStreetMap / Overpass API,https://www.openstreetmap.org/node/11037750201,09:00-21:00
8019268270,node,Bizarre,Jarosława Dąbrowskiego 81,Mokotów,+48664466737,https://www.bizarrehv.eu,Hairdresser,Unknown,,,52.1990575,21.0032027,OpenStreetMap / Overpass API,https://www.openstreetmap.org/node/8019268270,Mo-Fr 08:00-21:00; Sa 08:45-15:00
12803837616,node,Black Bear Barbershop,J.R.R. Tolkiena 1,Mokotów,,,Hairdresser; Barber,Unknown,,,52.1873838,20.9887057,OpenStreetMap / Overpass API,https://www.openstreetmap.org/node/12803837616,Mo-Sa 09:00-21:00
11822751622,node,Blissful Massage,"Puławska 107C, 02-511 Warszawa",Mokotów,+48666997724,https://blissfulmassagewarsaw.com,Massage,Unknown,,,52.1941505,21.0250805,OpenStreetMap / Overpass API,https://www.openstreetmap.org/node/11822751622,Mo-Su 11:00-05:00
12697475144,node,Blissful Massage Mokotow,"Belgijska 12, 00-781 Warszawa",Mokotów,+48518196569,https://blissfulmassagewarsaw.com,Massage,Unknown,,,52.2027278,21.0245349,OpenStreetMap / Overpass API,https://www.openstreetmap.org/node/12697475144,Mo-Su 11:00-06:00
13658878048,node,Blissful Massage Mokótow,"Wołodyjowskiego 45, 02-724 Warszawa",Mokotów,+48881264305,https://blissfulmassagewarsaw.com,Massage,Unknown,,,52.1748346,21.0219228,OpenStreetMap / Overpass API,https://www.openstreetmap.org/node/13658878048,Mo-Su 11:00-05:00
9902766565,node,Bloom Room,"Jana Pawła Woronicza 33B, 02-640 Warszawa",Mokotów,+48882421443,http://bloomroom.pl,Beauty salon; Nails,Unknown,,,52.1886394,20.9900395,OpenStreetMap / Overpass API,https://www.openstreetmap.org/node/9902766565,Mo-Fr 09:00-20:00; Sa 09:00-15:00
4958815757,node,Blue Pink,"Bukowińska 8, Warszawa",Mokotów,,https://booksy.com/pl-pl/103913_blue-pink-bukowinska-8_fryzjer_3_warszawa,Hairdresser,Unknown,,,52.1796148,21.0278238,OpenStreetMap / Overpass API,https://www.openstreetmap.org/node/4958815757,Mo-Fr 09:00-21:00; Sa 08:00-15:00
10763322462,node,Body Bar,,Mokotów,,,Beauty salon,Unknown,,,52.1859075,21.0030059,OpenStreetMap / Overpass API,https://www.openstreetmap.org/node/10763322462,Mo-Fr 08:00-21:00; Sa 09:00-18:00
12346027446,node,Bomón,"Mariana Zdziechowskiego 3, Warszawa",Mokotów,,,Beauty salon; Nails;Hair;Massage;Eyebrow;Hair Removal,Unknown,,,52.1845645,21.0133355,OpenStreetMap / Overpass API,https://www.openstreetmap.org/node/12346027446,Mo-Sa 10:00-20:00; Su 10:00-18:00
4899646362,node,Bujna Czupryna,"Aleja Niepodległości 76/78, 02-626 Warszawa",Mokotów,+48888201701,,Hairdresser,Unknown,,,52.1956073,21.0144149,OpenStreetMap / Overpass API,https://www.openstreetmap.org/node/4899646362,Mo-Fr 09:00-20:00; Sa 09:00-14:00
12916971242,node,Cagiel Beauty,,Mokotów,,,Hairdresser,Unknown,,,52.1848867,21.0115906,OpenStreetMap / Overpass API,https://www.openstreetmap.org/node/12916971242,
9983766596,node,CeCe,Bolesława Limanowskiego 11,Mokotów,,,Beauty salon,Unknown,,,52.1901195,21.0606007,OpenStreetMap / Overpass API,https://www.openstreetmap.org/node/9983766596,Mo-Fr 09:00-21:00; Sa 09:00-17:00
12478667871,node,Celebrytka,Podchorążych 39A,Mokotów,,,Beauty salon,Unknown,,,52.209621,21.0436112,OpenStreetMap / Overpass API,https://www.openstreetmap.org/node/12478667871,Mo-Sa 09:00-19:00
3449331419,node,Centrum Masażu i Refleksologii,"Kazimierzowska 69, Warszawa",Mokotów,,,Massage,Unknown,,,52.2064135,21.013183,OpenStreetMap / Overpass API,https://www.openstreetmap.org/node/3449331419,
9881528755,node,Cheeky Point,Antoniego Józefa Madalińskiego 57,Mokotów,,,Beauty salon; Nails,Unknown,,,52.2032702,21.0112257,OpenStreetMap / Overpass API,https://www.openstreetmap.org/node/9881528755,Mo-Fr 10:00-21:00; Sa-Su 11:00-20:00
12478667880,node,Clarins,Podchorążych 83,Mokotów,,,Beauty salon,Unknown,,,52.2080149,21.0356225,OpenStreetMap / Overpass API,https://www.openstreetmap.org/node/12478667880,Mo-Fr 09:00-21:00; Sa 09:00-17:00
11202213526,node,Corker,Rakowiecka 34,Mokotów,,,Hairdresser,Unknown,,,52.2068648,21.0019509,OpenStreetMap / Overpass API,https://www.openstreetmap.org/node/11202213526,
12277088501,node,Corner,,Mokotów,,,Hairdresser,Unknown,,,52.1862892,21.004596,OpenStreetMap / Overpass API,https://www.openstreetmap.org/node/12277088501,
12038457848,node,Cosibella,,Mokotów,,https://cosibella.pl,Beauty salon; Skin Care;Cosmetics,Unknown,,,52.189534,21.0186808,OpenStreetMap / Overpass API,https://www.openstreetmap.org/node/12038457848,Mo-Fr 09:00-21:00; Sa 10:00-18:00
11183757936,node,CrioLife,Białej Floty 8,Mokotów,,,Beauty salon; Aesthetic,Unknown,,,52.1970731,20.9842812,OpenStreetMap / Overpass API,https://www.openstreetmap.org/node/11183757936,
12046473046,node,Cutmakers,Sandomierska 23,Mokotów,,,Hairdresser,Unknown,,,52.2091792,21.0181409,OpenStreetMap / Overpass API,https://www.openstreetmap.org/node/12046473046,
11135921935,node,Cyrulik,Postępu 10,Mokotów,,,Hairdresser,Unknown,,,52.1756396,20.9954214,OpenStreetMap / Overpass API,https://www.openstreetmap.org/node/11135921935,Mo 10:00-21:00; Tu-Fr 09:00-21:00; Sa 09:00-15:00
13721401539,node,Czarnacka Akademia Piękna,,Mokotów,,,Beauty salon,Unknown,,,52.2068428,21.0623846,OpenStreetMap / Overpass API,https://www.openstreetmap.org/node/13721401539,
10024718827,node,CZF,Puławska 10,Mokotów,,,Hairdresser,Unknown,,,52.2094516,21.0209171,OpenStreetMap / Overpass API,https://www.openstreetmap.org/node/10024718827,Mo-Fr 08:00-19:00; Sa 08:00-15:00
11851033685,node,D'zai,,Mokotów,,,Beauty salon; Nails;Cosmetics;Eyelash,Unknown,,,52.1725255,21.019236,OpenStreetMap / Overpass API,https://www.openstreetmap.org/node/11851033685,
11132432748,node,Daniel Górka,Puławska 51,Mokotów,,,Hairdresser; Barber,Unknown,,,52.2048787,21.023295,OpenStreetMap / Overpass API,https://www.openstreetmap.org/node/11132432748,
12551251378,node,Dark Bliss,Domaniewska 39A,Mokotów,,,Beauty salon; Nails,Unknown,,,52.1825374,21.00447,OpenStreetMap / Overpass API,https://www.openstreetmap.org/node/12551251378,
8659167973,node,DB Hair Salon Dawid Bensz,,Mokotów,+48570707017,https://www.dbhair.pl,Hairdresser,Unknown,,,52.2081325,21.0671552,OpenStreetMap / Overpass API,https://www.openstreetmap.org/node/8659167973,"Mo-Fr 10:00-20:00, Sa 09:00-15:00"
12551158690,node,Deivid,Bełdan 2,Mokotów,,,Hairdresser,Unknown,,,52.1717052,21.0107637,OpenStreetMap / Overpass API,https://www.openstreetmap.org/node/12551158690,Mo-Fr 09:00-18:00; Sa 08:00-14:00
3227208232,node,Diadem,,Mokotów,,,Hairdresser,Unknown,,,52.1848826,21.0438685,OpenStreetMap / Overpass API,https://www.openstreetmap.org/node/3227208232,
8199712830,node,DIN GIOR Bartycka BarberShop,00-716,Mokotów,+48661466671,,Hairdresser,Unknown,,,52.2125894,21.0664335,OpenStreetMap / Overpass API,https://www.openstreetmap.org/node/8199712830,Mo-Sa 09:00-19:00
1116626654,way,Dior,,Mokotów,,https://pl.westfield.com/mokotow/store/Dior/69605,Cosmetics,Unknown,,,52.1798526,21.0031846,OpenStreetMap / Overpass API,https://www.openstreetmap.org/way/1116626654,Mo-Sa 10:00-22:00
2765936574,node,Dobry Fryzjer,"Aleja Niepodległości 150, Warszawa",Mokotów,,,Hairdresser,Unknown,,,52.206476,21.0090129,OpenStreetMap / Overpass API,https://www.openstreetmap.org/node/2765936574,Mo-Fr 08:00-20:00
8960001113,node,Dominika Kuryłek Kosmetologia Holistyczna,"Batalionu AK „Bałtyk” 7, 00-713 Warszawa",Mokotów,+48519801805,,Beauty salon,Unknown,,,52.2074801,21.0655536,OpenStreetMap / Overpass API,https://www.openstreetmap.org/node/8960001113,
11201837313,node,Don Capelli,"Cybernetyki 17, Warszawa",Mokotów,,,Hairdresser; Barber,Unknown,,,52.1767789,20.9912983,OpenStreetMap / Overpass API,https://www.openstreetmap.org/node/11201837313,
3572935393,node,Dotyk Orientu,"Biały Kamień 1, Warszawa",Mokotów,,,Massage,Unknown,,,52.205121,20.9953539,OpenStreetMap / Overpass API,https://www.openstreetmap.org/node/3572935393,Mo-Fr 08:00-22:00; Sa-Su 09:00-21:00
10039070166,node,Dusha Beauty Bar,"Ananasowa 33, 00-711 Warszawa",Mokotów,,,Beauty salon,Unknown,,,52.2089405,21.0669329,OpenStreetMap / Overpass API,https://www.openstreetmap.org/node/10039070166,
12266016408,node,Dywizjon,Jurija Gagarina 33,Mokotów,,,Hairdresser,Unknown,,,52.2067788,21.0334779,OpenStreetMap / Overpass API,https://www.openstreetmap.org/node/12266016408,Mo 11:00-21:00; Tu-Fr 10:00-21:00; Sa 10:00-18:00; Su 12:00-18:00
1500582225,node,Dzisiaj,"Górska 17, 00-740 Warszawa",Mokotów,+48792400491,,Hairdresser,Unknown,,,52.2043861,21.036309,OpenStreetMap / Overpass API,https://www.openstreetmap.org/node/1500582225,
6816071559,node,Effectownia,"Ludwika Narbutta 83, 02-524 Warszawa",Mokotów,+48223702457,https://effectownia.pl,Hairdresser,Unknown,,,52.2033146,21.0043457,OpenStreetMap / Overpass API,https://www.openstreetmap.org/node/6816071559,Mo-Fr 09:00-21:00; Sa 09:00-17:00
10761295277,node,Eko,J.R.R. Tolkiena 1,Mokotów,,,Hairdresser,Unknown,,,52.1875223,20.9887015,OpenStreetMap / Overpass API,https://www.openstreetmap.org/node/10761295277,Mo-Fr 10:00-20:00; Sa 09:00-14:00
4181059476,node,Ella,"Bernardyńska 7, 02-904 Warszawa",Mokotów,,,Hairdresser,Unknown,,,52.192773,21.0673998,OpenStreetMap / Overpass API,https://www.openstreetmap.org/node/4181059476,
11132320002,node,Emily,Puławska 73/75,Mokotów,,,Beauty salon; Nails;Eyebrow;Cosmetics,Unknown,,,52.2012537,21.0239424,OpenStreetMap / Overpass API,https://www.openstreetmap.org/node/11132320002,Mo-Fr 09:00-20:00; Sa 09:00-18:00; Su 10:00-17:00
12346039282,node,Empire,Domaniewska 22A/8U,Mokotów,+48570801155,https://booksy.com/pl-pl/dl/show-business/200019,Hairdresser,Unknown,,,52.1841647,21.0161398,OpenStreetMap / Overpass API,https://www.openstreetmap.org/node/12346039282,Mo-Fr 08:00-20:00; Sa 10:00-17:00
6067179115,node,Esteclinic,"Batalionu AK „Bałtyk” 5, 00-713 Warszawa",Mokotów,+48732188353,https://www.facebook.com/estecliniccosmetologylashes,Beauty salon,Unknown,,,52.2067256,21.0643484,OpenStreetMap / Overpass API,https://www.openstreetmap.org/node/6067179115,Mo-Fr 10:30-20:00
12029694535,node,Esthetic Room,Wielicka 36,Mokotów,,,Beauty salon; Nails;Skin Care;Hair Removal;Cosmetics;Hair,Unknown,,,52.1851223,21.0218758,OpenStreetMap / Overpass API,https://www.openstreetmap.org/node/12029694535,
12388020762,node,Etno,Jana Karola Chodkiewicza 3,Mokotów,,,Beauty salon; Nails;Eyelash;Cosmetics,Unknown,,,52.2024627,20.9949661,OpenStreetMap / Overpass API,https://www.openstreetmap.org/node/12388020762,Mo-Fr 08:00-21:00; Sa 08:00-16:00
5033160398,node,Euforia,Dolna 11,Mokotów,,,Hairdresser,Unknown,,,52.2008427,21.0313862,OpenStreetMap / Overpass API,https://www.openstreetmap.org/node/5033160398,
13534496026,node,Euforia Beauty Salon,,Mokotów,,,Beauty salon,Unknown,,,52.2043946,21.065666,OpenStreetMap / Overpass API,https://www.openstreetmap.org/node/13534496026,
1217538044,node,Eva,Puławska 87/89,Mokotów,,,Hairdresser,Unknown,,,52.2004304,21.0240786,OpenStreetMap / Overpass API,https://www.openstreetmap.org/node/1217538044,Mo-Fr 09:00-19:00
4813912395,node,Evaneo Studio,,Mokotów,+48791447790,,Beauty salon; Nails,Unknown,,,52.1874924,21.0039843,OpenStreetMap / Overpass API,https://www.openstreetmap.org/node/4813912395,Mo-Sa 09:00-21:00
10656519629,node,Exclusive,"Jana III Sobieskiego 112, 00-764 Warszawa",Mokotów,+48228402361,https://salon-exclusive.pl,Hairdresser,Unknown,,,52.2010051,21.0369048,OpenStreetMap / Overpass API,https://www.openstreetmap.org/node/10656519629,Mo-Fr 09:00-21:00; Sa 08:00-16:00; Su off
11093341674,node,Expert For You,Puławska 154,Mokotów,,,Hairdresser,Unknown,,,52.1867434,21.0243681,OpenStreetMap / Overpass API,https://www.openstreetmap.org/node/11093341674,Mo-Fr 09:00-20:00; Sa-Su 09:00-16:00
11202038432,node,Eyebar,Postępu 14,Mokotów,,,Beauty salon; Eyebrow;Eyelash,Unknown,,,52.178714,20.9982853,OpenStreetMap / Overpass API,https://www.openstreetmap.org/node/11202038432,Mo-Fr 08:00-21:00; Sa 09:00-19:00
11037750204,node,Fado,,Mokotów,,,Beauty salon; Tanning;Nails;Skin Care;Cosmetics;Hair,Unknown,,,52.190558,21.0013242,OpenStreetMap / Overpass API,https://www.openstreetmap.org/node/11037750204,
7004832000,node,Farben,,Mokotów,+48500232744,https://warszawa.farben.pl,Beauty salon,Unknown,,,52.1728649,21.0523703,OpenStreetMap / Overpass API,https://www.openstreetmap.org/node/7004832000,Mo-Fr 09:00-20:00
12388037071,node,Femmed,Jana Karola Chodkiewicza 7,Mokotów,,,Beauty salon,Unknown,,,52.2033679,20.9955917,OpenStreetMap / Overpass API,https://www.openstreetmap.org/node/12388037071,Mo-Fr 09:00-21:00; Sa 09:00-16:00
11612692930,node,Fenomen,"Zygmunta Modzelewskiego 15, 02-679 Warszawa",Mokotów,+48505284633,,Hairdresser,Unknown,,,52.1727063,21.0112114,OpenStreetMap / Overpass API,https://www.openstreetmap.org/node/11612692930,Mo-Sa 10:00-21:00; Su off
9745059506,node,Firuz,"Aleja Niepodległości 154, Warszawa",Mokotów,,,Hairdresser; Barber,Unknown,,,52.2067087,21.0089144,OpenStreetMap / Overpass API,https://www.openstreetmap.org/node/9745059506,
12388033995,node,Fiu Fiu,Jana Karola Chodkiewicza 8,Mokotów,,,Beauty salon; Nails,Unknown,,,52.203491,20.9968219,OpenStreetMap / Overpass API,https://www.openstreetmap.org/node/12388033995,
11584272446,node,Flamingo,Puławska 233,Mokotów,,,Beauty salon; Nails,Unknown,,,52.1752783,21.021427,OpenStreetMap / Overpass API,https://www.openstreetmap.org/node/11584272446,
12912991487,node,Follow Me,"Wynalazek 3B, Warszawa",Mokotów,,,Beauty salon; Nails;Cosmetics;Hair;Eyelash;Eyebrow,Unknown,,,52.179097,20.9932212,OpenStreetMap / Overpass API,https://www.openstreetmap.org/node/12912991487,
12368735149,node,For You,,Mokotów,+48796004735,,Cosmetics,Unknown,,,52.1792723,21.0135137,OpenStreetMap / Overpass API,https://www.openstreetmap.org/node/12368735149,Mo-Fr 10:00-17:30; Sa 10:15-14:30
10916126211,node,Fox Studio,Puławska 11,Mokotów,,,Beauty salon; Nails;Eyelash,Unknown,,,52.2111598,21.021266,OpenStreetMap / Overpass API,https://www.openstreetmap.org/node/10916126211,
3572586945,node,Freestyle,"Jana Karola Chodkiewicza 3, 02-593 Warszawa",Mokotów,+48228982384,https://www.facebook.com/freestylewarszawa,Hairdresser,Unknown,,,52.2023802,20.9954892,OpenStreetMap / Overpass API,https://www.openstreetmap.org/node/3572586945,Mo-Fr 10:00-22:00; Sa 09:00-18:00
4318366274,node,Fryzjer,"Baboszewska 1, Warszawa",Mokotów,,,Hairdresser,Unknown,,,52.1925006,21.0033491,OpenStreetMap / Overpass API,https://www.openstreetmap.org/node/4318366274,Mo-Fr 09:00-19:00; Sa 09:00-14:00
4318551797,node,Fryzjer,"Baboszewska 1, 02-647 Warszawa",Mokotów,,,Hairdresser,Unknown,,,52.1925852,21.0028424,OpenStreetMap / Overpass API,https://www.openstreetmap.org/node/4318551797,
12158212847,node,Fryzjer & Brodziarz,Puławska 11,Mokotów,,,Hairdresser,Unknown,,,52.2116124,21.0212358,OpenStreetMap / Overpass API,https://www.openstreetmap.org/node/12158212847,
1503083511,node,Fryzjer Damsko-Męski,,Mokotów,,,Hairdresser,Unknown,,,52.2056505,21.0523233,OpenStreetMap / Overpass API,https://www.openstreetmap.org/node/1503083511,
2876211879,node,"Fryzjer Damsko-Męski ""Bogdan""",,Mokotów,,,Hairdresser,Unknown,,,52.196274,21.0027084,OpenStreetMap / Overpass API,https://www.openstreetmap.org/node/2876211879,Mo-Fr 09:00-18:30; Sa 09:00-14:00
10822331407,node,Fryzjer Moko,"Aleja Niepodległości 153/155, Warszawa",Mokotów,+48228295868,,Hairdresser,Unknown,,,52.2057252,21.0086058,OpenStreetMap / Overpass API,https://www.openstreetmap.org/node/10822331407,"Mo,We,Fr 11:00-20:00; Tu,Th 13:00-20:00; Sa 11:00-19:00"
9023266857,node,Fryzjerzy Warszawa,,Mokotów,,,Hairdresser,Unknown,,,52.1715307,20.9982946,OpenStreetMap / Overpass API,https://www.openstreetmap.org/node/9023266857,
12021029690,node,g-cut barbershop,"Postępu 12C, Warszawa",Mokotów,,,Hairdresser,Unknown,,,52.1772206,20.9969454,OpenStreetMap / Overpass API,https://www.openstreetmap.org/node/12021029690,Mo-Sa 10:00-20:00; Su 10:00-18:00
13009476386,node,Gentlemen,Jana III Sobieskiego 45,Mokotów,,,Hairdresser; Barber,Unknown,,,52.1886633,21.0475705,OpenStreetMap / Overpass API,https://www.openstreetmap.org/node/13009476386,Mo-Fr 08:00-21:00; Sa 08:00-16:00
2869510605,node,Glam,"Bukietowa 7, Warszawa",Mokotów,,,Beauty salon,Unknown,,,52.1903443,21.0121681,OpenStreetMap / Overpass API,https://www.openstreetmap.org/node/2869510605,Tu-Fr 10:00-20:00; Sa 11:00-17:00
4421978395,node,Glam Up!,"Aleja Niepodległości 46/50E, 02-626",Mokotów,,https://www.facebook.com/studiourodyglamup,Beauty salon,Unknown,,,52.1899976,21.0176349,OpenStreetMap / Overpass API,https://www.openstreetmap.org/node/4421978395,
11132319996,node,Gloow,Puławska 83,Mokotów,,,Beauty salon; Nails;Eyelash;Cosmetics,Unknown,,,52.2007889,21.0240201,OpenStreetMap / Overpass API,https://www.openstreetmap.org/node/11132319996,Mo-Sa 09:00-20:00; Su 09:00-18:00
11800043968,node,GoodLook,Łukowa 9,Mokotów,,,Beauty salon,Unknown,,,52.1750162,21.0420623,OpenStreetMap / Overpass API,https://www.openstreetmap.org/node/11800043968,
10031434202,node,Hair By Paris,,Mokotów,,,Hairdresser; Nails;Hair,Unknown,,,52.1993405,21.023338,OpenStreetMap / Overpass API,https://www.openstreetmap.org/node/10031434202,Mo-Fr 09:00-20:00; Sa 10:00-16:00
13534496025,node,Hair Colorist Studio,,Mokotów,,,Hairdresser,Unknown,,,52.2047375,21.0662822,OpenStreetMap / Overpass API,https://www.openstreetmap.org/node/13534496025,
12346027445,node,Hair Innovo,"Mariana Zdziechowskiego 3, Warszawa",Mokotów,,,Beauty salon; Hair,Unknown,,,52.1843794,21.0137571,OpenStreetMap / Overpass API,https://www.openstreetmap.org/node/12346027445,
11093322405,node,Hair Spa,Bukowińska 24A,Mokotów,,,Hairdresser,Unknown,,,52.1820802,21.0261487,OpenStreetMap / Overpass API,https://www.openstreetmap.org/node/11093322405,"""po rezerwacji telefonicznej"""
9598226758,node,Hair-à-Porter,,Mokotów,,,Hairdresser,Unknown,,,52.2071192,21.0524352,OpenStreetMap / Overpass API,https://www.openstreetmap.org/node/9598226758,
7295065585,node,Haircut Express,Jana III Sobieskiego 43,Mokotów,+48221221551,https://haircutexpress.eu,Hairdresser,Unknown,,,52.1879757,21.048706,OpenStreetMap / Overpass API,https://www.openstreetmap.org/node/7295065585,Mo-Sa 09:00-21:00; Su 10:00-19:00
8710146298,node,Haircut Express,Bukowińska 12,Mokotów,+48733362340,https://haircutexpress.eu,Hairdresser,Unknown,,,52.1802581,21.02691,OpenStreetMap / Overpass API,https://www.openstreetmap.org/node/8710146298,Mo-Sa 09:00-21:00; Su 10:00-19:00
9560584772,node,Haircut Express,"Cybernetyki 15, Warszawa",Mokotów,,https://haircutexpress.eu,Hairdresser,Unknown,,,52.1764783,20.99255,OpenStreetMap / Overpass API,https://www.openstreetmap.org/node/9560584772,Mo-Sa 09:00-21:00; Su 10:00-19:00
10203811789,node,Haircut Express,Rakowiecka 47,Mokotów,+48576311555,https://haircutexpress.eu,Hairdresser,Unknown,,,52.2068096,21.0047415,OpenStreetMap / Overpass API,https://www.openstreetmap.org/node/10203811789,Mo-Sa 09:00-21:00; Su 10:00-19:00
10761295268,node,Haircut Express,Racjonalizacji 1,Mokotów,,,Hairdresser,Unknown,,,52.1856563,20.9921562,OpenStreetMap / Overpass API,https://www.openstreetmap.org/node/10761295268,Mo-Sa 09:00-21:00; Su 10:00-19:00
4913146170,node,Hairmate,"Adama Naruszewicza 30, 02-627 Warszawa",Mokotów,,https://hairmate.pl,Hairdresser,Unknown,,,52.190935,21.017458,OpenStreetMap / Overpass API,https://www.openstreetmap.org/node/4913146170,Mo-Sa 08:00-21:00
11201769518,node,Hana Nails,,Mokotów,,,Beauty salon; Nails;Eyelash,Unknown,,,52.173194,21.0193913,OpenStreetMap / Overpass API,https://www.openstreetmap.org/node/11201769518,Mo-Sa 09:00-20:00; Su 10:00-17:00
13721401540,node,Hana Nails Bar,,Mokotów,,,Beauty salon,Unknown,,,52.2052513,21.063867,OpenStreetMap / Overpass API,https://www.openstreetmap.org/node/13721401540,
12346027454,node,Health & Beauty,"Mariana Zdziechowskiego 7, Warszawa",Mokotów,,,Beauty salon; Cosmetics;Massage;Nails;Eyelash;Eyebrow;Hair Removal,Unknown,,,52.1845006,21.010677,OpenStreetMap / Overpass API,https://www.openstreetmap.org/node/12346027454,Mo-Fr 10:00-20:00; Sa 10:00-17:00
4041125460,node,Hi Beauty,"Domaniewska 22, 02-672 Warszawa",Mokotów,,,Hairdresser; Nails,Unknown,,,52.1837547,21.0169537,OpenStreetMap / Overpass API,https://www.openstreetmap.org/node/4041125460,Mo-We 10:00-19:00; Th-Fr 10:00-21:00; Sa 10:00-15:00
12803962205,node,Hibi Nails,,Mokotów,,,Beauty salon; Nails,Unknown,,,52.194601,21.002404,OpenStreetMap / Overpass API,https://www.openstreetmap.org/node/12803962205,
11093366651,node,Hollywood Nails,Puławska 134A,Mokotów,,,Beauty salon; Nails,Unknown,,,52.191522,21.0240884,OpenStreetMap / Overpass API,https://www.openstreetmap.org/node/11093366651,Mo-Fr 09:00-20:00; Sa 09:00+
13566732437,node,Hollywood Nails,Jana III Sobieskiego 102A,Mokotów,,,Beauty salon; Nails,Unknown,,,52.1977642,21.0395818,OpenStreetMap / Overpass API,https://www.openstreetmap.org/node/13566732437,Mo-Fr 10:00-18:00
9560584776,node,House of Barbers,"Cybernetyki 15, Warszawa",Mokotów,,https://www.houseofbarbers.pl,Hairdresser; Barber,Unknown,,,52.1764446,20.9923782,OpenStreetMap / Overpass API,https://www.openstreetmap.org/node/9560584776,
10761295276,node,Hygge,Gandalfa 1,Mokotów,,,Hairdresser,Unknown,,,52.1859286,20.9887637,OpenStreetMap / Overpass API,https://www.openstreetmap.org/node/10761295276,Mo-Fr 09:00-20:00; Sa 09:00-16:00
11135921931,node,I'm,Postępu 10,Mokotów,,,Beauty salon,Unknown,,,52.1751962,20.9951547,OpenStreetMap / Overpass API,https://www.openstreetmap.org/node/11135921931,Mo-Su 08:00-21:00
13566307740,node,Iga Fic,Puławska 28,Mokotów,,,Beauty salon; Eyelash;Eyebrow,Unknown,,,52.2055146,21.0216329,OpenStreetMap / Overpass API,https://www.openstreetmap.org/node/13566307740,
9015115062,node,Image,,Mokotów,+48228537617,,Hairdresser,Unknown,,,52.1706382,21.0328293,OpenStreetMap / Overpass API,https://www.openstreetmap.org/node/9015115062,Mo-Fr 09:00-19:00; Sa 09:00-14:00
10820015734,node,Inoi,Antoniego Edwarda Odyńca 57,Mokotów,,,Beauty salon; Cosmetics;Hair,Unknown,,,52.1957463,21.0126618,OpenStreetMap / Overpass API,https://www.openstreetmap.org/node/10820015734,
11851010656,node,Iza Heurén,Puławska 228,Mokotów,,,Hairdresser,Unknown,,,52.1777435,21.0211125,OpenStreetMap / Overpass API,https://www.openstreetmap.org/node/11851010656,Mo-Fr 09:00-21:00; Sa 09:00-15:00
5815085891,node,Izabel,"Jana Pawła Woronicza 50, 02-640 Warszawa",Mokotów,+48226469040,,Hairdresser,Unknown,,,52.1895037,21.0027321,OpenStreetMap / Overpass API,https://www.openstreetmap.org/node/5815085891,Mo-Fr 08:00-20:00; Sa 08:00-14:00
9710450401,node,J.J. Bolesławscy,"Jarosława Dąbrowskiego 3, 02-558 Warszawa",Mokotów,,,Hairdresser,Unknown,,,52.202561,21.022342,OpenStreetMap / Overpass API,https://www.openstreetmap.org/node/9710450401,Mo-Fr 08:00-19:00; Sa 08:00-13:00
13124897639,node,Jasmin,Ursynowska 10,Mokotów,,,Hairdresser,Unknown,,,52.1981989,21.0223681,OpenStreetMap / Overpass API,https://www.openstreetmap.org/node/13124897639,Mo-Fr 09:00-20:00; Sa 09:00-15:00
10239321791,node,Javed,"Puławska 246, 02-684 Warszawa",Mokotów,+48579251262,,Hairdresser,Unknown,,,52.1720176,21.0188763,OpenStreetMap / Overpass API,https://www.openstreetmap.org/node/10239321791,Mo-Su 10:00-20:00
3152305965,node,Jawa,Chełmska 9,Mokotów,,,Beauty services,Unknown,,,52.2021401,21.0463136,OpenStreetMap / Overpass API,https://www.openstreetmap.org/node/3152305965,Mo-Fr 09:00-19:00; Sa 09:00-18:00
6574407796,node,Jean Louis David,,Mokotów,,,Hairdresser,Unknown,,,52.2125134,21.0198149,OpenStreetMap / Overpass API,https://www.openstreetmap.org/node/6574407796,
10024718830,node,Jean Louis David,Puławska 12A,Mokotów,,,Hairdresser,Unknown,,,52.2090717,21.0210711,OpenStreetMap / Overpass API,https://www.openstreetmap.org/node/10024718830,Mo-Fr 09:00-21:00; Sa 08:00-20:00
12551251380,node,Jean Louis David,Domaniewska 39,Mokotów,,,Hairdresser,Unknown,,,52.1825335,21.0050536,OpenStreetMap / Overpass API,https://www.openstreetmap.org/node/12551251380,
11007327968,node,Joanna Krupa Medycyna Estetyczna,,Mokotów,+48727517266,,Beauty salon,Unknown,,,52.2067989,21.0653882,OpenStreetMap / Overpass API,https://www.openstreetmap.org/node/11007327968,
5072352966,node,Joanna Skrzypczak,"Puławska 108/112, 02-620 Warszawa",Mokotów,,,Cosmetics,Unknown,,,52.19509,21.0235783,OpenStreetMap / Overpass API,https://www.openstreetmap.org/node/5072352966,Mo-Fr 10:00-19:00
13878383312,node,Joanna Skrzypczak,"Domaniewska 24, 02-672 Warszawa",Mokotów,,https://ekspert-kosmetyczny.pl,Beauty salon,Unknown,,,52.184215,21.0144543,OpenStreetMap / Overpass API,https://www.openstreetmap.org/node/13878383312,
13110383477,node,Jolanda,Dworkowa 5,Mokotów,,,Hairdresser,Unknown,,,52.2054003,21.0244511,OpenStreetMap / Overpass API,https://www.openstreetmap.org/node/13110383477,Mo-Fr 09:00-18:00; Sa 09:00-14:00
11177527132,node,Judyta Małkowska,Chrystiana Piotra Aignera 6,Mokotów,,,Beauty salon; Aesthetic;Cosmetics;Hair Removal,Unknown,,,52.1934982,21.0456246,OpenStreetMap / Overpass API,https://www.openstreetmap.org/node/11177527132,Mo-Fr 10:00-21:00; Sa 10:00-15:00
13589592373,node,K&K,Aleja Wyścigowa 14A,Mokotów,,,Hairdresser; Barber,Unknown,,,52.1677408,21.0119484,OpenStreetMap / Overpass API,https://www.openstreetmap.org/node/13589592373,
9023266850,node,K&P,,Mokotów,,,Hairdresser,Unknown,,,52.171093,20.9980054,OpenStreetMap / Overpass API,https://www.openstreetmap.org/node/9023266850,Mo-Fr 08:00-20:00; Sa 08:00-15:00
265720425,way,Karo,,Mokotów,,,Hairdresser,Unknown,,,52.1750019,21.0539257,OpenStreetMap / Overpass API,https://www.openstreetmap.org/way/265720425,Mo-Fr 10:00-18:00; Sa 09:00-14:00
12144600025,node,Kencin,Aleja Niepodległości 177,Mokotów,,,Beauty salon; Nails,Unknown,,,52.2101525,21.0062891,OpenStreetMap / Overpass API,https://www.openstreetmap.org/node/12144600025,
10761295243,node,Kido,Racjonalizacji 3,Mokotów,,,Beauty salon; Eyebrow;Eyelash;Cosmetics,Unknown,,,52.1866906,20.9925502,OpenStreetMap / Overpass API,https://www.openstreetmap.org/node/10761295243,Mo-Sa 09:00-21:00; Su 10:00-19:00
1116648148,way,Kiehl's,02-675,Mokotów,+48226788165,https://pl.westfield.com/mokotow/store/KIEHL_t_S/69653,Cosmetics,Unknown,,,52.1792298,21.0039226,OpenStreetMap / Overpass API,https://www.openstreetmap.org/way/1116648148,Mo-Sa 10:00-22:00; Su 10:00-21:00
12542224004,node,Klinika La Perla,Łowicka 21B,Mokotów,,,Beauty salon; Aesthetic,Unknown,,,52.2004837,21.0057053,OpenStreetMap / Overpass API,https://www.openstreetmap.org/node/12542224004,Mo-Fr 09:00-21:00; Sa 10:00-14:00
9161869545,node,Klinika Skin & Body Care,"Cybernetyki 4A, 02-677 Warszawa",Mokotów,+48606505801,https://skinbodycare.pl,Beauty salon,Unknown,,,52.17665,20.9987966,OpenStreetMap / Overpass API,https://www.openstreetmap.org/node/9161869545,
9023266878,node,Klinika Urody,"Obrzeżna 3/U7, 02-691 Warszawa",Mokotów,,,Beauty salon; Hair Removal;Hair;Nails;Cosmetics,Unknown,,,52.173121,20.9992242,OpenStreetMap / Overpass API,https://www.openstreetmap.org/node/9023266878,
12029694531,node,Klinika Urody,Wielicka 42,Mokotów,,,Beauty salon; Hair Removal;Aesthetic;Skin Care;Nails;Massage,Unknown,,,52.1856802,21.0217251,OpenStreetMap / Overpass API,https://www.openstreetmap.org/node/12029694531,Mo-Fr 09:00-21:00; Sa 09:00-16:00
13009476390,node,Klinika Urody & SPA,Jana III Sobieskiego 45,Mokotów,,,Beauty salon; Nails;Spa;Skin Care;Cosmetics,Unknown,,,52.1883446,21.0469267,OpenStreetMap / Overpass API,https://www.openstreetmap.org/node/13009476390,Mo-Fr 09:00-20:00; Sa 09:00-16:00
11093255063,node,Knight Barber Shop,Bukowińska 2,Mokotów,,,Hairdresser; Barber,Unknown,,,52.1785763,21.0282205,OpenStreetMap / Overpass API,https://www.openstreetmap.org/node/11093255063,
12388033999,node,Kolibri,Jana Karola Chodkiewicza 8,Mokotów,,,Hairdresser,Unknown,,,52.2034274,20.9972738,OpenStreetMap / Overpass API,https://www.openstreetmap.org/node/12388033999,"Mo,We,Fr 13:00-20:00; Tu,Th 08:00-15:00; Sa 08:00+"
12346039285,node,Koziołkowo Pazurkowo,Edwarda Józefa Abramowskiego 9,Mokotów,,,Beauty salon; Nails,Unknown,,,52.1841694,21.0151523,OpenStreetMap / Overpass API,https://www.openstreetmap.org/node/12346039285,
13009476382,node,Ksaweron,Jana III Sobieskiego 45,Mokotów,,,Hairdresser,Unknown,,,52.1886782,21.0479367,OpenStreetMap / Overpass API,https://www.openstreetmap.org/node/13009476382,Mo-Fr 08:00-20:00; Sa 08:00-15:00
12551158692,node,La Playa,Bełdan 2,Mokotów,,,Beauty salon; Hair;Aesthetic;Nails;Cosmetics;Skin Care;Eyelash;Eyebrow,Unknown,,,52.1718351,21.0106263,OpenStreetMap / Overpass API,https://www.openstreetmap.org/node/12551158692,"Mo,Fr 12:00-20:00; Tu,Th 10:00-18:00; We 09:00-17:00;Sa ""on appointment"""
5558175862,node,Lana,"Jana Pawła Woronicza 30A, 02-640 Warszawa",Mokotów,,,Beauty salon; Nails,Unknown,,,52.1895758,21.0152818,OpenStreetMap / Overpass API,https://www.openstreetmap.org/node/5558175862,"Mo,We 10:00-18:00, Tu 15:30-19:00"
11201837312,node,Laser Ville,"Cybernetyki 17, Warszawa",Mokotów,,,Beauty salon; Hair Removal;Laser Hair Removal,Unknown,,,52.176809,20.991162,OpenStreetMap / Overpass API,https://www.openstreetmap.org/node/11201837312,09:00-21:00
12346027463,node,Legacy Barbershop,"Mariana Zdziechowskiego 11, Warszawa",Mokotów,,,Hairdresser; Barber,Unknown,,,52.184516,21.0088924,OpenStreetMap / Overpass API,https://www.openstreetmap.org/node/12346027463,Mo-Sa 09:00-21:00; Su 10:00-19:00
12803962220,node,Lia Nails,,Mokotów,,,Beauty salon; Nails,Unknown,,,52.1943708,21.0022419,OpenStreetMap / Overpass API,https://www.openstreetmap.org/node/12803962220,
3452822645,node,Lili,"Zygmunta Modzelewskiego 35, 02-679 Warszawa",Mokotów,,,Beauty salon,Unknown,,,52.1819238,21.0138299,OpenStreetMap / Overpass API,https://www.openstreetmap.org/node/3452822645,Mo-Fr 08:00-20:00; Sa 08:00-15:00
11183773842,node,Lillu,Białej Floty 6,Mokotów,,,Beauty salon; Nails;Cosmetics;Hair;Eyebrow,Unknown,,,52.1962303,20.9840283,OpenStreetMap / Overpass API,https://www.openstreetmap.org/node/11183773842,Mo-Fr 10:00-20:00; Sa 10:00-18:00
12551291309,node,Livie Beauty,Domaniewska 35,Mokotów,,,Beauty salon; Nails,Unknown,,,52.1831152,21.0090416,OpenStreetMap / Overpass API,https://www.openstreetmap.org/node/12551291309,Mo-Sa 09:30-20:30; Su 10:00-18:00
11093366649,node,LM Barber Shop,Puławska 136,Mokotów,,,Hairdresser,Unknown,,,52.1914017,21.0240938,OpenStreetMap / Overpass API,https://www.openstreetmap.org/node/11093366649,Mo-Fr 09:00-19:00; Sa 09:00-16:00
12913011353,node,LN Epil,Wynalazek 2A,Mokotów,,,Beauty salon; Hair Removal;Laser Hair Removal,Unknown,,,52.1778702,20.9932243,OpenStreetMap / Overpass API,https://www.openstreetmap.org/node/12913011353,
9560584767,node,Love Nails,Komputerowa 8,Mokotów,,,Beauty salon; Nails,Unknown,,,52.1758326,20.9919514,OpenStreetMap / Overpass API,https://www.openstreetmap.org/node/9560584767,10:00-21:00
11183704758,node,Love Yourself,Białej Floty 8A,Mokotów,,,Beauty salon; Nails;Eyebrow;Eyelash;Cosmetics;Hair,Unknown,,,52.1968939,20.9851588,OpenStreetMap / Overpass API,https://www.openstreetmap.org/node/11183704758,09:00-20:00
9123312098,node,Lovely Long Hair,"Puławska 221, 02-715 Warszawa",Mokotów,,https://sofiarein.com,Hairdresser,Unknown,,,52.1765213,21.021659,OpenStreetMap / Overpass API,https://www.openstreetmap.org/node/9123312098,Mo-Sa 09:00-21:00
4909650323,node,Luciano Pierantoni,"Puławska 25A, 02-515",Mokotów,,http://www.franckprovost.pl/salony/warszawa/pulawska.html,Hairdresser,Unknown,,,52.2090946,21.021835,OpenStreetMap / Overpass API,https://www.openstreetmap.org/node/4909650323,Mo-Fr 07:00-21:00; Sa 09:00-18:00; Su 10:00-17:00
12551158686,node,Lui Perfekt,Bełdan 2,Mokotów,,,Beauty salon; Skin Care;Aesthetic;Eyelash;Eyebrow;Cosmetics,Unknown,,,52.1714151,21.0106236,OpenStreetMap / Overpass API,https://www.openstreetmap.org/node/12551158686,"""Godziny otwarcia dostosowane do potrzeb klientów."""
12231724774,node,Lumira - Oriental Massage & Spa,"Sielecka 35, 00-738 Warszawa",Mokotów,+48780607041,https://lumira.pl,Massage,Unknown,,,52.2052545,21.0389322,OpenStreetMap / Overpass API,https://www.openstreetmap.org/node/12231724774,Mo-Fr 12:30-23:30; Sa-Su 11:00-23:30
6067179109,node,LunoArt,"Batalionu AK „Bałtyk” 9, 00-713 Warszawa",Mokotów,,https://lunoart-salon-fryzjerski.business.site,Hairdresser,Unknown,,,52.2084082,21.0662914,OpenStreetMap / Overpass API,https://www.openstreetmap.org/node/6067179109,Mo-Fr 09:00-20:00; Sa 8:00-15:00
9254455267,node,Lustro Edyta Wasilewska,,Mokotów,+48780484730,,Hairdresser,Unknown,,,52.2076024,21.0668266,OpenStreetMap / Overpass API,https://www.openstreetmap.org/node/9254455267,
12803811338,node,Lux Beauty,Etiudy Rewolucyjnej 32,Mokotów,,,Beauty salon; Cosmetics;Hair Removal;Laser Hair Removal;Waxing;Skin Care,Unknown,,,52.1906661,20.9899233,OpenStreetMap / Overpass API,https://www.openstreetmap.org/node/12803811338,Mo-Fr 10:00-20:00; Sa 10:00-15:00
7824188613,node,L’Estetic,"Ananasowa 29, 00-711 Warszawa",Mokotów,+48600370960,https://lestetic.pl,Beauty salon,Unknown,,,52.2072948,21.0673833,OpenStreetMap / Overpass API,https://www.openstreetmap.org/node/7824188613,
13009476393,node,M&K,Jana III Sobieskiego 45,Mokotów,,,Hairdresser,Unknown,,,52.1881813,21.0470666,OpenStreetMap / Overpass API,https://www.openstreetmap.org/node/13009476393,Mo-Fr 09:00-21:00; Sa 09:00-15:00
12246204442,node,M&W Nails,,Mokotów,,,Beauty salon; Nails,Unknown,,,52.2062023,21.0014738,OpenStreetMap / Overpass API,https://www.openstreetmap.org/node/12246204442,
5070654713,node,M.I.A.,Odolańska 3,Mokotów,,,Beauty salon; Nails,Unknown,,,52.2016914,21.0227077,OpenStreetMap / Overpass API,https://www.openstreetmap.org/node/5070654713,Mo-Fr 09:00-18:00; Sa 10:00-14:00
4097919464,node,Magiczna Klinika,"Puławska 136, 02-624 Warszawa",Mokotów,,,Beauty salon,Unknown,,,52.1911801,21.0238617,OpenStreetMap / Overpass API,https://www.openstreetmap.org/node/4097919464,
13009476395,node,Maksimova Pink,Jana III Sobieskiego 45,Mokotów,,,Beauty salon; Nails;Cosmetics;Hair;Hair Removal;Laser Hair Removal;Eyelash,Unknown,,,52.1880729,21.0471806,OpenStreetMap / Overpass API,https://www.openstreetmap.org/node/13009476395,
11132310599,node,Manicure & Pedicure Lab,Puławska 105,Mokotów,,,Beauty salon; Nails,Unknown,,,52.1965658,21.0245952,OpenStreetMap / Overpass API,https://www.openstreetmap.org/node/11132310599,Mo-Fr 09:00-21:00; Sa 09:00-20:00
11202213516,node,ManiFryz,Giordana Bruna 34,Mokotów,,,Beauty salon; Nails;Hair Removal;Hair,Unknown,,,52.2064486,20.9996384,OpenStreetMap / Overpass API,https://www.openstreetmap.org/node/11202213516,
12396495305,node,Margaret,Antoniego Józefa Madalińskiego 49/51,Mokotów,,,Beauty salon; Nails;Cosmetics,Unknown,,,52.2035439,21.0128131,OpenStreetMap / Overpass API,https://www.openstreetmap.org/node/12396495305,
6087147540,node,Margari,"Jana Pawła Woronicza 33, 02-640 Warszawa",Mokotów,,,Beauty salon,Unknown,,,52.1887567,20.9883789,OpenStreetMap / Overpass API,https://www.openstreetmap.org/node/6087147540,09:00-21:00
12029633879,node,Mari,Ignacego Krasickiego 16,Mokotów,,,Beauty salon; Nails,Unknown,,,52.1923647,21.0211373,OpenStreetMap / Overpass API,https://www.openstreetmap.org/node/12029633879,
12551192452,node,Marina,,Mokotów,,,Hairdresser,Unknown,,,52.1742879,21.0107039,OpenStreetMap / Overpass API,https://www.openstreetmap.org/node/12551192452,Mo-Fr 08:00-19:00; Sa 08:00-14:00
2971278624,node,Marleen,"Bukowińska 22, 02-703 Warszawa",Mokotów,+48608146340,https://akademiamarleen.pl,Beauty salon; Cosmetics;Makijaż Permanentny;Permanent Makeup;Pmu;Beauty;Eyelash;Skin Care;Brows;Lashes;Nails;Waxing;Hair Removal,Unknown,,,52.1812643,21.0265864,OpenStreetMap / Overpass API,https://www.openstreetmap.org/node/2971278624,Mo-Fr 09:00-20:00; Sa 09:00-17:00
4097919467,node,Matrix,"Puławska 140, 02-624 Warszawa",Mokotów,,,Beauty salon,Unknown,,,52.1903971,21.0241406,OpenStreetMap / Overpass API,https://www.openstreetmap.org/node/4097919467,Mo-Fr 10:00-18:00; Sa 09:00-14:00
12051358764,node,MBV Clinic,Cieszyńska 9,Mokotów,,,Beauty salon; Cosmetics;Hair Removal;Laser Hair Removal;Eyebrow;Eyelash;Skin Care;Massage,Unknown,,,52.1833608,21.0258676,OpenStreetMap / Overpass API,https://www.openstreetmap.org/node/12051358764,
9955684594,node,MD,Puławska 11,Mokotów,,,Beauty salon; Nails,Unknown,,,52.2114987,21.0210721,OpenStreetMap / Overpass API,https://www.openstreetmap.org/node/9955684594,
6964108202,node,Medi Spa,,Mokotów,+48226519906,https://salonmedispa.pl,Beauty salon,Unknown,,,52.1735944,21.05871,OpenStreetMap / Overpass API,https://www.openstreetmap.org/node/6964108202,Mo-Fr 09:00-20:00; Sa 09:00-15:00
10039070164,node,Melange,,Mokotów,+48574582980,https://melangehair.pl,Hairdresser,Unknown,,,52.2069139,21.0655666,OpenStreetMap / Overpass API,https://www.openstreetmap.org/node/10039070164,Tu-Sa 10:00-18:00
8954423214,node,Merci,"Adama Naruszewicza 29, 02-627 Warszawa",Mokotów,,,Beauty salon,Unknown,,,52.1905883,21.0169491,OpenStreetMap / Overpass API,https://www.openstreetmap.org/node/8954423214,
12346093662,node,Merci,"Domaniewska 34A, Warszawa",Mokotów,,,Beauty salon; Nails;Hair;Aesthetic,Unknown,,,52.1836263,21.0091109,OpenStreetMap / Overpass API,https://www.openstreetmap.org/node/12346093662,
12458896650,node,Miami Vibes,Sonaty 5,Mokotów,,,Beauty salon; Tanning,Unknown,,,52.1711288,21.0271837,OpenStreetMap / Overpass API,https://www.openstreetmap.org/node/12458896650,Mo-Fr 08:00-22:00; Sa 09:00-21:00; Su 11:00-18:00
3572877693,node,Michał Papis,"Stanisława Żaryna 7, Warszawa",Mokotów,,,Beauty salon; Hair Removal;Skin Care;Cosmetics;Massage;Spa,Unknown,,,52.20435,20.9953317,OpenStreetMap / Overpass API,https://www.openstreetmap.org/node/3572877693,
13374061685,node,Mickey Nails,,Mokotów,,,Beauty salon; Nails,Unknown,,,52.1868908,21.0629616,OpenStreetMap / Overpass API,https://www.openstreetmap.org/node/13374061685,Mo-Sa 09:00-20:00; Su 09:00-18:00
10916143814,node,Mint Spa,Skolimowska 5,Mokotów,,,Beauty salon; Nails,Unknown,,,52.2116104,21.0213715,OpenStreetMap / Overpass API,https://www.openstreetmap.org/node/10916143814,
30666660,way,Missja,"Batuty 1A, 02-743 Warszawa",Mokotów,,http://www.instytuturodymissja.pl,Beauty salon; Nails;Hair;Cosmetics;Hair Removal;Laser Hair Removal;Massage;Aesthetic,Unknown,,,52.1695805,21.0247886,OpenStreetMap / Overpass API,https://www.openstreetmap.org/way/30666660,Mo-Fr 09:00-20:00; Sa 09:00-15:00
13124880064,node,Mitra,Racławicka 17,Mokotów,,,Massage,Unknown,,,52.1990365,21.0196151,OpenStreetMap / Overpass API,https://www.openstreetmap.org/node/13124880064,
12346027455,node,Moda,"Mariana Zdziechowskiego 8, Warszawa",Mokotów,,,Hairdresser,Unknown,,,52.1847827,21.0107184,OpenStreetMap / Overpass API,https://www.openstreetmap.org/node/12346027455,Mo-Sa 10:00-20:00
11129190188,node,Moko Style,,Mokotów,,,Hairdresser,Unknown,,,52.1928548,20.9884337,OpenStreetMap / Overpass API,https://www.openstreetmap.org/node/11129190188,
7126157641,node,Molas Clinic,Bergamotki 1,Mokotów,+48797977280,https://molasclinic.pl,Beauty salon; Aesthetic,Unknown,,,52.1771153,21.0434767,OpenStreetMap / Overpass API,https://www.openstreetmap.org/node/7126157641,Mo-Fr 11:00-20:00; Sa 09:00-14:00
12029597537,node,Momo Clinic,Kazimierzowska 23,Mokotów,,,Beauty salon; Aesthetic,Unknown,,,52.2009683,21.0170202,OpenStreetMap / Overpass API,https://www.openstreetmap.org/node/12029597537,
12916971243,node,Moveo Laser,,Mokotów,+48794103109,,Beauty salon; Hair Removal,Unknown,,,52.1847729,21.0120236,OpenStreetMap / Overpass API,https://www.openstreetmap.org/node/12916971243,
1818967033,node,MoyeLooki,Bergamotki 4,Mokotów,+48571804706,,Hairdresser,Unknown,,,52.177636,21.0420434,OpenStreetMap / Overpass API,https://www.openstreetmap.org/node/1818967033,Mo-Fr 10:00-21:00; Sa 09:00-15:00
11150798165,node,MoYou,Konstruktorska 13,Mokotów,,,Beauty salon; Nails;Hair Removal;Eyelash;Massage;Cosmetics,Unknown,,,52.1852008,20.989019,OpenStreetMap / Overpass API,https://www.openstreetmap.org/node/11150798165,Mo-Fr 10:00-20:00; Sa 10:00-16:00
4770934747,node,Mr. Cut,,Mokotów,,,Hairdresser,Unknown,,,52.187041,21.0045431,OpenStreetMap / Overpass API,https://www.openstreetmap.org/node/4770934747,"Mo-Fr 11:00-21:00; Sa,Su 09:00-19:00"
12750103043,node,Mr. Cut,Odolańska 10,Mokotów,,,Hairdresser; Barber,Unknown,,,52.2017547,21.0218827,OpenStreetMap / Overpass API,https://www.openstreetmap.org/node/12750103043,Mo-Fr 11:00-21:00; Sa-Su 09:00-19:00
9959937183,node,N.T. Nail Shop,Stanisława Żaryna 5,Mokotów,,,Beauty salon; Nails;Eyelash;Eyebrow,Unknown,,,52.2040869,20.9973666,OpenStreetMap / Overpass API,https://www.openstreetmap.org/node/9959937183,
1328612042,node,Nad Dolinką,,Mokotów,,,Hairdresser,Unknown,,,52.1724521,21.0376759,OpenStreetMap / Overpass API,https://www.openstreetmap.org/node/1328612042,"Mo,Sa 09:00-14:00; Tu-Fr 09:00-19:00"
12803694497,node,Nail Spa,Jana Pawła Woronicza 31,Mokotów,,,Nails,Unknown,,,52.1885171,20.9943097,OpenStreetMap / Overpass API,https://www.openstreetmap.org/node/12803694497,
12913011352,node,Nails & More,Wynalazek 2A,Mokotów,,,Beauty salon; Nails;Hair Removal;Cosmetics;Eyelash,Unknown,,,52.1779358,20.9932588,OpenStreetMap / Overpass API,https://www.openstreetmap.org/node/12913011352,Mo-Fr 09:00-20:00; Sa 09:00-14:00
11093572031,node,Nails Hub,Puławska 72,Mokotów,,,Beauty salon; Nails,Unknown,,,52.1998741,21.0234328,OpenStreetMap / Overpass API,https://www.openstreetmap.org/node/11093572031,Mo-Fr 09:00-20:00; Sa-Su 10:00-18:00
11851010661,node,Nails Lab,Puławska 228,Mokotów,,,Beauty salon; Nails,Unknown,,,52.1775028,21.0210227,OpenStreetMap / Overpass API,https://www.openstreetmap.org/node/11851010661,Mo-Sa 10:00-21:00
12803976097,node,Nails Lounge by Tina,,Mokotów,,,Beauty salon; Nails,Unknown,,,52.194702,21.0024335,OpenStreetMap / Overpass API,https://www.openstreetmap.org/node/12803976097,
12803962216,node,Nam Nam,,Mokotów,,,Hairdresser; Barber,Unknown,,,52.1944416,21.0022849,OpenStreetMap / Overpass API,https://www.openstreetmap.org/node/12803962216,Mo-Sa 08:00-19:00
12551291308,node,Nanette Studio,Domaniewska 35,Mokotów,,,Hairdresser,Unknown,,,52.183157,21.0089511,OpenStreetMap / Overpass API,https://www.openstreetmap.org/node/12551291308,Mo-Fr 10:00-18:00; Sa 08:00-14:00
12029663146,node,Nativis Clinic,Wielicka 43,Mokotów,,,Beauty salon; Nails;Cosmetics;Aesthetic;Skin Care,Unknown,,,52.1876047,21.0217119,OpenStreetMap / Overpass API,https://www.openstreetmap.org/node/12029663146,
13861204969,node,NewMe,Cybernetyki 9,Mokotów,,,Beauty salon,Unknown,,,52.1752654,20.9961255,OpenStreetMap / Overpass API,https://www.openstreetmap.org/node/13861204969,Mo-Sa 10:00-20:00; Su 12:00-18:00
12246278640,node,Nice Spa,Biały Kamień 3,Mokotów,,,Beauty salon,Unknown,,,52.2058768,20.9956445,OpenStreetMap / Overpass API,https://www.openstreetmap.org/node/12246278640,10:00-22:00
12999738266,node,NOA Beauty Lab,"Postępu 12C, Warszawa",Mokotów,,,Beauty salon,Unknown,,,52.1770987,20.9974046,OpenStreetMap / Overpass API,https://www.openstreetmap.org/node/12999738266,Mo-Sa 10:00-20:00; Su 10:00-19:00
13699012192,node,Noela Nails,Konstruktorska 9,Mokotów,,,Beauty salon; Nails;Eyebrow;Eyelash,Unknown,,,52.1852924,20.9921018,OpenStreetMap / Overpass API,https://www.openstreetmap.org/node/13699012192,Mo-Fr 08:30-20:00; Sa 08:30-19:00; Su 09:00-17:00
224469930,way,Norman,,Mokotów,,,Hairdresser,Unknown,,,52.2026245,21.0179701,OpenStreetMap / Overpass API,https://www.openstreetmap.org/way/224469930,Mo-Fr 10:00-20:00; Sa 10:00-15:00
12388008588,node,NY Laser Center,Jana Karola Chodkiewicza 8,Mokotów,,,Beauty salon; Hair Removal;Laser Hair Removal;Waxing;Cosmetics;Aesthetic,Unknown,,,52.2030294,20.9971168,OpenStreetMap / Overpass API,https://www.openstreetmap.org/node/12388008588,Mo-Fr 10:00-21:00; Sa 10:00-16:00
3431408903,node,O Mały Włos,"Wiśniowa 46, 02-520 Warszawa",Mokotów,,,Hairdresser,Unknown,,,52.2077033,21.0148305,OpenStreetMap / Overpass API,https://www.openstreetmap.org/node/3431408903,Mo-Fr 10:00-18:00; Sa 10:00-14:00
12803694496,node,O! Fryzjerzy,Jana Pawła Woronicza 31,Mokotów,,,Hairdresser,Unknown,,,52.1885162,20.9942079,OpenStreetMap / Overpass API,https://www.openstreetmap.org/node/12803694496,Mo-Sa 09:00+
11151284482,node,Oko,Obrzeżna 7A,Mokotów,,,Beauty salon; Eyebrow;Eyelash,Unknown,,,52.1754812,21.0002463,OpenStreetMap / Overpass API,https://www.openstreetmap.org/node/11151284482,Mo-Fr 09:00-17:00
4052026516,node,Oleńka,"Antoniego Edwarda Odyńca 55, 02-606 Warszawa",Mokotów,,,Beauty salon; Nails;Massage;Eyelash;Cosmetics,Unknown,,,52.1959802,21.0143847,OpenStreetMap / Overpass API,https://www.openstreetmap.org/node/4052026516,Mo-Fr 08:00-20:00; Sa 08:00-14:00
9123306411,node,Omerta,"Puławska 221, 02-715 Warszawa",Mokotów,,https://www.facebook.com/Omerta-Barber-Shop_-200015436709857,Hairdresser; Barber,Unknown,,,52.1765982,21.0216894,OpenStreetMap / Overpass API,https://www.openstreetmap.org/node/9123306411,Mo-Fr 10:00-22:00; Sa 10:00-20:00
12803934198,node,Ostra Baśka,,Mokotów,,,Hairdresser,Unknown,,,52.1932135,21.0086001,OpenStreetMap / Overpass API,https://www.openstreetmap.org/node/12803934198,
12388037072,node,Pastelove,Jana Karola Chodkiewicza 7,Mokotów,,,Beauty salon; Nails;Cosmetics;Eyelash;Eyebrow;Massage;Hair Removal,Unknown,,,52.2034508,20.9956229,OpenStreetMap / Overpass API,https://www.openstreetmap.org/node/12388037072,Mo-Fr 10:00-21:00; Sa 10:00-16:00
13427105011,node,Petite Manicure,Wiśniowa 40,Mokotów,,,Beauty salon; Nails,Unknown,,,52.2071789,21.0155841,OpenStreetMap / Overpass API,https://www.openstreetmap.org/node/13427105011,
1222850392,node,Piotr Knapik,Wiktorska 6,Mokotów,,,Hairdresser,Unknown,,,52.2011827,21.0229387,OpenStreetMap / Overpass API,https://www.openstreetmap.org/node/1222850392,Mo-Fr 09:00-19:00; Sa 09:00-15:00
11954208421,node,Piotr Knapik,Grażyny 12A,Mokotów,,,Hairdresser,Unknown,,,52.2039175,21.0209249,OpenStreetMap / Overpass API,https://www.openstreetmap.org/node/11954208421,"Mo-Fr 10:00-20:00; Sa 09:00-15:00; Su,PH off"
11132389515,node,Piotr Sosnowski,Puławska 83,Mokotów,,,Hairdresser,Unknown,,,52.200771,21.0240858,OpenStreetMap / Overpass API,https://www.openstreetmap.org/node/11132389515,Mo-Fr 09:00-19:00; Sa 09:00-14:00
1313258887,node,Piwne Spa,Bukowińska 12,Mokotów,,https://www.spapiwne.pl,Beauty salon; Spa,Unknown,,,52.1800842,21.0273987,OpenStreetMap / Overpass API,https://www.openstreetmap.org/node/1313258887,Mo-Fr 12:00-21:00
9023266863,node,Pięknoteka,,Mokotów,,,Beauty salon; Cosmetics;Hair Removal;Nails;Skin Care,Unknown,,,52.1714639,20.9982531,OpenStreetMap / Overpass API,https://www.openstreetmap.org/node/9023266863,
9023266845,node,Place 4U,,Mokotów,,,Beauty salon; Cosmetics,Unknown,,,52.1716312,20.9983499,OpenStreetMap / Overpass API,https://www.openstreetmap.org/node/9023266845,Mo-Fr 10:00-20:00; Sa 10:00-15:00
11135921937,node,Po&Vy Beauty,Postępu 10,Mokotów,,,Beauty salon; Nails;Eyebrow,Unknown,,,52.1758254,20.9955352,OpenStreetMap / Overpass API,https://www.openstreetmap.org/node/11135921937,Mo-Fr 09:00-20:00; Sa 09:00-18:00
11954208422,node,Pomalowane,Grażyny 9,Mokotów,,,Beauty salon; Nails,Unknown,,,52.2037515,21.0211524,OpenStreetMap / Overpass API,https://www.openstreetmap.org/node/11954208422,
12266016411,node,Porcelanowa Laleczka,Jurija Gagarina 35,Mokotów,,,Beauty salon; Nails;Hair;Massage,Unknown,,,52.2068034,21.0329969,OpenStreetMap / Overpass API,https://www.openstreetmap.org/node/12266016411,Mo-Fr 09:00-19:00; Sa 09:00-14:00
10039070165,node,Princess Permanent,"Batalionu AK „Bałtyk” 7, 00-713 Warszawa",Mokotów,+48570160678,,Beauty salon,Unknown,,,52.2076909,21.0658485,OpenStreetMap / Overpass API,https://www.openstreetmap.org/node/10039070165,
13107639796,node,Pro Expert Clinic,Puławska 77,Mokotów,,,Beauty salon; Cosmetics;Aesthetic,Unknown,,,52.2015929,21.0241346,OpenStreetMap / Overpass API,https://www.openstreetmap.org/node/13107639796,Mo-Fr 10:00-21:00; Sa 10:00-17:00
13004788127,node,Pro Masaż,Potoki 2,Mokotów,,,Massage,Unknown,,,52.1774718,21.0364771,OpenStreetMap / Overpass API,https://www.openstreetmap.org/node/13004788127,
12882947575,node,Przestrzeń by N.,,Mokotów,+48697800895,,Massage,Unknown,,,52.2092413,21.0690133,OpenStreetMap / Overpass API,https://www.openstreetmap.org/node/12882947575,
1181562095,node,Quattro,"Chełmska 50, Warszawa",Mokotów,,https://pl-pl.facebook.com/QuattroSalonFryzjerskiDamski,Hairdresser,Unknown,,,52.2020594,21.0362643,OpenStreetMap / Overpass API,https://www.openstreetmap.org/node/1181562095,"Mo-Fr 07:00-19:00, Sa 08:00-14:00"
12551291306,node,Queen Nails,Domaniewska 35A,Mokotów,,,Beauty salon; Nails,Unknown,,,52.1831558,21.0086633,OpenStreetMap / Overpass API,https://www.openstreetmap.org/node/12551291306,Mo-Sa 09:30-20:00; Su 10:30-18:00
9959938992,node,Queen of Beauty,Smyczkowa 21,Mokotów,,,Beauty salon,Unknown,,,52.1723713,21.0116779,OpenStreetMap / Overpass API,https://www.openstreetmap.org/node/9959938992,Mo-Sa 09:00-21:00
9363888437,node,Rituals Salon & Spa,"Ludwika Narbutta 83, 02-524 Warszawa",Mokotów,,https://www.ritualssalonurody.pl,Beauty salon; Cosmetics,Unknown,,,52.2035572,21.004226,OpenStreetMap / Overpass API,https://www.openstreetmap.org/node/9363888437,Mo-Fr 09:00-21:00; Sa 09:00-17:00; PH off
13009476385,node,Rox,Jana III Sobieskiego 45,Mokotów,,,Beauty salon; Nails,Unknown,,,52.1887051,21.0476743,OpenStreetMap / Overpass API,https://www.openstreetmap.org/node/13009476385,Mo-Fr 10:00-21:00; Sa-Su 10:00-19:00
13689032110,node,Sakura,,Mokotów,+48789911073,,Hairdresser,Unknown,,,52.2013728,21.0273632,OpenStreetMap / Overpass API,https://www.openstreetmap.org/node/13689032110,Mo-Fr 10:00-21:00
9123348695,node,Salon 221,"Puławska 221, 02-715 Warszawa",Mokotów,,,Beauty salon; Nails;Hair,Unknown,,,52.1766791,21.0217285,OpenStreetMap / Overpass API,https://www.openstreetmap.org/node/9123348695,Mo-Fr 09:00-20:30; Sa 09:00-16:00
6835781456,node,Salon fryzjersko-kosmetyczny,,Mokotów,,,Hairdresser,Unknown,,,52.1758706,21.0604116,OpenStreetMap / Overpass API,https://www.openstreetmap.org/node/6835781456,Mo-Fr 09:00-18:00; Sa 09:00-13:00
8385065543,node,"Salon Urody ""Jula""",,Mokotów,+48224999369,https://www.facebook.com/SALON-JULA-415978215826690,Hairdresser,Unknown,,,52.212396,21.058841,OpenStreetMap / Overpass API,https://www.openstreetmap.org/node/8385065543,Mo-Sa 09:00-19:00
6287134300,node,Salon urody Paula,,Mokotów,+48505029721,,Beauty salon,Unknown,,,52.1751326,21.0505115,OpenStreetMap / Overpass API,https://www.openstreetmap.org/node/6287134300,Mo-Fr 09:00-20:00; Sa 09:00-16:00
11119662012,node,Salonik Fryzjerski,,Mokotów,+48606284923,,Hairdresser,Unknown,,,52.1878387,21.0166279,OpenStreetMap / Overpass API,https://www.openstreetmap.org/node/11119662012,
11132287136,node,Saturn,Puławska 115A,Mokotów,,,Beauty salon; Tanning,Unknown,,,52.1873278,21.0251406,OpenStreetMap / Overpass API,https://www.openstreetmap.org/node/11132287136,Mo-Fr 10:00-21:00; Sa 10:00-20:00
12029694533,node,Saula,Wielicka 36,Mokotów,,,Hairdresser,Unknown,,,52.1852625,21.0215746,OpenStreetMap / Overpass API,https://www.openstreetmap.org/node/12029694533,
10064567734,node,Sawoj,,Mokotów,+48228530790,,Hairdresser,Unknown,,,52.1736553,21.0297603,OpenStreetMap / Overpass API,https://www.openstreetmap.org/node/10064567734,
9902766564,node,Scottish Barber Shop,"Jana Pawła Woronicza 33B, 02-640 Warszawa",Mokotów,+48662116952,,Hairdresser; Barber,Unknown,,,52.1886391,20.9899409,OpenStreetMap / Overpass API,https://www.openstreetmap.org/node/9902766564,Mo-Fr 09:00-20:00; Sa 09:00-17:00
11584272441,node,Sebone,Puławska 233,Mokotów,+48453218207,https://sebone.com.pl/kontakt-nas,Beauty salon,Unknown,,,52.1751376,21.0211415,OpenStreetMap / Overpass API,https://www.openstreetmap.org/node/11584272441,Mo-Fr 07:40-16:00
8669999565,node,Secret Door,"Wałbrzyska 15a, Warszawa",Mokotów,,http://secretdoor.ulotkownia.pl,Beauty salon; Nails;Cosmetics;Massage,Unknown,,,52.1727276,21.0233212,OpenStreetMap / Overpass API,https://www.openstreetmap.org/node/8669999565,
6925594150,node,Secret Nails,Bukowińska 2,Mokotów,+48731676676,,Beauty salon,Unknown,,,52.1790298,21.0281665,OpenStreetMap / Overpass API,https://www.openstreetmap.org/node/6925594150,Mo-Fr
10822331406,node,Sekret,"Aleja Niepodległości 159, Warszawa",Mokotów,,,Beauty salon; Nails;Cosmetics;Hair,Unknown,,,52.2062346,21.0083551,OpenStreetMap / Overpass API,https://www.openstreetmap.org/node/10822331406,Mo-Fr 10:00-17:00
6611040633,node,Sensiva,"Huculska 1, 00-730 Warszawa",Mokotów,,https://sensiva.pl,Beauty salon,Unknown,,,52.2010265,21.0288815,OpenStreetMap / Overpass API,https://www.openstreetmap.org/node/6611040633,
1116648152,way,Sephora,,Mokotów,+48221014215,https://pl.westfield.com/mokotow/store/Sephora/69746,Cosmetics,Unknown,,,52.179915,21.0038085,OpenStreetMap / Overpass API,https://www.openstreetmap.org/way/1116648152,Mo-Sa 10:00-22:00
11093467499,node,Sharp Cut,Puławska 118,Mokotów,,,Hairdresser; Barber,Unknown,,,52.1939504,21.0239476,OpenStreetMap / Overpass API,https://www.openstreetmap.org/node/11093467499,Mo-Sa 11:00-21:00; Su 12:00-19:00
11132287135,node,Silva Beauty Med,Puławska 117,Mokotów,,,Beauty salon; Aesthetic,Unknown,,,52.1872608,21.0251461,OpenStreetMap / Overpass API,https://www.openstreetmap.org/node/11132287135,
11584398946,node,Simply Hair,Puławska 182,Mokotów,,,Hairdresser,Unknown,,,52.1819042,21.0216825,OpenStreetMap / Overpass API,https://www.openstreetmap.org/node/11584398946,Mo-Fr 09:00-19:00; Sa 09:00-13:00
13590414403,node,Skin Like Silk,Obrzeżna 1A,Mokotów,,,Beauty salon; Skin Care;Aesthetic,Unknown,,,52.1704789,20.9951981,OpenStreetMap / Overpass API,https://www.openstreetmap.org/node/13590414403,
10816791217,node,Skin Solutions,"Cybernetyki 6, 02-677 Warszawa",Mokotów,,,Beauty salon; Skin Care;Aesthetic,Unknown,,,52.1758738,20.9977164,OpenStreetMap / Overpass API,https://www.openstreetmap.org/node/10816791217,Mo-Fr 09:00-20:00; Sa 09:00-15:00
11132419311,node,Skincare,Puławska 71,Mokotów,,,Beauty salon; Skin Care;Eyelash;Eyebrow;Massage,Unknown,,,52.2019027,21.0238431,OpenStreetMap / Overpass API,https://www.openstreetmap.org/node/11132419311,
10923949319,node,SkinLab,"Konstruktorska 5A, 02-673 Warszawa",Mokotów,,https://skinlaboratories.pl,Beauty salon; Nails;Skin Care;Cosmetics,Unknown,,,52.1852422,20.9960557,OpenStreetMap / Overpass API,https://www.openstreetmap.org/node/10923949319,Mo-Fr 09:00-21:00; Sa 09:00-20:00; Su 10:00-19:00
11183757935,node,Skinspace,Białej Floty 8,Mokotów,,,Beauty salon; Cosmetics;Aesthetic,Unknown,,,52.1970517,20.9844562,OpenStreetMap / Overpass API,https://www.openstreetmap.org/node/11183757935,Mo-Fr 09:00-21:00; Sa 09:00-15:00
9902583227,node,So Beauty,"Jana Pawła Woronicza 33, 02-640 Warszawa",Mokotów,,,Beauty salon; Aesthetic;Skin Care,Unknown,,,52.1887284,20.9887102,OpenStreetMap / Overpass API,https://www.openstreetmap.org/node/9902583227,Mo-Fr 09:00-21:00; Sa 10:00-18:00
12029694529,node,So Pretty,Wielicka 42,Mokotów,,,Beauty salon,Unknown,,,52.1858806,21.0218727,OpenStreetMap / Overpass API,https://www.openstreetmap.org/node/12029694529,Mo-Fr 08:00-21:00; Sa 08:00-15:00
12551291307,node,So Sensual,Domaniewska 35A,Mokotów,,,Massage,Unknown,,,52.1831557,21.008758,OpenStreetMap / Overpass API,https://www.openstreetmap.org/node/12551291307,
13062038878,node,Solovei,Wiktorska 6,Mokotów,,,Beauty salon; Nails;Hair Removal;Cosmetics;Eyebrow;Eyelash,Unknown,,,52.2011435,21.0227253,OpenStreetMap / Overpass API,https://www.openstreetmap.org/node/13062038878,09:00-20:00
4255574616,node,Sosna Strachota,"Ignacego Krasickiego 24, 02-611 Warszawa",Mokotów,,,Beauty salon; Nails,Unknown,,,52.1945021,21.0203017,OpenStreetMap / Overpass API,https://www.openstreetmap.org/node/4255574616,
13107639798,node,Soul & Relax,Puławska 77,Mokotów,,,Massage,Unknown,,,52.2015979,21.0244078,OpenStreetMap / Overpass API,https://www.openstreetmap.org/node/13107639798,
224408525,way,South Beach Tan,,Mokotów,,,Beauty salon; Tanning;Nails,Unknown,,,52.2053751,21.0233866,OpenStreetMap / Overpass API,https://www.openstreetmap.org/way/224408525,13:00+
12388077301,node,Spa 43,Stanisława Żaryna 5,Mokotów,,,Beauty salon; Massage;Cosmetics;Skin Care,Unknown,,,52.2040212,20.9966237,OpenStreetMap / Overpass API,https://www.openstreetmap.org/node/12388077301,Mo-Fr 09:00-22:00; Sa 08:00-18:00; Su 11:00-18:00
12051340092,node,Spot.9,Czerniowiecka 9,Mokotów,,,Beauty salon,Unknown,,,52.1849804,21.025725,OpenStreetMap / Overpass API,https://www.openstreetmap.org/node/12051340092,Mo-Sa 09:00-20:00
12803694495,node,ST Nail Art,Jana Pawła Woronicza 31,Mokotów,,,Beauty salon; Nails,Unknown,,,52.1885154,20.9941054,OpenStreetMap / Overpass API,https://www.openstreetmap.org/node/12803694495,
11177527130,node,Stories,Chrystiana Piotra Aignera 6,Mokotów,,,Beauty salon; Cosmetics;Eyebrow;Eyelash;Nails;Hair,Unknown,,,52.1936358,21.0456552,OpenStreetMap / Overpass API,https://www.openstreetmap.org/node/11177527130,Mo-Fr 10:00-21:00; Sa 10:00-15:00
10024809550,node,Studio Calypso,Puławska 23/25,Mokotów,,,Beauty salon,Unknown,,,52.2096644,21.022244,OpenStreetMap / Overpass API,https://www.openstreetmap.org/node/10024809550,
7003407355,node,Studio figura,,Mokotów,+48660002002,,Beauty salon,Unknown,,,52.1835967,21.0441924,OpenStreetMap / Overpass API,https://www.openstreetmap.org/node/7003407355,"Mo-Fr 09:00-21:00, Sa 09:00-15:00"
3152305968,node,Studio Fryzur,"Chełmska 12, 00-725 Warszawa",Mokotów,+48228510728,,Hairdresser,Unknown,,,52.2024884,21.0468085,OpenStreetMap / Overpass API,https://www.openstreetmap.org/node/3152305968,Mo-Fr 09:00-19:00; St 09:00-14:00
265724431,way,Studio Fryzur U Kasi,"Barcelońska 6A, 02-762 Warszawa",Mokotów,+48222453032,,Hairdresser,Unknown,,,52.1754858,21.055145,OpenStreetMap / Overpass API,https://www.openstreetmap.org/way/265724431,Mo-Fr 09:00-18:00; Sa 8:00-15:00
13721401544,node,Studio Maru,,Mokotów,,,Beauty salon,Unknown,,,52.2044006,21.0656148,OpenStreetMap / Overpass API,https://www.openstreetmap.org/node/13721401544,
5043643980,node,Studio pielęgnacji zdrowia i urody,"Bluszczańska 65, 00-712 Warszawa",Mokotów,,,Beauty salon,Unknown,,,52.209151,21.0644661,OpenStreetMap / Overpass API,https://www.openstreetmap.org/node/5043643980,Mo-Fr 09:00-21:00; Sa 09:00-14:00
9861342906,node,Studio Tajski Masaż,"Przejazd 4/U8, 02-654 Warszawa",Mokotów,+48667027401,https://studiotajskimasaz.pl,Massage,Unknown,,,52.1926015,20.9878571,OpenStreetMap / Overpass API,https://www.openstreetmap.org/node/9861342906,Tu-Su 12:00-22:00
8385065551,node,Studio Urody Goodday,"Bluszczańska 76, 00-712 Warszawa",Mokotów,+48228912423,http://www.studiogoodday.pl,Beauty salon,Unknown,,,52.2091207,21.0592056,OpenStreetMap / Overpass API,https://www.openstreetmap.org/node/8385065551,Mo-Fr 08:00-20:00; Sa 08:00-14:00
9851034481,node,Studio Zano,Kazimierzowska 43,Mokotów,,,Beauty salon; Cosmetics;Nails;Hair;Hair Removal,Unknown,,,52.2023195,21.0148771,OpenStreetMap / Overpass API,https://www.openstreetmap.org/node/9851034481,
12348312320,node,Suparom,Aleja Wilanowska 309,Mokotów,,,Massage,Unknown,,,52.1776908,21.0296008,OpenStreetMap / Overpass API,https://www.openstreetmap.org/node/12348312320,
7802882880,node,Svetlana Shavela,,Mokotów,+48695664054,,Hairdresser; Nails;Cosmetics,Unknown,,,52.1859863,21.0637652,OpenStreetMap / Overpass API,https://www.openstreetmap.org/node/7802882880,
11469912995,node,Szafir,Soczi 2A,Mokotów,,,Beauty salon; Hair;Cosmetics,Unknown,,,52.1810866,21.0541655,OpenStreetMap / Overpass API,https://www.openstreetmap.org/node/11469912995,Mo-Fr 09:00-19:00
7881550356,node,Szybkie Nożyczki,Racjonalizacji 7,Mokotów,+48790209727,https://szybkienozyczki.pl,Hairdresser,Unknown,,,52.1883977,20.9924142,OpenStreetMap / Overpass API,https://www.openstreetmap.org/node/7881550356,Mo-Fr 10:00-20:00; Sa 10:00-19:00; Su 10:00-17:00
11466155041,node,T&E Group,Wincentego Rzymowskiego 33,Mokotów,,,Beauty salon; Hair;Hair Removal;Cosmetics,Unknown,,,52.1701334,21.0074914,OpenStreetMap / Overpass API,https://www.openstreetmap.org/node/11466155041,
10814210134,node,T&T Nails,"Konstruktorska 5A, Warszawa",Mokotów,,,Beauty salon; Nails;Cosmetics;Eyelash;Eyebrow,Unknown,,,52.1852419,20.9964224,OpenStreetMap / Overpass API,https://www.openstreetmap.org/node/10814210134,Mo-Sa 09:00-20:00; Su 10:00-17:00
11851033677,node,Tamara Nails,,Mokotów,,,Beauty salon; Nails,Unknown,,,52.1729822,21.0194049,OpenStreetMap / Overpass API,https://www.openstreetmap.org/node/11851033677,Mo-Sa 09:00-20:00; Su 09:00-17:00
265975843,node,TaoTao Spa,"Ludwika Narbutta 83, 02-524 Warszawa",Mokotów,,https://www.taotaospa.pl,Beauty salon; Massage,Unknown,,,52.2035256,21.0042459,OpenStreetMap / Overpass API,https://www.openstreetmap.org/node/265975843,
12750217740,node,Thai Bali Rituals,Puławska 108/112,Mokotów,,,Massage,Unknown,,,52.1952358,21.0235666,OpenStreetMap / Overpass API,https://www.openstreetmap.org/node/12750217740,
11093255061,node,Thai Bali Spa,Bukowińska 2,Mokotów,,,Beauty salon; Spa,Unknown,,,52.1785306,21.028317,OpenStreetMap / Overpass API,https://www.openstreetmap.org/node/11093255061,11:00-22:00
13374061688,node,Thai Bali Spa,,Mokotów,,,Massage,Unknown,,,52.1867539,21.0631116,OpenStreetMap / Overpass API,https://www.openstreetmap.org/node/13374061688,11:00-22:00
13004773278,node,Thai O' Bali,Bergamotki 2,Mokotów,,,Massage,Unknown,,,52.17778,21.0436638,OpenStreetMap / Overpass API,https://www.openstreetmap.org/node/13004773278,12:00-22:00
11151044646,node,Thai Organic,"Taśmowa 2, Warszawa",Mokotów,,,Massage,Unknown,,,52.1775119,20.9902802,OpenStreetMap / Overpass API,https://www.openstreetmap.org/node/11151044646,12:00-22:00
9560584774,node,Thao Lashes,"Cybernetyki 15, Warszawa",Mokotów,,https://thaolashes.pl,Beauty salon; Nails;Cosmetics;Eyelash,Unknown,,,52.1764026,20.9929069,OpenStreetMap / Overpass API,https://www.openstreetmap.org/node/9560584774,Mo-Fr 10:00-20:00; Sa 10:00-18:00; Su off
13721401543,node,The Bloom,,Mokotów,,,Beauty salon,Unknown,,,52.204602,21.0649797,OpenStreetMap / Overpass API,https://www.openstreetmap.org/node/13721401543,
1116648146,way,The Body Shop,,Mokotów,+48697915145,https://pl.westfield.com/mokotow/store/Body-Shop/69578,Cosmetics,Unknown,,,52.1795683,21.0031734,OpenStreetMap / Overpass API,https://www.openstreetmap.org/way/1116648146,Mo-Sa 10:00-22:00
13009628654,node,Time Clinic,Aleja Generała Władysława Sikorskiego 18,Mokotów,,,Beauty salon; Aesthetic,Unknown,,,52.1858177,21.0463331,OpenStreetMap / Overpass API,https://www.openstreetmap.org/node/13009628654,
11963106597,node,Time For Wax,Aleja Niepodległości 18,Mokotów,,,Beauty salon; Hair Removal;Waxing,Unknown,,,52.1842761,21.0205214,OpenStreetMap / Overpass API,https://www.openstreetmap.org/node/11963106597,Mo-Fr 10:00-20:00; Oct-Mar Sa 10:00-16:00; Apr-Sep Sa 09:00-17:00
9902558408,node,Time&Spa,"Szyprów 1, 02-654 Warszawa",Mokotów,+48666836363,http://timespa.pl,Beauty salon; Nails;Skin Care,Unknown,,,52.1922498,20.9872187,OpenStreetMap / Overpass API,https://www.openstreetmap.org/node/9902558408,Mo-Fr 09:00-21:30; Sa 08:30-16:30
12346027452,node,Timeless,"Mariana Zdziechowskiego 7, Warszawa",Mokotów,,,Beauty salon; Nails;Hair;Eyebrow,Unknown,,,52.1845036,21.010977,OpenStreetMap / Overpass API,https://www.openstreetmap.org/node/12346027452,Mo-Fr 08:00-20:00; Sa-Su 10:00-20:00
2931457923,node,Top,"Dolna 2A, Warszawa",Mokotów,,,Hairdresser,Unknown,,,52.2019886,21.0342323,OpenStreetMap / Overpass API,https://www.openstreetmap.org/node/2931457923,Mo-Fr 08:00-19:00; Sa 08:00-15:00
11851033686,node,Top Fryzjer,,Mokotów,,,Hairdresser,Unknown,,,52.1724714,21.0192163,OpenStreetMap / Overpass API,https://www.openstreetmap.org/node/11851033686,Mo-Fr 09:00-19:00; Sa 09:00-15:00
5031299130,node,Toppu,"Batalionu AK „Bałtyk” 5, 00-713 Warszawa",Mokotów,+48533130009,https://toppu.pl,Massage,Unknown,,,52.2071132,21.0649891,OpenStreetMap / Overpass API,https://www.openstreetmap.org/node/5031299130,
11093500710,node,Ty Fryzjer,Puławska 108/112,Mokotów,,,Hairdresser,Unknown,,,52.1952965,21.0235636,OpenStreetMap / Overpass API,https://www.openstreetmap.org/node/11093500710,
12029694542,node,U Doroty,Wielicka 40,Mokotów,,,Beauty salon,Unknown,,,52.1855,21.0232227,OpenStreetMap / Overpass API,https://www.openstreetmap.org/node/12029694542,Mo-Fr 09:00-21:00; Sa 09:00-16:00
12458840694,node,U Dziewczyn,Wolfganga Amadeusza Mozarta 3,Mokotów,,,Beauty salon,Unknown,,,52.1732264,21.0302279,OpenStreetMap / Overpass API,https://www.openstreetmap.org/node/12458840694,Mo-Fr 10:00-19:00; Sa 09:00-15:00
6070800744,node,U12 Women's territory,"Batalionu AK „Bałtyk” 5, 00-713 Warszawa",Mokotów,+48576852305,https://booksy.com/pl-pl/147168_u12_fryzjer_3_warszawa,Beauty salon,Unknown,,,52.2070691,21.0649273,OpenStreetMap / Overpass API,https://www.openstreetmap.org/node/6070800744,Mo-Fr 10:00-19:00; Sa 10:00-15:00
7837993984,node,Ulala Nail,"Jana Pawła Woronicza 80, 02-640 Warszawa",Mokotów,+48729631579,,Beauty salon; Nails,Unknown,,,52.1913418,20.9869266,OpenStreetMap / Overpass API,https://www.openstreetmap.org/node/7837993984,Mo-Fr 09:00-19:00; Sa 09:00-16:00; Su off
12396495307,node,Ultima,Lewicka 14,Mokotów,,,Beauty salon,Unknown,,,52.2032228,21.0132441,OpenStreetMap / Overpass API,https://www.openstreetmap.org/node/12396495307,
12912991489,node,Unity,"Wynalazek 3B, Warszawa",Mokotów,,,Hairdresser; Barber,Unknown,,,52.1792007,20.992762,OpenStreetMap / Overpass API,https://www.openstreetmap.org/node/12912991489,10:00-20:00
11170119747,node,Unlmtd,Puławska 186,Mokotów,,,Hairdresser,Unknown,,,52.1812848,21.0223344,OpenStreetMap / Overpass API,https://www.openstreetmap.org/node/11170119747,Mo-Sa 10:00-21:00; Su 10:00-18:00
11942874781,node,Velvet Skin,Aleja Niepodległości 92/98,Mokotów,,,Beauty salon; Skin Care;Aesthetic;Hair Removal;Laser Hair Removal,Unknown,,,52.1990126,21.0125522,OpenStreetMap / Overpass API,https://www.openstreetmap.org/node/11942874781,
12214033690,node,Victoria Nails,"Polkowska 11, 00-727 Warszawa",Mokotów,,,Beauty salon; Nails,Unknown,,,52.2020081,21.047423,OpenStreetMap / Overpass API,https://www.openstreetmap.org/node/12214033690,Mo-Sa 09:00-20:00; Su 10:00-17:00
9959938997,node,Wake Up Beauty,Zygmunta Modzelewskiego 26,Mokotów,,,Beauty salon,Unknown,,,52.1715867,21.0112712,OpenStreetMap / Overpass API,https://www.openstreetmap.org/node/9959938997,Mo-Sa 09:00-21:00; Su off
11851010653,node,Warsztat Cięcia,Puławska 228,Mokotów,,,Hairdresser,Unknown,,,52.1779374,21.0211877,OpenStreetMap / Overpass API,https://www.openstreetmap.org/node/11851010653,
11482377126,node,Wellness Avenue,"Batalionu AK „Bałtyk” 7, 00-713 Warszawa",Mokotów,+48501151453,,Beauty salon,Unknown,,,52.2078457,21.0660015,OpenStreetMap / Overpass API,https://www.openstreetmap.org/node/11482377126,Mo-Fr 10:00-19:00
8045210398,node,Wellness Empire,,Mokotów,,,Beauty salon,Unknown,,,52.1829522,21.0389733,OpenStreetMap / Overpass API,https://www.openstreetmap.org/node/8045210398,Mo-Fr 10:00-20:00; Sa 10:00-15:00
11093467496,node,Wena,Puławska 126,Mokotów,,,Hairdresser,Unknown,,,52.1931343,21.0239999,OpenStreetMap / Overpass API,https://www.openstreetmap.org/node/11093467496,Mo-Fr 11:00-18:00
9851034482,node,Wish,Różana 44,Mokotów,,,Beauty salon; Cosmetics,Unknown,,,52.2017754,21.0117885,OpenStreetMap / Overpass API,https://www.openstreetmap.org/node/9851034482,
10822331410,node,Wo&men,"Aleja Niepodległości 151, Warszawa",Mokotów,,,Beauty salon,Unknown,,,52.20525,21.0088281,OpenStreetMap / Overpass API,https://www.openstreetmap.org/node/10822331410,Mo-Fr 10:00-19:00
13009543520,node,Xoxo,Mangalia 4,Mokotów,,,Beauty salon,Unknown,,,52.1870256,21.046499,OpenStreetMap / Overpass API,https://www.openstreetmap.org/node/13009543520,Mo-Fr 09:00-20:00; Sa 10:00-18:00; Su off
11151044655,node,Xoxo Academy,Wynalazek 2,Mokotów,,,Beauty salon; Cosmetics;Hair;Nails;Eyebrow;Eyelash,Unknown,,,52.1770489,20.9927715,OpenStreetMap / Overpass API,https://www.openstreetmap.org/node/11151044655,Mo-Sa 10:00-20:00
2271385686,node,Yasumi,Domaniewska 39B,Mokotów,,,Beauty salon,Unknown,,,52.1820118,21.0057415,OpenStreetMap / Overpass API,https://www.openstreetmap.org/node/2271385686,Mo-Fr 09:00-21:00; Sa 09:00-17:00
2779609755,node,Yego,"Aleja Niepodległości 142, Warszawa",Mokotów,,,Hairdresser; Barber,Unknown,,,52.2054979,21.0094652,OpenStreetMap / Overpass API,https://www.openstreetmap.org/node/2779609755,"Mo-Th 09:30-19:30; Fr 11:30-19:30; Sa 09:30-14:30 ""on appointment"""
224738400,way,Yvonne,"Jana Pawła Woronicza 30, Warszawa",Mokotów,,,Hairdresser,Unknown,,,52.1892649,21.0146132,OpenStreetMap / Overpass API,https://www.openstreetmap.org/way/224738400,Mo-Fr 09:00-18:00; Sa 09:00-13:00
10560025199,node,Zalotka & Pilniczek,Puławska 38,Mokotów,,,Beauty salon; Nails;Eyelash;Eyebrow;Cosmetics,Unknown,,,52.2043391,21.0226677,OpenStreetMap / Overpass API,https://www.openstreetmap.org/node/10560025199,Mo-Fr 10:00-21:00; Sa 09:00-15:00
12478728559,node,Zang,Belgijska 14,Mokotów,,,Beauty salon; Nails;Eyelash,Unknown,,,52.2026385,21.0240812,OpenStreetMap / Overpass API,https://www.openstreetmap.org/node/12478728559,
11687625687,node,Zaperty Studio,Tadeusza Rejtana 5,Mokotów,,,Beauty salon,Unknown,,,52.2078516,21.0205801,OpenStreetMap / Overpass API,https://www.openstreetmap.org/node/11687625687,Mo-Fr 10:00-20:00; Sa 09:00-16:00
2747764267,node,Zenek,Ludowa 2,Mokotów,,,Hairdresser,Unknown,,,52.2002237,21.0281959,OpenStreetMap / Overpass API,https://www.openstreetmap.org/node/2747764267,Mo-Fr 08:00-18:00; Sa 08:00-14:00
12388008589,node,Zmysłownia,Jana Karola Chodkiewicza 8,Mokotów,,,Massage,Unknown,,,52.2030466,20.9970051,OpenStreetMap / Overpass API,https://www.openstreetmap.org/node/12388008589,
11584193572,node,Zola,Puławska 257,Mokotów,,,Beauty salon; Eyelash;Eyebrow;Cosmetics,Unknown,,,52.169414,21.0192747,OpenStreetMap / Overpass API,https://www.openstreetmap.org/node/11584193572,
12348268659,node,Złoto Fryzjera,Bukowińska 22A,Mokotów,,,Hairdresser,Unknown,,,52.1817118,21.02554,OpenStreetMap / Overpass API,https://www.openstreetmap.org/node/12348268659,Mo-Fr 09:00-20:00; Sa 09:00-14:00
12063642692,node,Aleksandra,Opaczewska 4,Ochota,,,Beauty salon; Nails;Hair;Hair Removal;Cosmetics,Unknown,,,52.2107964,20.9745917,OpenStreetMap / Overpass API,https://www.openstreetmap.org/node/12063642692,Mo-Fr 10:00-19:00; Sa 09:00-14:00
10911843675,node,Amfora,Karola Dickensa 27,Ochota,,,Hairdresser,Unknown,,,52.2077628,20.9647182,OpenStreetMap / Overpass API,https://www.openstreetmap.org/node/10911843675,Mo-Fr 08:00-19:00; Sa 08:00-14:00
1493544324,node,Anna,"Bitwy Warszawskiej 1920 roku 4, Warszawa",Ochota,,,Hairdresser,Unknown,,,52.2115964,20.9761407,OpenStreetMap / Overpass API,https://www.openstreetmap.org/node/1493544324,Mo-Fr 08:00-19:00; Sa 08:00-14:00
13165595894,node,Anna Nails,Karola Dickensa 14,Ochota,,,Nails,Unknown,,,52.2061434,20.9711489,OpenStreetMap / Overpass API,https://www.openstreetmap.org/node/13165595894,
778266780,node,Avenue 217,"Aleja Niepodległości 217, Warszawa",Ochota,,,Beauty salon; Nails;Eyelash;Hair,Unknown,,,52.2174468,21.0045633,OpenStreetMap / Overpass API,https://www.openstreetmap.org/node/778266780,
7865795720,node,Baku City,,Ochota,+48221140008,https://baku-city-barbershop.business.site,Hairdresser,Unknown,,,52.1982535,20.9646246,OpenStreetMap / Overpass API,https://www.openstreetmap.org/node/7865795720,Mo-Sa 09:00-21:00; Su 10:00-19:00
7737977081,node,Barber Shop,Grójecka 32,Ochota,+48579899108,https://booksy.com/pl-pl/16155_barber-shop-cut-n-shave_barber-shop_3_warszawa,Hairdresser,Unknown,,,52.2203711,20.984283,OpenStreetMap / Overpass API,https://www.openstreetmap.org/node/7737977081,Mo-Fr 09:00-21:00; Sa 10:00-16:00
12276904141,node,"Barber Shop ""Ochota""",,Ochota,+48668330833,,Hairdresser; Barber,Unknown,,,52.2148988,20.9688624,OpenStreetMap / Overpass API,https://www.openstreetmap.org/node/12276904141,Mo-Fr 09:00-20:00; Sa 09:00-16:00
13894344630,node,Barbersquad,,Ochota,,,Hairdresser; Barber,Unknown,,,52.2123416,20.978122,OpenStreetMap / Overpass API,https://www.openstreetmap.org/node/13894344630,
11172234948,node,Beauty Secret,Aleja Niepodległości 227/233,Ochota,,,Hairdresser,Unknown,,,52.2194033,21.0045771,OpenStreetMap / Overpass API,https://www.openstreetmap.org/node/11172234948,
11193343204,node,Beautymed,,Ochota,,https://maeselle.com,Beauty salon; Aesthetic,Unknown,,,52.2028673,20.9482482,OpenStreetMap / Overpass API,https://www.openstreetmap.org/node/11193343204,
13150019870,node,BES,Grójecka 128D,Ochota,,,Hairdresser,Unknown,,,52.2045847,20.9701518,OpenStreetMap / Overpass API,https://www.openstreetmap.org/node/13150019870,
13165556133,node,Bez Retuszu,Grójecka 112,Ochota,,,Beauty salon; Cosmetics,Unknown,,,52.2083997,20.9735422,OpenStreetMap / Overpass API,https://www.openstreetmap.org/node/13165556133,
13015816777,node,BFancy,Aleje Jerozolimskie 109,Ochota,,,Beauty salon; Nails;Eyelash;Eyebrow;Hair;Massage,Unknown,,,52.225913,20.9945782,OpenStreetMap / Overpass API,https://www.openstreetmap.org/node/13015816777,09:00-21:00
11059782621,node,Boho Spa,Tarczyńska 5/9,Ochota,,,Beauty salon; Nails;Skin Care;Massage;Hair Removal;Eyebrow,Unknown,,,52.2232259,20.9891485,OpenStreetMap / Overpass API,https://www.openstreetmap.org/node/11059782621,
5657151505,node,Bolek,"Opaczewska 28, 02-372 Warszawa",Ochota,+48601360679,,Hairdresser,Unknown,,,52.2104822,20.9683335,OpenStreetMap / Overpass API,https://www.openstreetmap.org/node/5657151505,Mo-Fr 10:00-18:00; Sa 09:00-12:00
7737977080,node,Carmina,Grójecka 32,Ochota,,,Hairdresser,Unknown,,,52.2204494,20.9843378,OpenStreetMap / Overpass API,https://www.openstreetmap.org/node/7737977080,Mo-Fr 09:00-19:00; Sa 08:00-14:00
13019248761,node,Chik,,Ochota,+48578012149,,Hairdresser,Unknown,,,52.2012336,20.9670401,OpenStreetMap / Overpass API,https://www.openstreetmap.org/node/13019248761,Mo-Sa 10:00-20:00; Su 11:00-15:00
13150019866,node,Chwila Dla Ciebie,Grójecka 128D,Ochota,,,Hairdresser,Unknown,,,52.204618,20.9701929,OpenStreetMap / Overpass API,https://www.openstreetmap.org/node/13150019866,Mo-Fr 09:00-20:00; Sa 08:00-14:00
8388691488,node,Cut&Beauty,,Ochota,,,Beauty salon,Unknown,,,52.2013441,20.9638321,OpenStreetMap / Overpass API,https://www.openstreetmap.org/node/8388691488,
13015816774,node,Cuts & Colors,Aleje Jerozolimskie 107,Ochota,,,Hairdresser,Unknown,,,52.2258145,20.9947624,OpenStreetMap / Overpass API,https://www.openstreetmap.org/node/13015816774,Mo-Fr 10:00-21:00; Sa 10:00-18:00
13150277902,node,DepilWay,Grójecka 128B,Ochota,,,Beauty salon; Waxing;Hair Removal;Cosmetics,Unknown,,,52.2040393,20.9696776,OpenStreetMap / Overpass API,https://www.openstreetmap.org/node/13150277902,Mo-Fr 09:00-18:00; Sa 10:00-15:00; Su off
7737901536,node,Dr Irena Eris,Grójecka 68,Ochota,+48510077118,https://instytuty.drirenaeris.com/znajdz-kosmetyczny-instytut/warszawa/warszawa-ul-grojecka,Beauty salon; Skin Care;Aesthetic;Nails;Pedicure;Massage;Waxing,Unknown,,,52.2141949,20.9787909,OpenStreetMap / Overpass API,https://www.openstreetmap.org/node/7737901536,Mo-Sa 10:00-20:00
4876545521,node,Efekt,Walentego Skorochód-Majewskiego 18,Ochota,+48783163337,,Hairdresser,Unknown,,,52.206103,20.9736651,OpenStreetMap / Overpass API,https://www.openstreetmap.org/node/4876545521,Mo-Fr 08:00-19:00; Sa 09:00-14:00
9917378902,node,Esthetic Studio,Aleje Jerozolimskie 113/115,Ochota,,,Beauty salon; Hair Removal;Aesthetic;Nails;Hair;Eyebrow;Eyelash;Cosmetics,Unknown,,,52.2255282,20.9936123,OpenStreetMap / Overpass API,https://www.openstreetmap.org/node/9917378902,
4889563736,node,Ewa Orłowska,"Grójecka 71, Warszawa",Ochota,,,Hairdresser,Unknown,,,52.2123171,20.9781016,OpenStreetMap / Overpass API,https://www.openstreetmap.org/node/4889563736,
7137732488,node,Flame,Aleje Jerozolimskie 109,Ochota,,,Hairdresser; Barber,Unknown,,,52.2258934,20.9944901,OpenStreetMap / Overpass API,https://www.openstreetmap.org/node/7137732488,Mo-Sa 10:00-20:00
7839634032,node,For,Juliana Ursyna Niemcewicza 7/9,Ochota,+48517049949,https://studiofor.pl,Hairdresser; Hair;Nails;Pedicure,Unknown,,,52.2208298,20.9860344,OpenStreetMap / Overpass API,https://www.openstreetmap.org/node/7839634032,Mo-Fr 08:00-20:00; Sa 08:00-15:00
7737901525,node,Gabinet kosmetyczno fryzjerski,,Ochota,+48228225787,,Beauty salon,Unknown,,,52.2117758,20.9756112,OpenStreetMap / Overpass API,https://www.openstreetmap.org/node/7737901525,Mo-Fr 08:00-18:00; Sa 08:00-14:00
11766378435,node,Golibroda Warszawski Syren,Filtrowa 68,Ochota,,,Hairdresser,Unknown,,,52.2195318,20.985705,OpenStreetMap / Overpass API,https://www.openstreetmap.org/node/11766378435,
1855511205,node,Haircut Express,"Bitwy Warszawskiej 1920 roku 23, 02-366 Warszawa",Ochota,,,Hairdresser,Unknown,,,52.215472,20.9616557,OpenStreetMap / Overpass API,https://www.openstreetmap.org/node/1855511205,
13585320942,node,Haircut Express,Mołdawska 7,Ochota,,,Hairdresser,Unknown,,,52.1985939,20.9780006,OpenStreetMap / Overpass API,https://www.openstreetmap.org/node/13585320942,Mo-Sa 09:00-21:00; Su 09:00-19:00
12063642685,node,Hajduk Wiesław. Fryzjerstwo męskie,Opaczewska 16,Ochota,+48606754907,,Hairdresser,Unknown,,,52.2107539,20.972364,OpenStreetMap / Overpass API,https://www.openstreetmap.org/node/12063642685,Mo-Fr 09:00-19:00; Sa 07:00-14:00
13150147839,node,Hana Brows,Grójecka 128C,Ochota,,,Beauty salon; Eyebrow;Cosmetics;Eyelash,Unknown,,,52.2041422,20.9698528,OpenStreetMap / Overpass API,https://www.openstreetmap.org/node/13150147839,Mo-Fr 09:00-20:00; Sa 10:00-20:00
7737977076,node,Hiền Hòa Nails,"Grójecka 28/30, 02-308 Warszawa",Ochota,+48886806687,,Beauty salon; Nails,Unknown,,,52.2207334,20.9845704,OpenStreetMap / Overpass API,https://www.openstreetmap.org/node/7737977076,Mo-Fr 09:00-19:00; Sa 10:00-18:00
3870509481,node,Hop-Chop BarberShop,"Włodarzewska 83, 02-393 Warszawa",Ochota,+48577515946,https://hopchop.pl/warszawa-ochota.html,Hairdresser,Unknown,,,52.2026764,20.9492304,OpenStreetMap / Overpass API,https://www.openstreetmap.org/node/3870509481,Mo-Fr 09:00-20:00; Sa 09:00-17:00
7865795721,node,Igigi Beauty,,Ochota,+48224154217,https://www.igigibeauty.com,Beauty salon,Unknown,,,52.1981924,20.9645678,OpenStreetMap / Overpass API,https://www.openstreetmap.org/node/7865795721,"Tu-Fr 10:00-19:00; Sa,Su 10:00-17:00"
11172234949,node,Instytut Estetyczny,Aleja Niepodległości 227/233,Ochota,,,Beauty salon; Cosmetics;Aesthetic,Unknown,,,52.2191538,21.0045867,OpenStreetMap / Overpass API,https://www.openstreetmap.org/node/11172234949,Mo-Fr 09:00-21:00; Sa 09:00-17:00
13585398228,node,IU,Racławicka 131,Ochota,,,Beauty salon,Unknown,,,52.1979231,20.9791264,OpenStreetMap / Overpass API,https://www.openstreetmap.org/node/13585398228,
13165595879,node,Iwona,Grójecka 122,Ochota,,,Hairdresser,Unknown,,,52.2067679,20.9721055,OpenStreetMap / Overpass API,https://www.openstreetmap.org/node/13165595879,Mo-Fr 08:00-19:00; Sa 08:00-15:00
1795363610,node,Jean Louis David,"Grójecka 22/24, Warszawa",Ochota,,,Hairdresser,Unknown,,,52.221763,20.9854938,OpenStreetMap / Overpass API,https://www.openstreetmap.org/node/1795363610,Mo-Fr 09:00-21:00; Sa 08:00-20:00
10908622668,node,Joot,Aleje Jerozolimskie 121/123,Ochota,,,Beauty salon; Nails;Cosmetics;Hair,Unknown,,,52.2251577,20.9921091,OpenStreetMap / Overpass API,https://www.openstreetmap.org/node/10908622668,Mo-Fr 10:00-20:00; Sa 09:00-15:00
7720790374,node,Każde Piękno,"Grójecka 45, 02-031 Warszawa",Ochota,,,Beauty salon; Cosmetics;Tanning;Eyebrow;Hair;Nails,Unknown,,,52.2164625,20.9817265,OpenStreetMap / Overpass API,https://www.openstreetmap.org/node/7720790374,Mo-Fr 09:00-19:00; Sa 09:00-14:00
7804813877,node,Konstanty i Synowie,Grójecka 47/51,Ochota,+48665447400,,Hairdresser,Unknown,,,52.2156329,20.9809572,OpenStreetMap / Overpass API,https://www.openstreetmap.org/node/7804813877,Mo-Fr 08:00-19:00; Sa 08:00-16:00
11059873633,node,Korbacz Barber Shop,Filtrowa 64,Ochota,,,Hairdresser,Unknown,,,52.2196814,20.9870442,OpenStreetMap / Overpass API,https://www.openstreetmap.org/node/11059873633,Mo-Fr 08:00-21:00; Sa 09:00-17:00
7723508435,node,Kątem Oka,"Kaliska 19/21, 02-042 Warszawa",Ochota,+48537093675,https://booksy.com/pl-pl/9387_katem-oka_brwi-i-rzesy_3_warszawa,Beauty salon; Nails;Hair Removal;Pedicure;Eyebrow;Eyelash;Skin Care;Cosmetic Studio,Unknown,,,52.2209734,20.9806284,OpenStreetMap / Overpass API,https://www.openstreetmap.org/node/7723508435,Mo-Fr 09:00-21:00; Sa 10:00-16:00; Su off; PH off
12800837796,node,La Premiére,Grójecka 107,Ochota,,,Beauty salon,Unknown,,,52.2065849,20.97341,OpenStreetMap / Overpass API,https://www.openstreetmap.org/node/12800837796,Mo-Fr 08:00-20:00; Sa 09:00-16:00
10678475676,node,Las Palmas,,Ochota,,,Beauty salon,Unknown,,,52.2159006,20.9734085,OpenStreetMap / Overpass API,https://www.openstreetmap.org/node/10678475676,
7865795717,node,Lashes & Brows,,Ochota,+48577677037,,Hairdresser,Unknown,,,52.19876,20.9650631,OpenStreetMap / Overpass API,https://www.openstreetmap.org/node/7865795717,"open ""on appointment"""
13585398230,node,LaVi,Racławicka 129,Ochota,,,Beauty salon; Nails;Cosmetics;Aesthetic;Skin Care;Hair,Unknown,,,52.1979354,20.9805365,OpenStreetMap / Overpass API,https://www.openstreetmap.org/node/13585398230,
3712293016,node,Le Kurnique,,Ochota,+48228228739,https://lekurnique.pl,Hairdresser; Aesthetic;Cosmetics;Skin Care,Unknown,,,52.2207205,20.9780869,OpenStreetMap / Overpass API,https://www.openstreetmap.org/node/3712293016,Mo-Fr 07:00-21:00; Sa 08:00-16:00
11059782619,node,Lusia,Tarczyńska 3,Ochota,,,Hairdresser,Unknown,,,52.2233664,20.989294,OpenStreetMap / Overpass API,https://www.openstreetmap.org/node/11059782619,Mo-Fr 08:00-19:00; Sa 08:00-14:00
7805053287,node,Manicured,,Ochota,,,Beauty salon; Nails,Unknown,,,52.2130445,20.9787068,OpenStreetMap / Overpass API,https://www.openstreetmap.org/node/7805053287,Mo-Sa 09:00-20:00; Su 10:00-18:00
13150321001,node,Marbello,Grójecka 128B,Ochota,,,Beauty salon; Cosmetics;Tanning,Unknown,,,52.2040752,20.9697053,OpenStreetMap / Overpass API,https://www.openstreetmap.org/node/13150321001,"Mo-Fr ""on appointment"""
7125029262,node,Marzena Bałaga,"Wacława Sierpińskiego 3, Warszawa",Ochota,+48502752591,,Massage,Unknown,,,52.2006535,20.9690613,OpenStreetMap / Overpass API,https://www.openstreetmap.org/node/7125029262,Mo-Su 10:00-21:00
13415998318,node,MB Nails,,Ochota,,,Beauty salon; Nails,Unknown,,,52.2014297,20.9826548,OpenStreetMap / Overpass API,https://www.openstreetmap.org/node/13415998318,Mo-Fr 10:00-19:30; Sa-Su 11:00-19:00
4817575900,node,Mistic,,Ochota,,,"Hairdresser; Nails,Tanning,Cosmetics,Hair",Unknown,,,52.2215377,20.9812805,OpenStreetMap / Overpass API,https://www.openstreetmap.org/node/4817575900,Mo-Fr 08:00-20:00; Sa-Su 08:00-15:00; PH off
7922939517,node,Modik,,Ochota,+48228229462,,Hairdresser,Unknown,,,52.2187845,20.9821528,OpenStreetMap / Overpass API,https://www.openstreetmap.org/node/7922939517,Mo-Fr 08:00-20:00; Sa 08:00-16:00; PH off
5342351681,node,Modnisiowo,,Ochota,,https://www.modnisiowo.pl,Hairdresser,Unknown,,,52.2122905,20.9546563,OpenStreetMap / Overpass API,https://www.openstreetmap.org/node/5342351681,Mo-Sa 10:00-22:00; Su 10:00-20:00
5657095116,node,Nail Bar Residence,"Elizy Orzeszkowej 14, 02-374 Warszawa",Ochota,+48600303603,http://nailbarresidence.pl,Beauty salon,Unknown,,,52.2112427,20.9691548,OpenStreetMap / Overpass API,https://www.openstreetmap.org/node/5657095116,Mo-Sa 09:00-21:00; Su 10:00-17:00
6144755885,node,Natura,,Ochota,,,Cosmetics,Unknown,,,52.2210991,20.9733768,OpenStreetMap / Overpass API,https://www.openstreetmap.org/node/6144755885,
9067432652,node,Neonail,,Ochota,,,Cosmetics,Unknown,,,52.212397,20.9554641,OpenStreetMap / Overpass API,https://www.openstreetmap.org/node/9067432652,
5657068971,node,Oaza urody,"Białobrzeska 15, 02-370 Warszawa",Ochota,,,Beauty salon,Unknown,,,52.2124638,20.9702788,OpenStreetMap / Overpass API,https://www.openstreetmap.org/node/5657068971,Mo-Fr 10:00-18:00; Sa 08:00-14:00
7726516780,node,Ochy Achy,"Grójecka 60, 02-339 Warszawa",Ochota,,,Hairdresser,Unknown,,,52.2156035,20.9800551,OpenStreetMap / Overpass API,https://www.openstreetmap.org/node/7726516780,
13585398224,node,Parvis Barber House,Racławicka 133,Ochota,,,Hairdresser; Barber,Unknown,,,52.1979404,20.9783845,OpenStreetMap / Overpass API,https://www.openstreetmap.org/node/13585398224,
9410290518,node,Petit,,Ochota,+48504947160,,Beauty salon; Skin Care,Unknown,,,52.2222485,20.9840557,OpenStreetMap / Overpass API,https://www.openstreetmap.org/node/9410290518,Mo-Fr 10:00-20:00; Sa 10:00-16:00
5657095118,node,Przystanek Fryzjer,"Elizy Orzeszkowej 8, 02-374 Warszawa",Ochota,+48666815246,,Hairdresser,Unknown,,,52.2115537,20.9692361,OpenStreetMap / Overpass API,https://www.openstreetmap.org/node/5657095118,
930822118,way,Rose Nails,"Władysława Korotyńskiego 17A, 02-123 Warszawa",Ochota,+48697585915,,Beauty salon; Nails,Unknown,,,52.2029546,20.9673371,OpenStreetMap / Overpass API,https://www.openstreetmap.org/way/930822118,Mo-Su 09:00-19:30
129434050,way,"Salon urody dla dzieci ""Smykolandia""","Szczęśliwicka 49A, 02-353 Warszawa",Ochota,+48510435745,https://pl-pl.facebook.com/SmykolandiaSalonUrodydlaDzieci,Beauty salon,Unknown,,,52.211441,20.9665465,OpenStreetMap / Overpass API,https://www.openstreetmap.org/way/129434050,
9410290521,node,Salon Wisła,,Ochota,+48534925726,https://www.salonwisla.com,Beauty salon; Nails;Eyebrow;Eyelash,Unknown,,,52.2216067,20.9847372,OpenStreetMap / Overpass API,https://www.openstreetmap.org/node/9410290521,Mo-Fr 10:00-21:00; Sa 10:00-18:00
5257315201,node,Semilac,"Aleje Jerozolimskie 179, 02-222 Warszawa",Ochota,+48733002674,,Beauty salon,Unknown,,,52.2132151,20.9563816,OpenStreetMap / Overpass API,https://www.openstreetmap.org/node/5257315201,
13308194500,node,Sephora,,Ochota,,,Cosmetics,Unknown,,,52.2121767,20.9506322,OpenStreetMap / Overpass API,https://www.openstreetmap.org/node/13308194500,
3797463174,node,Smart Nails,Grójecka 29,Ochota,+48795004555,https://smart-nails.pl,Beauty salon; Nails;Skin Care;Cosmetics;Eyelash;Waxing,Unknown,,,52.2207095,20.9854618,OpenStreetMap / Overpass API,https://www.openstreetmap.org/node/3797463174,Mo-Fr 08:00-21:00; Sa 09:00-16:00
9067432653,node,Socci,,Ochota,,,Cosmetics,Unknown,,,52.2123956,20.9555668,OpenStreetMap / Overpass API,https://www.openstreetmap.org/node/9067432653,
7865795716,node,Strefa Vacu VS,,Ochota,,,Beauty salon,Unknown,,,52.1988932,20.9651818,OpenStreetMap / Overpass API,https://www.openstreetmap.org/node/7865795716,Mo-Fr 10:00-20:00; Sa 09:00-14:00
13150147846,node,Studio Pasja,Grójecka 128C,Ochota,,,Hairdresser,Unknown,,,52.2042995,20.9699367,OpenStreetMap / Overpass API,https://www.openstreetmap.org/node/13150147846,Mo-Fr 10:00-20:00; Sa 09:00-17:00
243775127,way,Sunners,"Stefana Banacha 5, 02-097 Warszawa",Ochota,+48228233990,,Hairdresser,Unknown,,,52.2104126,20.97791,OpenStreetMap / Overpass API,https://www.openstreetmap.org/way/243775127,Mo-Fr 08:00-20:00; Sa 08:00-16:00
7805053306,node,Thai Bali Spa,Grójecka 53/57,Ochota,,,Massage; Spa,Unknown,,,52.2153771,20.9807371,OpenStreetMap / Overpass API,https://www.openstreetmap.org/node/7805053306,11:00-22:00
9067432631,node,The Body Shop,,Ochota,,,Cosmetics,Unknown,,,52.2122879,20.9558705,OpenStreetMap / Overpass API,https://www.openstreetmap.org/node/9067432631,
7805053298,node,The Sadovsky,Grójecka 59/63,Ochota,,,Hairdresser; Barber,Unknown,,,52.2148667,20.9802915,OpenStreetMap / Overpass API,https://www.openstreetmap.org/node/7805053298,Mo-Fr 10:00-21:00; Sa 10:00-18:00
11745948202,node,TolAk,,Ochota,,,Hairdresser,Unknown,,,52.2144004,20.9755227,OpenStreetMap / Overpass API,https://www.openstreetmap.org/node/11745948202,
13165595881,node,Top Fryzjer,Grójecka 122,Ochota,,,Hairdresser,Unknown,,,52.2065427,20.9719151,OpenStreetMap / Overpass API,https://www.openstreetmap.org/node/13165595881,Mo-Fr 08:00-19:00; Sa 08:00-15:00
7839634015,node,Uroda w Kamienicy,,Ochota,+48780022823,,Hairdresser,Unknown,,,52.2190142,20.9886552,OpenStreetMap / Overpass API,https://www.openstreetmap.org/node/7839634015,
12066951357,node,Venus,,Ochota,,,Beauty salon; Massage;Nails;Skin Care,Unknown,,,52.2018664,20.9567853,OpenStreetMap / Overpass API,https://www.openstreetmap.org/node/12066951357,Mo-Fr 12:00-20:00; Sa 09:00-16:00
11693588115,node,Vogue,"Włodarzewska 55B, 02-384 Warszawa",Ochota,+48228240970,,Hairdresser,Unknown,,,52.2019201,20.9563276,OpenStreetMap / Overpass API,https://www.openstreetmap.org/node/11693588115,Mo-Fr 08:00-20:00; Sa 08:00-17:00; PH off
9272028152,node,Wenus,,Ochota,,,Hairdresser,Unknown,,,52.2167839,20.9805814,OpenStreetMap / Overpass API,https://www.openstreetmap.org/node/9272028152,Mo-Fr 07:00-19:00; Sa 08:00-13:00
9097470293,node,Zaczes,,Ochota,,,Hairdresser,Unknown,,,52.2013414,20.9667096,OpenStreetMap / Overpass API,https://www.openstreetmap.org/node/9097470293,
3195384148,node,2misie,"Jana Nowaka-Jeziorańskiego 9, 03-984 Warszawa",Praga-Południe,,http://www.2misie.com,Hairdresser,Unknown,,,52.2301306,21.1034723,OpenStreetMap / Overpass API,https://www.openstreetmap.org/node/3195384148,Mo-Fr 11:00-20:00; Sa 09:00-16:00
687040465,node,Ada,Grochowska 158,Praga-Południe,,,Hairdresser,Unknown,,,52.2436306,21.0977253,OpenStreetMap / Overpass API,https://www.openstreetmap.org/node/687040465,"Mo,We,Fr 08:00-18:00; Tu,Th 08:00-16:00; Sa 08:00-14:00"
8946580446,node,Adam,,Praga-Południe,,,Hairdresser,Unknown,,,52.2453435,21.0800815,OpenStreetMap / Overpass API,https://www.openstreetmap.org/node/8946580446,Mo-Fr 09:00-18:00; Sa 08:00-13:00
11314884918,node,Agata Szpejna,Francuska 5A,Praga-Południe,,,Hairdresser,Unknown,,,52.2321443,21.0550717,OpenStreetMap / Overpass API,https://www.openstreetmap.org/node/11314884918,
13290579865,node,Aleksandra Szewczuk,Kokoryczki 5,Praga-Południe,,,Beauty salon; Cosmetics;Aesthetic,Unknown,,,52.2351662,21.1225774,OpenStreetMap / Overpass API,https://www.openstreetmap.org/node/13290579865,
12037580575,node,Alpha Barberia,"Mińska 62, 03-828 Warszawa",Praga-Południe,,,Hairdresser; Barber,Unknown,,,52.2503057,21.0675129,OpenStreetMap / Overpass API,https://www.openstreetmap.org/node/12037580575,Mo-Fr 08:00-21:00; Sa 08:00-16:00; Su 10:00-16:00
1159184441,way,Amari spa,,Praga-Południe,+48512729999,https://amarispa.pl,Massage,Unknown,,,52.2319502,21.1061118,OpenStreetMap / Overpass API,https://www.openstreetmap.org/way/1159184441,Mo-Sa 10:00-21:00; Su 10:00-20:00
9308632812,node,American Nails,,Praga-Południe,,,Beauty salon; Nails,Unknown,,,52.2462033,21.085302,OpenStreetMap / Overpass API,https://www.openstreetmap.org/node/9308632812,
12172745383,node,Anna Nails,,Praga-Południe,,,Beauty salon; Nails,Unknown,,,52.2442026,21.088142,OpenStreetMap / Overpass API,https://www.openstreetmap.org/node/12172745383,
11314061569,node,Anna. House of nails and brows,"Kamionkowska 19, 03-805 Warszawa",Praga-Południe,,,Beauty salon; Nails,Unknown,,,52.2477005,21.0624548,OpenStreetMap / Overpass API,https://www.openstreetmap.org/node/11314061569,Mo-Fr 10:00-20:00; Sa 10:00-16:00
13357596415,node,Atelier Piotrowski,Grochowska 144H,Praga-Południe,,,Hairdresser,Unknown,,,52.2432818,21.0993566,OpenStreetMap / Overpass API,https://www.openstreetmap.org/node/13357596415,
9988813718,node,B studio,,Praga-Południe,+48731122222,,Hairdresser,Unknown,,,52.2491039,21.0986619,OpenStreetMap / Overpass API,https://www.openstreetmap.org/node/9988813718,Mo-Fr 09:00-20:00; Sa 08:00-15:00; Su off
8946580458,node,Baku City Barbershop,,Praga-Południe,+48500070236,,Hairdresser; Barber,Unknown,,,52.2452384,21.0815218,OpenStreetMap / Overpass API,https://www.openstreetmap.org/node/8946580458,Mo-Sa 10:00-20:00; Su 10:00-19:00
11638271657,node,Barber,,Praga-Południe,,,Hairdresser,Unknown,,,52.248555,21.0599158,OpenStreetMap / Overpass API,https://www.openstreetmap.org/node/11638271657,
8578886161,node,Barber Kopytek,"Kamionkowska 19, 03-805 Warszawa",Praga-Południe,,https://www.barberkopytek.pl,Hairdresser,Unknown,,,52.2476992,21.0626223,OpenStreetMap / Overpass API,https://www.openstreetmap.org/node/8578886161,Mo-Sa 09:00-19:00
10286570176,node,Barberka,,Praga-Południe,,,Hairdresser,Unknown,,,52.2548798,21.0810693,OpenStreetMap / Overpass API,https://www.openstreetmap.org/node/10286570176,
9991015690,node,Barbershop na Wiatraku,,Praga-Południe,,,Hairdresser; Barber,Unknown,,,52.2455599,21.0840767,OpenStreetMap / Overpass API,https://www.openstreetmap.org/node/9991015690,
10757714135,node,BB Club,Marii Rodziewiczówny 1,Praga-Południe,,,Beauty salon; Nails;Hair;Massage;Eyelash;Eyebrow;Cosmetics,Unknown,,,52.2343495,21.112674,OpenStreetMap / Overpass API,https://www.openstreetmap.org/node/10757714135,09:00-20:00
2343823085,node,Beata,"Prochowa 7, Warszawa",Praga-Południe,,,Hairdresser,Unknown,,,52.2477363,21.088707,OpenStreetMap / Overpass API,https://www.openstreetmap.org/node/2343823085,Mo-Fr 8:00-19:00; Sa 8:00-14:00
10795547135,node,Beauforia,Grochowska 342,Praga-Południe,,,Beauty salon,Unknown,,,52.2473323,21.0555434,OpenStreetMap / Overpass API,https://www.openstreetmap.org/node/10795547135,Mo-Fr 09:00-20:00; Sa 10:00-16:00
461166176,node,Beauty Secret,"Zwycięzców 30, Warszawa",Praga-Południe,,,Beauty salon,Unknown,,,52.2316227,21.0578716,OpenStreetMap / Overpass API,https://www.openstreetmap.org/node/461166176,
2343044388,node,Berenike,"Kobielska 23, Warszawa",Praga-Południe,,,Hairdresser,Unknown,,,52.2471271,21.0856099,OpenStreetMap / Overpass API,https://www.openstreetmap.org/node/2343044388,Mo-Fr 08:00-20:00; Sa 08:00-15:00
2343044374,node,Black cat,,Praga-Południe,,,Hairdresser,Unknown,,,52.2486588,21.0841057,OpenStreetMap / Overpass API,https://www.openstreetmap.org/node/2343044374,Mo-Fr 09:00-21:00; Sa 09:00-10:00+
11314936977,node,Brow Spa,Paryska 35,Praga-Południe,,,Beauty salon; Eyebrow,Unknown,,,52.2299946,21.0565889,OpenStreetMap / Overpass API,https://www.openstreetmap.org/node/11314936977,Mo-Fr 09:00-21:00; Sa 09:00-15:00
11199797570,node,CosmaDerm Instytut,,Praga-Południe,,,Beauty salon,Unknown,,,52.2478472,21.0634177,OpenStreetMap / Overpass API,https://www.openstreetmap.org/node/11199797570,Mo-Fr 09:00-21:00; Sa 10:00-16:00
13357725118,node,Creative,Grochowska 44,Praga-Południe,,,Beauty salon,Unknown,,,52.2393921,21.1163568,OpenStreetMap / Overpass API,https://www.openstreetmap.org/node/13357725118,Mo-Fr 10:00-20:00; Sa 09:00-17:00
10795585240,node,Cut & Go,Targowa 2,Praga-Południe,,,Hairdresser,Unknown,,,52.2480712,21.0483049,OpenStreetMap / Overpass API,https://www.openstreetmap.org/node/10795585240,10:00-20:00
12107973997,node,Czarodziej Barber Shop,"Generała Augusta Emila Fieldorfa „Nila” 10/305, 03-984 Warszawa",Praga-Południe,+48798084615,,Hairdresser,Unknown,,,52.2230622,21.0921553,OpenStreetMap / Overpass API,https://www.openstreetmap.org/node/12107973997,Mo-Fr 08:00-20:00; Sa 09:00-15:00
12670220522,node,Dawid,,Praga-Południe,,,Hairdresser,Unknown,,,52.2331435,21.0858094,OpenStreetMap / Overpass API,https://www.openstreetmap.org/node/12670220522,
3692600823,node,Depil concept,"Jana Nowaka-Jeziorańskiego 9, 03-984 Warszawa",Praga-Południe,,,Beauty salon,Unknown,,,52.2299597,21.1043741,OpenStreetMap / Overpass API,https://www.openstreetmap.org/node/3692600823,
10795547141,node,Dermezo,Grochowska 334,Praga-Południe,,,Beauty salon,Unknown,,,52.2471931,21.0575635,OpenStreetMap / Overpass API,https://www.openstreetmap.org/node/10795547141,
10077558380,node,Dobre miejsce u żony baristy,Stoczkowska 5,Praga-Południe,+48510568400,,Hairdresser,Unknown,,,52.24318,21.1056029,OpenStreetMap / Overpass API,https://www.openstreetmap.org/node/10077558380,
6627638736,node,Dominika Błaszczyk,,Praga-Południe,,,Beauty salon,Unknown,,,52.2401384,21.0841023,OpenStreetMap / Overpass API,https://www.openstreetmap.org/node/6627638736,
12354202182,node,Douglas,,Praga-Południe,,,Cosmetics,Unknown,,,52.2327699,21.0945775,OpenStreetMap / Overpass API,https://www.openstreetmap.org/node/12354202182,
1159184447,way,Elite nail look,,Praga-Południe,+48226117878,https://www.elitenaillook.pl,Beauty salon,Unknown,,,52.2329414,21.1069723,OpenStreetMap / Overpass API,https://www.openstreetmap.org/way/1159184447,Mo-Sa 09:00-21:00; Su 10:00-20:00
7711469098,node,Elvis,,Praga-Południe,,,Hairdresser,Unknown,,,52.2409868,21.1076842,OpenStreetMap / Overpass API,https://www.openstreetmap.org/node/7711469098,Mo-Fr 08:00-18:00; Sa 08:00-14:00
595473662,node,Estetica Perfecta,"Józefa Chłopickiego 40, Warszawa",Praga-Południe,+48787174445,,Beauty salon; Skin Care;Cosmetics,Unknown,,,52.2485618,21.1076505,OpenStreetMap / Overpass API,https://www.openstreetmap.org/node/595473662,
6738576849,node,Euforia,,Praga-Południe,,,Beauty salon; Nails,Unknown,,,52.2423315,21.0769516,OpenStreetMap / Overpass API,https://www.openstreetmap.org/node/6738576849,
420435096,node,Ewa,"Grochowska 54, Warszawa",Praga-Południe,,,Hairdresser,Unknown,,,52.2399903,21.1152356,OpenStreetMap / Overpass API,https://www.openstreetmap.org/node/420435096,Mo-Fr 09:00-19:00; Sa 08:00-15:00
9074397857,node,Extreme Orange,,Praga-Południe,+48228933300,,Beauty salon; Cosmetics;Hair,Unknown,,,52.2341097,21.0994496,OpenStreetMap / Overpass API,https://www.openstreetmap.org/node/9074397857,
10691271911,node,Fabryka Wdzięku,,Praga-Południe,+48791414514,https://fabrykawdzieku.pl,Beauty salon; Skin Care,Unknown,,,52.2447225,21.0741584,OpenStreetMap / Overpass API,https://www.openstreetmap.org/node/10691271911,Mo off; Tu-Fr 11:00-19:00; Sa 09:00-16:00; Su off
11891687786,node,Face Time,,Praga-Południe,+48512699160,https://facetime-cosmetology.pro,Beauty salon,Unknown,,,52.2478059,21.0572088,OpenStreetMap / Overpass API,https://www.openstreetmap.org/node/11891687786,Mo-Su 09:00-21:00
13290718274,node,Fale Loki Koki,Grochowska 230,Praga-Południe,,,Hairdresser,Unknown,,,52.245599,21.0828055,OpenStreetMap / Overpass API,https://www.openstreetmap.org/node/13290718274,Mo-Fr 09:00-17:00
7169636235,node,Figaro,,Praga-Południe,,,Hairdresser,Unknown,,,52.2507757,21.097004,OpenStreetMap / Overpass API,https://www.openstreetmap.org/node/7169636235,
13468581150,node,First Choice,,Praga-Południe,,,Hairdresser,Unknown,,,52.2411608,21.1219176,OpenStreetMap / Overpass API,https://www.openstreetmap.org/node/13468581150,
10226589083,node,Fred Masimo Barbershop,,Praga-Południe,,,Hairdresser,Unknown,,,52.236597,21.0848833,OpenStreetMap / Overpass API,https://www.openstreetmap.org/node/10226589083,Mo-Fr 10:00-20:00; Sa 10:00-19:00
3181345989,node,Fryzjer,"Francuska 48, Warszawa",Praga-Południe,,,Hairdresser,Unknown,,,52.2365876,21.0531675,OpenStreetMap / Overpass API,https://www.openstreetmap.org/node/3181345989,
12784097464,node,fryzjer,,Praga-Południe,,,Hairdresser,Unknown,,,52.2403646,21.0852656,OpenStreetMap / Overpass API,https://www.openstreetmap.org/node/12784097464,Mo-Fr 09:00-18:00; Sa 10:00-14:00; Su off
13241021424,node,Fryzjer Męski Efekt,"Boremlowska 42, 04-338 Warszawa",Praga-Południe,+48797698521,https://www.fryzjer-efekt.waw.pl,Hairdresser,Unknown,,,52.2489945,21.1011528,OpenStreetMap / Overpass API,https://www.openstreetmap.org/node/13241021424,Mo-Fr 09:00-19:00; Sa 09:00-15:00
12037516010,node,Fryzjer Męskie Cięcie – Andrzej Właszczuk,"Mlądzka 48, 04-136 Warszawa",Praga-Południe,+48606599114,,Hairdresser,Unknown,,,52.2421708,21.1002549,OpenStreetMap / Overpass API,https://www.openstreetmap.org/node/12037516010,Mo-Fr 09:00-18:00; Sa 9:00-14:00
9721012817,node,Fryzjer z Pasją,Grochowska 244,Praga-Południe,+48537317317,,Hairdresser,Unknown,,,52.2457518,21.080655,OpenStreetMap / Overpass API,https://www.openstreetmap.org/node/9721012817,"Tu,Th,Fr 10:00-20:00; Mo 10:00-19:00; We 09:00-20:00; Sa 09:00-16:00; Su off"
8946537289,node,Futuro,,Praga-Południe,,,Beauty salon,Unknown,,,52.2438739,21.083887,OpenStreetMap / Overpass API,https://www.openstreetmap.org/node/8946537289,
10795455271,node,Ginger Beauty Zone,Grochowska 278,Praga-Południe,+48510001772,https://ginger-beauty-zone.com,Beauty salon; Nails;Eyebrow;Massage;Cosmetics,Unknown,,,52.2465028,21.0678933,OpenStreetMap / Overpass API,https://www.openstreetmap.org/node/10795455271,Mo-Fr 08:00-21:00; Sa 08:00-16:00; Su off
715791396,node,Gofia,Grochowska 136,Praga-Południe,,,Beauty salon; Nails;Cosmetics;Aesthetic;Massage;Skin Care,Unknown,,,52.2429241,21.1010303,OpenStreetMap / Overpass API,https://www.openstreetmap.org/node/715791396,Mo-Fr 09:00-20:00; Sa 09:00-15:00
7116898584,node,Grażyna,Kinowa 23,Praga-Południe,+48228103351,,Hairdresser,Unknown,,,52.2436502,21.0692543,OpenStreetMap / Overpass API,https://www.openstreetmap.org/node/7116898584,Mo-Fr 08:00-20:00; Sa 08:00-15:00
10021341311,node,Grażyna,Plac Piotra Szembeka 4,Praga-Południe,+48226103537,,Hairdresser,Unknown,,,52.2429487,21.1026966,OpenStreetMap / Overpass API,https://www.openstreetmap.org/node/10021341311,Mo-Fr 08:00-20:00; Sa 08:00-16:00
6790794341,node,Hair Club,,Praga-Południe,,,Hairdresser,Unknown,,,52.2443093,21.0767153,OpenStreetMap / Overpass API,https://www.openstreetmap.org/node/6790794341,Mo-Fr 10:00-20:00; Sa 10:00-18:00
11314050969,node,Hair Club,"Kamionkowska 19, 03-805 Warszawa",Praga-Południe,,,Hairdresser,Unknown,,,52.2477042,21.0625288,OpenStreetMap / Overpass API,https://www.openstreetmap.org/node/11314050969,
13290658471,node,Hair Republic,Grochowska 14G,Praga-Południe,,,Hairdresser,Unknown,,,52.237026,21.1220799,OpenStreetMap / Overpass API,https://www.openstreetmap.org/node/13290658471,
8040948582,node,Hair Spa,Grochowska 56,Praga-Południe,,,Hairdresser,Unknown,,,52.2403758,21.1146241,OpenStreetMap / Overpass API,https://www.openstreetmap.org/node/8040948582,Mo-Fr 08:00-20:00; Sa 08:00-15:00
8019259595,node,Hair Zone,,Praga-Południe,+48510308656,https://www.hairzone.pl,Hairdresser,Unknown,,,52.2452266,21.0817377,OpenStreetMap / Overpass API,https://www.openstreetmap.org/node/8019259595,Mo-Fr 09:00-20:00; Sa 08:00-14:00
9435326954,node,Hollywood,,Praga-Południe,+48662772930,,Beauty salon; Cosmetics;Hair,Unknown,,,52.237023,21.0859953,OpenStreetMap / Overpass API,https://www.openstreetmap.org/node/9435326954,Mo-Su 09:00-22:00
10795547146,node,Imperium Urody,Jana Zamoyskiego 47,Praga-Południe,,,Beauty salon; Nails;Eyelash;Eyebrow;Aesthetic;Hair Removal;Cosmetics,Unknown,,,52.2477199,21.0494293,OpenStreetMap / Overpass API,https://www.openstreetmap.org/node/10795547146,Mo-Fr 10:00-21:00; Sa 07:00-16:00
1159019080,way,Inglot,,Praga-Południe,,,Cosmetics,Unknown,,,52.2320714,21.1059686,OpenStreetMap / Overpass API,https://www.openstreetmap.org/way/1159019080,Mo-Sa 10:00-21:00; Su 10:00-20:00
87902821,way,J'adore Instytut Mińska 29,"Mińska 29A, 03-808 Warszawa",Praga-Południe,+48690193897,https://www.jadoreinstytut.com,Beauty salon; Nails;Tanning;Cosmetics;Skin Care;Waxing;Hair Removal;Spa;Aesthetic Medicine;Mesotherapy;Laser Therapy;Skin Rejuvenation,Unknown,,,52.2493872,21.0603921,OpenStreetMap / Overpass API,https://www.openstreetmap.org/way/87902821,Mo-Sa 08:00-20:00
3874824447,node,Jean Louis David,Francuska 12,Praga-Południe,,,Hairdresser,Unknown,,,52.2328687,21.0553168,OpenStreetMap / Overpass API,https://www.openstreetmap.org/node/3874824447,Mo-Fr 09:00-21:00; Sa 08:00-20:00
1159031692,way,Jean Louis David,,Praga-Południe,+48223915000,https://jld.pl,Hairdresser,Unknown,,,52.2307404,21.1056945,OpenStreetMap / Overpass API,https://www.openstreetmap.org/way/1159031692,Mo-Sa 10:00-21:00; Su off
654108902,node,Jola,"Grochowska 84, Warszawa",Praga-Południe,,,Hairdresser,Unknown,,,52.2411638,21.1093354,OpenStreetMap / Overpass API,https://www.openstreetmap.org/node/654108902,Mo-Fr 12:00-18:00; Sa 09:00-13:00
1159184445,way,K&L hair design group,,Praga-Południe,+48668029578,,Hairdresser,Unknown,,,52.2329049,21.1063983,OpenStreetMap / Overpass API,https://www.openstreetmap.org/way/1159184445,Mo-Sa 10:00-21:00; Su 10:00-20:00
12172654856,node,Kaif,,Praga-Południe,+48735040073,,Beauty salon; Hair;Hair Removal;Cosmetics;Nails,Unknown,,,52.2433742,21.090164,OpenStreetMap / Overpass API,https://www.openstreetmap.org/node/12172654856,Mo-Fr 10:00-20:00; Sa 10:00-16:00; Su off
13020640094,node,Klima Fryzjer,Kamionkowska 9,Praga-Południe,+48504442040,,Hairdresser,Unknown,,,52.2477935,21.0610203,OpenStreetMap / Overpass API,https://www.openstreetmap.org/node/13020640094,"Mo,Su off; Tu-Fr 10:00-19:00; Sa 08:00-14:00"
13290579870,node,KN Nails,Kokoryczki 5,Praga-Południe,,,Beauty salon; Nails,Unknown,,,52.2354448,21.122793,OpenStreetMap / Overpass API,https://www.openstreetmap.org/node/13290579870,
11669467416,node,Kokos,,Praga-Południe,,,Beauty salon; Cosmetics;Hair,Unknown,,,52.236587,21.0848253,OpenStreetMap / Overpass API,https://www.openstreetmap.org/node/11669467416,Mo-Sa 10:00-21:00; Su 11:00-18:00
1159157762,way,Kosmetyczny instytut Dr Irena Eris,,Praga-Południe,+48666052052,https://instytuty.drirenaeris.com/warszawa-praga-poludnie,Beauty salon,Unknown,,,52.230881,21.1063466,OpenStreetMap / Overpass API,https://www.openstreetmap.org/way/1159157762,Mo-Sa 10:00-21:00; Su 10:00-20:00
9996946717,node,Kosmyk,,Praga-Południe,,,Hairdresser,Unknown,,,52.242998,21.0833917,OpenStreetMap / Overpass API,https://www.openstreetmap.org/node/9996946717,
9066914904,node,Koński Ogon,,Praga-Południe,,,Beauty salon; Cosmetics;Hair,Unknown,,,52.2364818,21.0833716,OpenStreetMap / Overpass API,https://www.openstreetmap.org/node/9066914904,
10002459119,node,Kreatywne Studio Fryzur,,Praga-Południe,,,Hairdresser,Unknown,,,52.247803,21.0874878,OpenStreetMap / Overpass API,https://www.openstreetmap.org/node/10002459119,
87902746,way,KRUS,"Mińska 29, 03-808 Warszawa",Praga-Południe,,,Beauty salon,Unknown,,,52.2488448,21.0606226,OpenStreetMap / Overpass API,https://www.openstreetmap.org/way/87902746,
12025409182,node,Kunszt Studio Praga,"Aleja Jerzego Waszyngtona 46/40, 03-910 Warszawa",Praga-Południe,+48536004640,https://kunsztstudio.pl,Beauty salon; Eyebrow;Eyelashes;Nails,Unknown,,,52.2399465,21.061767,OpenStreetMap / Overpass API,https://www.openstreetmap.org/node/12025409182,Mo-Fr 08:00-21:00; Sa 09:00-19:00; Su off
1159031658,way,L'Occitane,,Praga-Południe,+48698128813,https://pl.loccitane.com,Cosmetics,Unknown,,,52.2315928,21.1060747,OpenStreetMap / Overpass API,https://www.openstreetmap.org/way/1159031658,Mo-Sa 10:00-21:00; Su 10:00-20:00
5621792820,node,La Brosse,"Kompasowa 12, 04-048 Warszawa",Praga-Południe,+48228137321,,Hairdresser,Unknown,,,52.231958,21.0842245,OpenStreetMap / Overpass API,https://www.openstreetmap.org/node/5621792820,
9090930764,node,La La Nails,,Praga-Południe,+48514394027,,Beauty salon; Nails,Unknown,,,52.2464467,21.0617061,OpenStreetMap / Overpass API,https://www.openstreetmap.org/node/9090930764,Mo-Su 09:00-20:00
10000455427,node,Lak Lakier Nails,,Praga-Południe,+48571396909,,Beauty salon; Nails,Unknown,,,52.2453881,21.1077916,OpenStreetMap / Overpass API,https://www.openstreetmap.org/node/10000455427,
7258177538,node,Lakiernia,"Międzyborska 10a, 04-041 Warszawa",Praga-Południe,,,Beauty salon; Nails,Unknown,,,52.2320189,21.0875795,OpenStreetMap / Overpass API,https://www.openstreetmap.org/node/7258177538,
9988873819,node,Las Vegas,,Praga-Południe,,,Hairdresser,Unknown,,,52.2459351,21.0854536,OpenStreetMap / Overpass API,https://www.openstreetmap.org/node/9988873819,Mo-Fr 08:00-20:00; Sa 08:00-16:00; PH closed
9308632813,node,Le Mani,,Praga-Południe,,,Beauty salon; Nails,Unknown,,,52.2463639,21.0852328,OpenStreetMap / Overpass API,https://www.openstreetmap.org/node/9308632813,
13357596429,node,Lee,Grochowska 140,Praga-Południe,,,Beauty salon; Nails;Eyelash,Unknown,,,52.2431074,21.1001574,OpenStreetMap / Overpass API,https://www.openstreetmap.org/node/13357596429,Mo-Sa 08:30-19:00; Su 10:00-17:00
12107973980,node,Lee Nails,"Generała Tadeusza Bora-Komorowskiego 7G, 03-982 Warszawa",Praga-Południe,+48729279264,,Beauty salon; Nails,Unknown,,,52.2244333,21.0943589,OpenStreetMap / Overpass API,https://www.openstreetmap.org/node/12107973980,Mo-Fr 09:00-20:00; Sa 09:00-17:00
12172656962,node,Lena Nails,,Praga-Południe,+48739483978,,Beauty salon; Nails,Unknown,,,52.2441955,21.0886856,OpenStreetMap / Overpass API,https://www.openstreetmap.org/node/12172656962,
12877168057,node,Leo Nails,,Praga-Południe,,,Beauty salon; Nails,Unknown,,,52.2449785,21.1045378,OpenStreetMap / Overpass API,https://www.openstreetmap.org/node/12877168057,Mo-Sa 08:00-19:00; Su 10:00-18:00
10795547139,node,Lezo Barbershop,Grochowska 336,Praga-Południe,,,Hairdresser,Unknown,,,52.2472048,21.057379,OpenStreetMap / Overpass API,https://www.openstreetmap.org/node/10795547139,
13021505696,node,Life Beauty Salon,,Praga-Południe,+48883256846,,Beauty salon; Nails,Unknown,,,52.2465861,21.0663006,OpenStreetMap / Overpass API,https://www.openstreetmap.org/node/13021505696,
9988861118,node,Loczek,,Praga-Południe,+48604785577,,Hairdresser,Unknown,,,52.2461484,21.0876214,OpenStreetMap / Overpass API,https://www.openstreetmap.org/node/9988861118,
10002412317,node,Lora Studio,,Praga-Południe,,,Hairdresser; Nails;Hair Removal,Unknown,,,52.2453775,21.0873088,OpenStreetMap / Overpass API,https://www.openstreetmap.org/node/10002412317,
8284461407,node,Love Beauty,"Marii Rodziewiczówny 1, 04-187 Warszawa",Praga-Południe,+48881227150,https://lovebeauty.pl,Beauty salon; Nails;Cosmetics;Spa;Skin Care;Waxing;All,Unknown,,,52.2344862,21.1122652,OpenStreetMap / Overpass API,https://www.openstreetmap.org/node/8284461407,Mo-Fr 15:00-20:00
13290658470,node,Love Nail,Grochowska 14G,Praga-Południe,,,Beauty salon; Nails,Unknown,,,52.2370259,21.1219965,OpenStreetMap / Overpass API,https://www.openstreetmap.org/node/13290658470,
11849628835,node,Lux Salon Hair & Beauty,"Grochowska 324, 03-838 Warszawa",Praga-Południe,+48788995357,,Hairdresser,Unknown,,,52.2473457,21.0595784,OpenStreetMap / Overpass API,https://www.openstreetmap.org/node/11849628835,Mo-Fr 10:00-20:00; Sa 09:00-18:00; Su 10:00-18:00
659107883,node,M&N Beauty,"Grochowska 210, 04-460 Warszawa",Praga-Południe,+48574143050,,Beauty salon; Nails;Cosmetics;Eyelash Extensions;Henna;Manicure;Pedicure,Unknown,,,52.2454728,21.0850388,OpenStreetMap / Overpass API,https://www.openstreetmap.org/node/659107883,Mo-Sa 08:00-20:00; Su off
12354202172,node,Madame,,Praga-Południe,,,Beauty salon; Cosmetics,Unknown,,,52.2327917,21.0944239,OpenStreetMap / Overpass API,https://www.openstreetmap.org/node/12354202172,
12539187231,node,Magiczne Nożyczki,"Kompasowa 1, 04-048 Warszawa",Praga-Południe,,,Hairdresser,Unknown,,,52.2306837,21.0837361,OpenStreetMap / Overpass API,https://www.openstreetmap.org/node/12539187231,Mo-Fr 09:00-20:00; Sa 08:00-15:00; Su off
11684717684,node,Magnifique,,Praga-Południe,,,Hairdresser,Unknown,,,52.2416379,21.1045599,OpenStreetMap / Overpass API,https://www.openstreetmap.org/node/11684717684,
12966638997,node,Make Mani,Grochowska 14D,Praga-Południe,,,Beauty salon; Nails,Unknown,,,52.2370421,21.1217446,OpenStreetMap / Overpass API,https://www.openstreetmap.org/node/12966638997,Mo-Fr 10:00-20:00
11306686371,node,Manic Studio,"Kałuszyńska, 03-809 Warszawa",Praga-Południe,,,Beauty salon; Nails,Unknown,,,52.2489586,21.0638303,OpenStreetMap / Overpass API,https://www.openstreetmap.org/node/11306686371,Mo-Sa 09:00-19:00; Su 09:00-17:00
6806983721,node,Margaret,,Praga-Południe,,,Hairdresser,Unknown,,,52.2455073,21.0762584,OpenStreetMap / Overpass API,https://www.openstreetmap.org/node/6806983721,Mo-Fr 10:00-20:00; Sa 09:00-16:00
3413181811,node,Małe Studio Urody,"Szaserów 106, Warszawa",Praga-Południe,,,Beauty salon,Unknown,,,52.2477401,21.1001956,OpenStreetMap / Overpass API,https://www.openstreetmap.org/node/3413181811,
11634717569,node,Merlin,,Praga-Południe,,,Beauty salon,Unknown,,,52.2459676,21.085239,OpenStreetMap / Overpass API,https://www.openstreetmap.org/node/11634717569,
519244559,node,MezoSkin,,Praga-Południe,,,Beauty salon,Unknown,,,52.2488693,21.051869,OpenStreetMap / Overpass API,https://www.openstreetmap.org/node/519244559,
10108785102,node,Mickey Nails,Aleja Stanów Zjednoczonych 72,Praga-Południe,,,Beauty salon; Nails,Unknown,,,52.2430405,21.0853577,OpenStreetMap / Overpass API,https://www.openstreetmap.org/node/10108785102,Mo-Sa 09:00-20:00; Su 10:00-17:00
10776292018,node,Mila,,Praga-Południe,,,Hairdresser,Unknown,,,52.2468596,21.0779315,OpenStreetMap / Overpass API,https://www.openstreetmap.org/node/10776292018,
3784954758,node,Milord,,Praga-Południe,+48226108503,,Beauty salon,Unknown,,,52.2464873,21.0867968,OpenStreetMap / Overpass API,https://www.openstreetmap.org/node/3784954758,"Mo-Fr 08:00-20:00, Sa 08:00-14:00"
8946716611,node,Mirian,,Praga-Południe,,,Beauty salon,Unknown,,,52.2458603,21.0712342,OpenStreetMap / Overpass API,https://www.openstreetmap.org/node/8946716611,Mo-Fr 10:00-20:00; Sa 09:00-14:00
6791457606,node,Mrs,,Praga-Południe,,,Beauty salon,Unknown,,,52.2424181,21.0798776,OpenStreetMap / Overpass API,https://www.openstreetmap.org/node/6791457606,
11330651469,node,Muse of charm. Studio Beauty by Vira Mysevych,,Praga-Południe,,,Beauty salon,Unknown,,,52.2449064,21.0676082,OpenStreetMap / Overpass API,https://www.openstreetmap.org/node/11330651469,Mo-Su 08:30-21:00
13357626421,node,Nail Garden,Plac Piotra Szembeka 4,Praga-Południe,,,Beauty salon; Nails,Unknown,,,52.2429807,21.1027133,OpenStreetMap / Overpass API,https://www.openstreetmap.org/node/13357626421,
11669467415,node,Nail Space by Nataly,,Praga-Południe,+48501472085,,Beauty salon; Nails,Unknown,,,52.2365687,21.0830889,OpenStreetMap / Overpass API,https://www.openstreetmap.org/node/11669467415,Mo-Fr 10:00-21:00; Sa 10:00-20:00; Su 11:00-17:00
9966044026,node,NanaNails,,Praga-Południe,+48502222654,https://www.facebook.com/NanaNaills,Beauty salon,Unknown,,,52.2450269,21.1126002,OpenStreetMap / Overpass API,https://www.openstreetmap.org/node/9966044026,Mo-Fr 10:00-21:00; Sa 09:00-16:00; Su 10:00-16:00
13468581153,node,Natural Beauty,"Biskupia 48, 04-216 Warszawa",Praga-Południe,,,Beauty salon,Unknown,,,52.2407736,21.1219414,OpenStreetMap / Overpass API,https://www.openstreetmap.org/node/13468581153,
7242521004,node,Neoderma,"Sulejkowska 60B/U4, 04-157 Warszawa",Praga-Południe,,,Beauty salon,Unknown,,,52.2411513,21.097942,OpenStreetMap / Overpass API,https://www.openstreetmap.org/node/7242521004,"Mo-Sa 08:00-20:00; PH,Sa,Su off"
7811564862,node,Nowicki,Murmańska 1A,Praga-Południe,,,Hairdresser; Barber,Unknown,,,52.2349479,21.1262105,OpenStreetMap / Overpass API,https://www.openstreetmap.org/node/7811564862,
12670199920,node,O'Lola,,Praga-Południe,,,Beauty salon; Nails,Unknown,,,52.2328521,21.0860968,OpenStreetMap / Overpass API,https://www.openstreetmap.org/node/12670199920,
10002427818,node,Ocean Urody,,Praga-Południe,,,Beauty salon,Unknown,,,52.247527,21.0913502,OpenStreetMap / Overpass API,https://www.openstreetmap.org/node/10002427818,Mo 14:00-20:00; Tu-Fr 09:00-20:00; Sa 09:00-14:00
10795547127,node,OliVia,Jana Zamoyskiego 49,Praga-Południe,,,Beauty salon; Nails;Skin Care;Cosmetics;Hair Removal,Unknown,,,52.2479946,21.050692,OpenStreetMap / Overpass API,https://www.openstreetmap.org/node/10795547127,
6569998264,node,Orient Massage,,Praga-Południe,,,Massage,Unknown,,,52.2443024,21.0830341,OpenStreetMap / Overpass API,https://www.openstreetmap.org/node/6569998264,Mo-Su 11:00-22:00; PH off
9084585034,node,Ostrobramska Beauty Clinic,,Praga-Południe,+48695410410,,Beauty salon; Hair;Cosmetics,Unknown,,,52.2354222,21.0826744,OpenStreetMap / Overpass API,https://www.openstreetmap.org/node/9084585034,
13357570717,node,Paprika Sun,Grochowska 162/164,Praga-Południe,,,Beauty salon; Tanning,Unknown,,,52.2437523,21.0971757,OpenStreetMap / Overpass API,https://www.openstreetmap.org/node/13357570717,Mo-Fr 10:00-22:00; Sa 10:00-20:00; Su 11:00-18:00
13357702030,node,Paprika Sun,Grochowska 92,Praga-Południe,,,Beauty salon; Tanning,Unknown,,,52.2414002,21.1082401,OpenStreetMap / Overpass API,https://www.openstreetmap.org/node/13357702030,Mo-Fr 10:00-22:00; Sa 10:00-20:00; Su 11:00-18:00
12670132267,node,Paradise,,Praga-Południe,,,Beauty salon; Tanning,Unknown,,,52.2319636,21.0876686,OpenStreetMap / Overpass API,https://www.openstreetmap.org/node/12670132267,
12041545645,node,Pierwiastek Piękna. Gabinet Kosmetyki Profesjonalnej,"Kamionkowska 47/U-1, 03-812 Warszawa",Praga-Południe,+48517658397,http://pierwiastekpiekna.pl,Beauty salon,Unknown,,,52.2473786,21.0688332,OpenStreetMap / Overpass API,https://www.openstreetmap.org/node/12041545645,
9139635111,node,Pirua,"Grochowska 324, 03-838 Warszawa",Praga-Południe,,,Beauty salon; Cosmetics,Unknown,,,52.247109,21.0598208,OpenStreetMap / Overpass API,https://www.openstreetmap.org/node/9139635111,Mo-Fr 07:00-22:00; Sa 10:00-18:00
12397265023,node,Piękno precyzji. Beata Dzik,,Praga-Południe,,,Beauty salon,Unknown,,,52.2484851,21.0605341,OpenStreetMap / Overpass API,https://www.openstreetmap.org/node/12397265023,
11314936971,node,Pod Lampą,Plac Przymierza 3,Praga-Południe,,,Beauty salon; Nails;Cosmetics;Massage;Hair Removal,Unknown,,,52.2309735,21.0560072,OpenStreetMap / Overpass API,https://www.openstreetmap.org/node/11314936971,
12441447850,node,Port de beaute,,Praga-Południe,,,Beauty salon,Unknown,,,52.2501145,21.0644284,OpenStreetMap / Overpass API,https://www.openstreetmap.org/node/12441447850,Mo-Su 09:00-21:00
11671742817,node,Poziom Piękna,,Praga-Południe,,,Beauty salon,Unknown,,,52.2478431,21.0597907,OpenStreetMap / Overpass API,https://www.openstreetmap.org/node/11671742817,
12670132266,node,Pracownia Fryzjerska,,Praga-Południe,,,Hairdresser,Unknown,,,52.2309007,21.0857948,OpenStreetMap / Overpass API,https://www.openstreetmap.org/node/12670132266,
7876347852,node,Pracownia Urody,,Praga-Południe,,,Beauty salon,Unknown,,,52.2312116,21.0667034,OpenStreetMap / Overpass API,https://www.openstreetmap.org/node/7876347852,
13290579861,node,Praski Barber,Kokoryczki 3A,Praga-Południe,,,Hairdresser; Barber,Unknown,,,52.2347695,21.1228491,OpenStreetMap / Overpass API,https://www.openstreetmap.org/node/13290579861,Tu-Fr 10:00-21:00; Sa 08:00-17:00
1773122652,node,Prestige,"Francuska 50, Warszawa",Praga-Południe,,,Hairdresser,Unknown,,,52.2367013,21.0529957,OpenStreetMap / Overpass API,https://www.openstreetmap.org/node/1773122652,
7169619126,node,Prestiż,,Praga-Południe,,,Hairdresser,Unknown,,,52.2498021,21.0937558,OpenStreetMap / Overpass API,https://www.openstreetmap.org/node/7169619126,
1563710518,node,Prima,,Praga-Południe,,,Hairdresser,Unknown,,,52.2373569,21.1040331,OpenStreetMap / Overpass API,https://www.openstreetmap.org/node/1563710518,
5121725221,node,PrivSalon,,Praga-Południe,+48607411312,http://www.privsalon.pl,Beauty salon,Unknown,,,52.2351767,21.0575821,OpenStreetMap / Overpass API,https://www.openstreetmap.org/node/5121725221,Mo-Sa 09:00-18:00
13357596416,node,Prohands,Grochowska 144H,Praga-Południe,,,Massage,Unknown,,,52.2433227,21.0993787,OpenStreetMap / Overpass API,https://www.openstreetmap.org/node/13357596416,
12466834597,node,Qi,,Praga-Południe,,,Hairdresser,Unknown,,,52.2496618,21.0602708,OpenStreetMap / Overpass API,https://www.openstreetmap.org/node/12466834597,Mo-Fr 10:00-21:00; Sa 10:00-20:00; Su off
4914586990,node,Qube,Francuska 22,Praga-Południe,,,Beauty salon,Unknown,,,52.2341838,21.0545111,OpenStreetMap / Overpass API,https://www.openstreetmap.org/node/4914586990,
6731381042,node,Queen Keratin by Anett,,Praga-Południe,+48608568146,,Beauty salon; Hair Colour,Unknown,,,52.2459728,21.0691294,OpenStreetMap / Overpass API,https://www.openstreetmap.org/node/6731381042,Mo-Fr 10:00-20:00; Sa 08:00-14:00; Su off
13357507237,node,R Studio,Grochowska 178/184,Praga-Południe,,,Hairdresser,Unknown,,,52.2453461,21.0900139,OpenStreetMap / Overpass API,https://www.openstreetmap.org/node/13357507237,Mo-Sa 10:00-20:00; Su 10:00-18:00
8170643415,node,Relax,,Praga-Południe,+48228138863,,Beauty salon; Cosmetics;Hair;Skin Care,Unknown,,,52.2388431,21.0843885,OpenStreetMap / Overpass API,https://www.openstreetmap.org/node/8170643415,Mo-Fr 09:00-20:00; Sa 09:00-16:00; Su off
1159019118,way,Rituals,,Praga-Południe,,https://www.rituals.com/pl-pl/store-detail,Cosmetics,Unknown,,,52.232509,21.1067761,OpenStreetMap / Overpass API,https://www.openstreetmap.org/way/1159019118,Mo-Sa 10:00-21:00; Su 10:00-20:00
10039509017,node,Rock&Loc,,Praga-Południe,,,Hairdresser,Unknown,,,52.2441853,21.0990916,OpenStreetMap / Overpass API,https://www.openstreetmap.org/node/10039509017,"Mo,Su off; Tu-Fr 09:00-18:00; Sa 09:00-15:00"
650612854,node,Rokoko,"Jana Zamoyskiego 43, Warszawa",Praga-Południe,,,Hairdresser,Unknown,,,52.2477263,21.0490042,OpenStreetMap / Overpass API,https://www.openstreetmap.org/node/650612854,Mo-Fr 08:00-20:00; Sa 08:00-15:00
12037343769,node,Roszpunka Królestwo Włosów,Sulejkowska 43,Praga-Południe,,,Hairdresser,Unknown,,,52.2401458,21.0985934,OpenStreetMap / Overpass API,https://www.openstreetmap.org/node/12037343769,
9990533717,node,Rzęsy na Wiatraku,,Praga-Południe,,,Beauty salon,Unknown,,,52.245791,21.0840698,OpenStreetMap / Overpass API,https://www.openstreetmap.org/node/9990533717,
11314395267,node,Saint Barbershop,,Praga-Południe,,,Hairdresser,Unknown,,,52.2381435,21.0511733,OpenStreetMap / Overpass API,https://www.openstreetmap.org/node/11314395267,Tu-Th 10:30-20:00; Fr 10:30-15:30; Su 13:00-21:00
11330651369,node,Sakura Beauty,,Praga-Południe,+48504407327,,Beauty salon,Unknown,,,52.2448861,21.0668607,OpenStreetMap / Overpass API,https://www.openstreetmap.org/node/11330651369,Mo-Sa 09:00-21:00
11351960538,node,Salon fryzjerski,,Praga-Południe,+48228106112,,Hairdresser,Unknown,,,52.2469807,21.059894,OpenStreetMap / Overpass API,https://www.openstreetmap.org/node/11351960538,Mo-Fr 08:00-19:00; Sa 08:00-14:00; Su off
11891601294,node,Salon fryzjerski,,Praga-Południe,+48886783750,,Hairdresser,Unknown,,,52.2476927,21.0568124,OpenStreetMap / Overpass API,https://www.openstreetmap.org/node/11891601294,
9996946817,node,Salon Studio,,Praga-Południe,,,Hairdresser,Unknown,,,52.2430406,21.0830639,OpenStreetMap / Overpass API,https://www.openstreetmap.org/node/9996946817,
9739647981,node,Salon „Mademoiselle”,"Józefa Chłopickiego 11/13, 04-314 Warszawa",Praga-Południe,+48226100787,https://salonmademoiselle.business.site,Hairdresser,Unknown,,,52.2458684,21.104788,OpenStreetMap / Overpass API,https://www.openstreetmap.org/node/9739647981,Mo-Fr 09:00-20:00; Sa 09:00-17:00
3143371960,node,Saska Beauty,"Aleja Jerzego Waszyngtona 2A, 03-910 Warszawa",Praga-Południe,+48221197977,https://saskabeauty.pl,Beauty salon; Nails;Waxing;Eyebrow;Eyelash;Hair Removal,Unknown,,,52.2379649,21.0529482,OpenStreetMap / Overpass API,https://www.openstreetmap.org/node/3143371960,Mo-Fr 09:00-21:00; Sa 09:00-15:00
1159019081,way,Semilac,,Praga-Południe,+48795775236,,Cosmetics,Unknown,,,52.2320859,21.1058339,OpenStreetMap / Overpass API,https://www.openstreetmap.org/way/1159019081,Mo-Sa 10:00-21:00; Su 10:00-20:00
1159019077,way,Sephora,,Praga-Południe,,https://www.sephora.com,Cosmetics,Unknown,,,52.2318257,21.1059447,OpenStreetMap / Overpass API,https://www.openstreetmap.org/way/1159019077,Mo-Sa 10:00-21:00; Su 10:00-20:00
6627638732,node,Shoo Revolution,,Praga-Południe,+48797998935,https://lamastudio.com.pl,Hairdresser,Unknown,,,52.2412612,21.0849749,OpenStreetMap / Overpass API,https://www.openstreetmap.org/node/6627638732,Mo-Fr 10:00-20:00; Sa 11:00-15:00; Su off
1159031696,way,shop-dent,,Praga-Południe,,https://www.shop-dent.pl,Cosmetics,Unknown,,,52.2305947,21.1059386,OpenStreetMap / Overpass API,https://www.openstreetmap.org/way/1159031696,Mo-Sa 10:00-21:00; Su 10:00-20:00
13625365932,node,Skin Duty,Marii Rodziewiczówny 1,Praga-Południe,,,Beauty salon; Cosmetics;Aesthetic;Skin Care;Hair Removal;Laser Hair Removal,Unknown,,,52.2341264,21.1126552,OpenStreetMap / Overpass API,https://www.openstreetmap.org/node/13625365932,
1699455585,node,Solarium,,Praga-Południe,,,Hairdresser,Unknown,,,52.2273273,21.0831103,OpenStreetMap / Overpass API,https://www.openstreetmap.org/node/1699455585,
1159019108,way,Stara mydlarnia,,Praga-Południe,,,Cosmetics,Unknown,,,52.2316919,21.1064649,OpenStreetMap / Overpass API,https://www.openstreetmap.org/way/1159019108,Mo-Sa 10:00-21:00; Su 10:00-20:00
13386271351,node,Studio Fryzjerki,,Praga-Południe,+48228702179,,Hairdresser,Unknown,,,52.246521,21.0675569,OpenStreetMap / Overpass API,https://www.openstreetmap.org/node/13386271351,
13186052594,node,Studio Kaja,,Praga-Południe,+48510346600,,Beauty salon,Unknown,,,52.2277594,21.0861533,OpenStreetMap / Overpass API,https://www.openstreetmap.org/node/13186052594,
839598659,node,Studio M Expert,"Wspólna Droga 5, 04-345 Warszawa",Praga-Południe,+48514467121,,Hairdresser,Unknown,,,52.2449471,21.0954514,OpenStreetMap / Overpass API,https://www.openstreetmap.org/node/839598659,
659133936,node,Studio Pielęgnacji Paznokci,"Grochowska 250, Warszawa",Praga-Południe,+48600915556,,Beauty salon; Nails,Unknown,,,52.2458185,21.0794264,OpenStreetMap / Overpass API,https://www.openstreetmap.org/node/659133936,Mo-Fr 09:00-21:00
12670168597,node,Studio Urody,,Praga-Południe,,,Beauty salon,Unknown,,,52.2309587,21.0859217,OpenStreetMap / Overpass API,https://www.openstreetmap.org/node/12670168597,
871717541,way,Studio Urody Ewa,,Praga-Południe,+48505153050,,Beauty salon,Unknown,,,52.2461255,21.107875,OpenStreetMap / Overpass API,https://www.openstreetmap.org/way/871717541,
10002489517,node,Studio7,,Praga-Południe,,,Beauty salon,Unknown,,,52.2471203,21.085394,OpenStreetMap / Overpass API,https://www.openstreetmap.org/node/10002489517,Mo-Fr 09:00-20:00; Sa 09:00-17:00
11881592383,node,Style of Beauty,,Praga-Południe,,,Beauty salon,Unknown,,,52.2453925,21.0744365,OpenStreetMap / Overpass API,https://www.openstreetmap.org/node/11881592383,Mo-Fr 12:00-20:00; Sa 09:00-14:00
8170643416,node,Stylove Włosy,,Praga-Południe,+48730335266,,Hairdresser,Unknown,,,52.2388168,21.0843349,OpenStreetMap / Overpass API,https://www.openstreetmap.org/node/8170643416,
10002466717,node,Stylowe Paznokcie,,Praga-Południe,,,Beauty salon; Nails,Unknown,,,52.247811,21.0874026,OpenStreetMap / Overpass API,https://www.openstreetmap.org/node/10002466717,
11314061669,node,Stópka,"Kamionkowska 19, 03-805 Warszawa",Praga-Południe,+48518171797,https://gabinetstopka.com,Beauty salon; Nails,Unknown,,,52.2477124,21.0623823,OpenStreetMap / Overpass API,https://www.openstreetmap.org/node/11314061669,Mo-Fr 09:00-20:00; Sa 09:00-15:00
1159031701,way,Super-Pharm,,Praga-Południe,+48222762482,https://www.superpharm.pl,Cosmetics,Unknown,,,52.2305868,21.1062091,OpenStreetMap / Overpass API,https://www.openstreetmap.org/way/1159031701,Mo-Sa 09:00-21:00; Su 10:00-20:00
4464320090,node,Szalone Nożyczki,03-984,Praga-Południe,,,Hairdresser,Unknown,,,52.2238241,21.094888,OpenStreetMap / Overpass API,https://www.openstreetmap.org/node/4464320090,
5895602708,node,szybkifryzjer.pl,,Praga-Południe,,https://szybkifryzjer.pl,Hairdresser,Unknown,,,52.2262866,21.0990771,OpenStreetMap / Overpass API,https://www.openstreetmap.org/node/5895602708,
11314884917,node,Tajski Sen,Francuska 5A,Praga-Południe,,,Massage,Unknown,,,52.2321016,21.0551012,OpenStreetMap / Overpass API,https://www.openstreetmap.org/node/11314884917,Tu-Su 10:00-22:00
11314936972,node,The Place,Plac Przymierza 2,Praga-Południe,,,Hairdresser,Unknown,,,52.23072,21.0561796,OpenStreetMap / Overpass API,https://www.openstreetmap.org/node/11314936972,Mo-Fr 09:00-20:00; Sa 09:00-16:00
3204455417,node,The Sadovsky Barbershop,"Francuska 49, Warszawa",Praga-Południe,,,Hairdresser,Unknown,,,52.2374501,21.0512091,OpenStreetMap / Overpass API,https://www.openstreetmap.org/node/3204455417,Mo-Sa 10:00-21:00
9963828142,node,Tiffany's Secret,,Praga-Południe,+48797222280,,Beauty salon,Unknown,,,52.2451578,21.1107541,OpenStreetMap / Overpass API,https://www.openstreetmap.org/node/9963828142,"Mo,We,Fr 11:00-20:00; Tu,Th 09:00-18:00; Sa 09:00-14:00"
10795357252,node,Top,"Grochowska 210/212, Warszawa",Praga-Południe,,,Hairdresser,Unknown,,,52.2454622,21.0852148,OpenStreetMap / Overpass API,https://www.openstreetmap.org/node/10795357252,Mo-Fr 08:00-19:00; Sa 08:00-15:00
13357758038,node,Top,,Praga-Południe,,,Hairdresser,Unknown,,,52.2359189,21.1196741,OpenStreetMap / Overpass API,https://www.openstreetmap.org/node/13357758038,Mo-Sa 09:00-21:00
7876347831,node,Top Fryzjer,,Praga-Południe,,,Hairdresser,Unknown,,,52.2327725,21.0667225,OpenStreetMap / Overpass API,https://www.openstreetmap.org/node/7876347831,
1159019110,way,Trussardi,,Praga-Południe,+48781610013,,Cosmetics,Unknown,,,52.2318465,21.10658,OpenStreetMap / Overpass API,https://www.openstreetmap.org/way/1159019110,Mo-Sa 10:00-21:00; Su 10:00-20:00
9090930769,node,Turecki Barbershop,,Praga-Południe,,,Hairdresser,Unknown,,,52.2463755,21.062707,OpenStreetMap / Overpass API,https://www.openstreetmap.org/node/9090930769,Mo-Sa 09:00-21:00
13022669701,node,U przyjaciółki,Aleja Jerzego Waszyngtona 22,Praga-Południe,+48739279004,,Hairdresser,Unknown,,,52.2392569,21.0584066,OpenStreetMap / Overpass API,https://www.openstreetmap.org/node/13022669701,
11881577600,node,U Rudej,,Praga-Południe,,,Hairdresser,Unknown,,,52.2453348,21.0744304,OpenStreetMap / Overpass API,https://www.openstreetmap.org/node/11881577600,
11314936979,node,UA Skin,Paryska 19/21,Praga-Południe,,,Beauty salon,Unknown,,,52.2284489,21.0576243,OpenStreetMap / Overpass API,https://www.openstreetmap.org/node/11314936979,
6738576847,node,Venus,,Praga-Południe,,,Beauty salon; Cosmetics;Hair,Unknown,,,52.2416989,21.0769505,OpenStreetMap / Overpass API,https://www.openstreetmap.org/node/6738576847,
8946537294,node,Victoria,,Praga-Południe,,,Beauty salon,Unknown,,,52.2433997,21.0837297,OpenStreetMap / Overpass API,https://www.openstreetmap.org/node/8946537294,
8946716604,node,Vikoni,,Praga-Południe,,,Hairdresser,Unknown,,,52.2457655,21.0727867,OpenStreetMap / Overpass API,https://www.openstreetmap.org/node/8946716604,Mo-Fr 09:00-19:00; Sa 08:00+
10111287900,node,Voila!,Grochowska 102,Praga-Południe,,,Beauty salon; Nails;Cosmetics,Unknown,,,52.2417896,21.1063679,OpenStreetMap / Overpass API,https://www.openstreetmap.org/node/10111287900,
3692600830,node,Waxing time,"Jana Nowaka-Jeziorańskiego 9, 03-984 Warszawa",Praga-Południe,,,Beauty salon,Unknown,,,52.230076,21.1039043,OpenStreetMap / Overpass API,https://www.openstreetmap.org/node/3692600830,
10029689051,node,Wyczes z pazurem,Grochowska 133,Praga-Południe,+48516105445,,Hairdresser,Unknown,,,52.2423132,21.1014435,OpenStreetMap / Overpass API,https://www.openstreetmap.org/node/10029689051,Mo-Fr 09:00-20:00; Sa 09:00-16:00; Su off
10757714137,node,Yasumi,Marii Rodziewiczówny 1,Praga-Południe,+48666033022,https://praga.yasumi.pl,Beauty salon,Unknown,,,52.2342662,21.1126684,OpenStreetMap / Overpass API,https://www.openstreetmap.org/node/10757714137,Mo-Fr 09:00-21:00; Sa 09:00-15:00
469982421,node,Yogatwarzy,"Walecznych 68, Warszawa",Praga-Południe,,https://jogatwarzy.com,Massage;Wellness,Unknown,,,52.2363658,21.0629644,OpenStreetMap / Overpass API,https://www.openstreetmap.org/node/469982421,
6564469286,node,Yves Rocher,,Praga-Południe,,,Beauty salon; Cosmetics,Unknown,,,52.2351962,21.1188892,OpenStreetMap / Overpass API,https://www.openstreetmap.org/node/6564469286,
6569998262,node,Zakręcony Tapir,,Praga-Południe,,,Hairdresser,Unknown,,,52.2446195,21.082109,OpenStreetMap / Overpass API,https://www.openstreetmap.org/node/6569998262,Mo-Fr 09:00-20:00; Sa 08:00-15:00
12354202173,node,Ziaja,,Praga-Południe,,,Cosmetics,Unknown,,,52.2328611,21.0945771,OpenStreetMap / Overpass API,https://www.openstreetmap.org/node/12354202173,
12368304649,node,Ziaja,,Praga-Południe,,,Cosmetics,Unknown,,,52.2348993,21.1193574,OpenStreetMap / Overpass API,https://www.openstreetmap.org/node/12368304649,
7027235715,node,Zołza,Grochowska 322,Praga-Południe,+48500574286,,Hairdresser,Unknown,,,52.2469775,21.0599462,OpenStreetMap / Overpass API,https://www.openstreetmap.org/node/7027235715,
6612894268,node,Świeżo Malowane,,Praga-Południe,,,Beauty salon; Nails,Unknown,,,52.2365605,21.0846117,OpenStreetMap / Overpass API,https://www.openstreetmap.org/node/6612894268,Mo-Sa 10:00-20:00; Su off
13418268552,node,Anna Glinicka Beauty,,Praga-Północ,,https://www.instagram.com/anna.glinicka.beauty,Beauty salon,Unknown,,,52.2520673,21.0401846,OpenStreetMap / Overpass API,https://www.openstreetmap.org/node/13418268552,
4007379529,node,Apex BarberHouse,Księdza Ignacego Kłopotowskiego 38,Praga-Północ,,,Hairdresser,Unknown,,,52.2522008,21.0363832,OpenStreetMap / Overpass API,https://www.openstreetmap.org/node/4007379529,Mo-Fr 09:00-20:00; Sa 09:00-16:00
12003355209,node,Artego,Targowa 38,Praga-Północ,,,Hairdresser,Unknown,,,52.2506393,21.0410003,OpenStreetMap / Overpass API,https://www.openstreetmap.org/node/12003355209,
10566150209,node,Atelier,,Praga-Północ,,,Hairdresser,Unknown,,,52.2626192,21.0389055,OpenStreetMap / Overpass API,https://www.openstreetmap.org/node/10566150209,Mo-Fr 09:00-20:00; Sa 08:00-16:00
8946610218,node,Barber King,,Praga-Północ,,,Hairdresser,Unknown,,,52.2589868,21.0374314,OpenStreetMap / Overpass API,https://www.openstreetmap.org/node/8946610218,
13427624454,node,Beauty Haven,,Praga-Północ,,,Beauty salon; Nails,Unknown,,,52.2539927,21.0380047,OpenStreetMap / Overpass API,https://www.openstreetmap.org/node/13427624454,Mo-Fr 09:00-20:00; Sa 09:00-14:00
1777155490,node,Beauty Huts,"Ząbkowska 7, Warszawa",Praga-Północ,,,Beauty salon; Nails;Eyelash;Eyebrow;Cosmetics;Hair,Unknown,,,52.2529782,21.0391669,OpenStreetMap / Overpass API,https://www.openstreetmap.org/node/1777155490,Mo-Fr 08:00-19:00; Sa 09:00-19:00
8385208335,node,Beauty Nail Academy,Targowa 84,Praga-Północ,+48607225229,,Beauty salon,Unknown,,,52.2565207,21.0335079,OpenStreetMap / Overpass API,https://www.openstreetmap.org/node/8385208335,Mo-Fr 12:00-20:00; Sa 09:00-13:00
8454028842,node,Beauty Praga,,Praga-Północ,,,Hairdresser,Unknown,,,52.2626653,21.0328335,OpenStreetMap / Overpass API,https://www.openstreetmap.org/node/8454028842,Mo-Fr 08:00-20:00; Sa 08:00-15:00
10045874317,node,Beauty Salon OMG!,Szwedzka 43,Praga-Północ,+48730912330,,Beauty salon,Unknown,,,52.2658392,21.0405829,OpenStreetMap / Overpass API,https://www.openstreetmap.org/node/10045874317,Mo-Fr 10:00-20:00; Sa 08:00-15:00
13615674705,node,Beauty Studio,,Praga-Północ,,,Hairdresser,Unknown,,,52.2480794,21.0428511,OpenStreetMap / Overpass API,https://www.openstreetmap.org/node/13615674705,
8663446809,node,Beverly Hills,,Praga-Północ,,,Hairdresser,Unknown,,,52.2558968,21.0443846,OpenStreetMap / Overpass API,https://www.openstreetmap.org/node/8663446809,Mo-Fr 10:00-20:00; Sa 09:00-16:00; Su off
11313967148,node,Black Cat,Targowa 59,Praga-Północ,,,Beauty salon; Aesthetic;Spa;Skin Care;Hair Removal;Nails;Eyelash,Unknown,,,52.2524075,21.0362269,OpenStreetMap / Overpass API,https://www.openstreetmap.org/node/11313967148,Mo-Fr 09:00-21:00; Sa 09:00-15:00
8385222526,node,Caprise,,Praga-Północ,,,Beauty salon,Unknown,,,52.2561762,21.035316,OpenStreetMap / Overpass API,https://www.openstreetmap.org/node/8385222526,Mo-Sa 09:00-20:00; Su 10:00-16:00
12003433204,node,Color Art Desirée,Księdza Ignacego Kłopotowskiego 36,Praga-Północ,,,Hairdresser,Unknown,,,52.2520338,21.03598,OpenStreetMap / Overpass API,https://www.openstreetmap.org/node/12003433204,Mo-Fr 10:00-20:00; Sa 09:00-15:00
9574023171,node,Czas dla Ciała. Studio Kosmetyki i Estetyki,Szwedzka 30,Praga-Północ,,,Beauty salon,Unknown,,,52.2662899,21.0404832,OpenStreetMap / Overpass API,https://www.openstreetmap.org/node/9574023171,
13293551978,node,Czas Przyszły,"Józefa Sierakowskiego 4A, 03-712 Warszawa",Praga-Północ,+48661888557,https://czasprzyszly.com.pl,Beauty salon,Unknown,,,52.2497401,21.0336754,OpenStreetMap / Overpass API,https://www.openstreetmap.org/node/13293551978,Mo–Fr 09:00-20:00; Sa 09:00-14:00;
9937507483,node,Cztery Szpaki,,Praga-Północ,,,Cosmetics,Unknown,,,52.2560039,21.0444955,OpenStreetMap / Overpass API,https://www.openstreetmap.org/node/9937507483,"Mo-Sa 10:00-19:00; Su 11:00-17:00 ""tylko niedziele handlowe"""
10582220414,node,Danuta,Bródnowska 2,Praga-Północ,,,Beauty salon,Unknown,,,52.2634591,21.0385517,OpenStreetMap / Overpass API,https://www.openstreetmap.org/node/10582220414,Mo-Fr 07:00-20:00; Sa 07:00-16:00
11314009252,node,Diamond Nails,Targowa 33,Praga-Północ,,,Beauty salon; Nails,Unknown,,,52.2500979,21.040625,OpenStreetMap / Overpass API,https://www.openstreetmap.org/node/11314009252,Mo-Fr 08:15-19:00; Sa 09:00-16:30
11314009251,node,Diamond Nails & Lashes,Targowa 33,Praga-Północ,,,Beauty salon,Unknown,,,52.2501586,21.0405171,OpenStreetMap / Overpass API,https://www.openstreetmap.org/node/11314009251,
11314002043,node,Dizai,Targowa 39A,Praga-Północ,,,Beauty salon; Nails,Unknown,,,52.2508026,21.039323,OpenStreetMap / Overpass API,https://www.openstreetmap.org/node/11314002043,08:00-19:00
10162143217,node,Donna,11 Listopada 18A,Praga-Północ,,,Beauty salon,Unknown,,,52.2588595,21.0359805,OpenStreetMap / Overpass API,https://www.openstreetmap.org/node/10162143217,
12691196437,node,Ewa,Środkowa 32,Praga-Północ,,,Beauty salon,Unknown,,,52.262775,21.0383061,OpenStreetMap / Overpass API,https://www.openstreetmap.org/node/12691196437,Mo-Fr 09:00-20:00; Sa 09:00-16:00
8663446808,node,Eyebar,"Plac Konesera 10A, Warszawa",Praga-Północ,,,Beauty salon; Eyelash;Eyebrow,Unknown,,,52.255943,21.0446751,OpenStreetMap / Overpass API,https://www.openstreetmap.org/node/8663446808,Mo-Fr 10:00-20:00; Sa 10:00-18:00
650612863,node,Fake Bake,"Antoniego Mackiewicza 1, Warszawa",Praga-Północ,,,Beauty salon; Tanning;Massage,Unknown,,,52.249378,21.0442089,OpenStreetMap / Overpass API,https://www.openstreetmap.org/node/650612863,Mo-Fr 09:00-19:00; Sa 10:00-15:00
13428902316,node,Fingerspa,Józefa Sierakowskiego 5,Praga-Północ,,,Beauty salon; Nails,Unknown,,,52.2490809,21.0328098,OpenStreetMap / Overpass API,https://www.openstreetmap.org/node/13428902316,Mo-Fr 09:00-21:00; Sa-Su 09:00-16:00
12003355208,node,For Men,Targowa 38,Praga-Północ,,,Hairdresser,Unknown,,,52.2505918,21.0410831,OpenStreetMap / Overpass API,https://www.openstreetmap.org/node/12003355208,Mo-Fr 09:00-20:00; Sa 10:00-16:00
8385201900,node,Fryzjernia,Targowa 78,Praga-Północ,,,Beauty salon; Nails;Hair;Eyebrow,Unknown,,,52.2560107,21.0341508,OpenStreetMap / Overpass API,https://www.openstreetmap.org/node/8385201900,Mo-Fr 10:00-19:00; Sa 09:00-15:00
13356521372,node,Fryzjerstwo Mirosław Olech,"Jagiellońska 3, Warszawa",Praga-Północ,+48781848282,,Hairdresser,Unknown,,,52.2493137,21.0375355,OpenStreetMap / Overpass API,https://www.openstreetmap.org/node/13356521372,Mo 10:00-20:00;Tu-Fr 09:00-20:00;Sa 10:00-15:00
10979180715,node,Gabinet masażu Oksana Tkachuk,"Kamienna 1, 03-441 Warszawa",Praga-Północ,+48881160206,,Massage,Unknown,,,52.2647434,21.0390845,OpenStreetMap / Overpass API,https://www.openstreetmap.org/node/10979180715,
11313967146,node,Haircut Express,Targowa 61,Praga-Północ,,https://haircutexpress.eu,Hairdresser,Unknown,,,52.2528416,21.0362545,OpenStreetMap / Overpass API,https://www.openstreetmap.org/node/11313967146,Mo-Sa 09:00-21:00; Su 10:00-19:00
11314009234,node,I Love Nails,Targowa 33A,Praga-Północ,,,Beauty salon; Nails;Eyelash,Unknown,,,52.2502853,21.0398022,OpenStreetMap / Overpass API,https://www.openstreetmap.org/node/11314009234,Mo-Fr 08:00-19:00; Sa-Su 09:00-19:00
13293551976,node,Inskin Clinic,,Praga-Północ,,,Beauty salon,Unknown,,,52.2499716,21.0339609,OpenStreetMap / Overpass API,https://www.openstreetmap.org/node/13293551976,Mo-Fr 09:00-21:00; Sa 09:00-17:00
11313885261,node,Iza-Bella,Aleja „Solidarności” 53,Praga-Północ,,,Beauty salon; Nails;Eyelash,Unknown,,,52.2534092,21.0326688,OpenStreetMap / Overpass API,https://www.openstreetmap.org/node/11313885261,Mo-Fr 10:00-20:00
11314002046,node,Kar Fryzjer,Targowa 37,Praga-Północ,,,Hairdresser,Unknown,,,52.2505864,21.0397287,OpenStreetMap / Overpass API,https://www.openstreetmap.org/node/11314002046,Mo-Fr 09:00-19:00; Sa 09:00-15:00
1084344478,node,Klasyk Portowy,"Kępna 2b, Warszawa",Praga-Północ,,,Hairdresser,Unknown,,,52.2490897,21.0364885,OpenStreetMap / Overpass API,https://www.openstreetmap.org/node/1084344478,
8667954411,node,koko loko,,Praga-Północ,,,Beauty salon,Unknown,,,52.2537059,21.0504402,OpenStreetMap / Overpass API,https://www.openstreetmap.org/node/8667954411,Mo-Fr 08:00-20:00; Sa 08:00-16:00; Su off
9937507508,node,Krasińska Style,Markowska 22,Praga-Północ,,,Hairdresser; Nails;Cosmetics;Hair;Massage,Unknown,,,52.2553532,21.0420052,OpenStreetMap / Overpass API,https://www.openstreetmap.org/node/9937507508,
5573306504,node,Lakiernia,Aleja „Solidarności” 53,Praga-Północ,,,Beauty salon; Nails,Unknown,,,52.2534049,21.0324794,OpenStreetMap / Overpass API,https://www.openstreetmap.org/node/5573306504,
10563533030,node,Lav Studio,Księdza Ignacego Kłopotowskiego 14,Praga-Północ,+48459329663,,Beauty salon,Unknown,,,52.2500488,21.0312093,OpenStreetMap / Overpass API,https://www.openstreetmap.org/node/10563533030,Mo-Sa 09:00-21:00; Su 10:00-18:00
13410566471,node,Lee Nails & Lashes,Ząbkowska 18,Praga-Północ,,,Beauty salon; Nails;Eyelash,Unknown,,,52.2535927,21.0417234,OpenStreetMap / Overpass API,https://www.openstreetmap.org/node/13410566471,Mo-Fr 09:00-20:00; Sa-Su 10:00-18:00
12691251106,node,Magda,11 Listopada 6,Praga-Północ,,,Hairdresser,Unknown,,,52.2570263,21.0338488,OpenStreetMap / Overpass API,https://www.openstreetmap.org/node/12691251106,Mo-Fr 09:00-18:00; Sa 09:00-15:00
12003479784,node,Małgośka,Księdza Ignacego Kłopotowskiego 28,Praga-Północ,,,Hairdresser,Unknown,,,52.25112,21.0337743,OpenStreetMap / Overpass API,https://www.openstreetmap.org/node/12003479784,Mo-Fr 08:00-18:00; Sa 08:00-13:00
8066555116,node,Milord,,Praga-Północ,,,Beauty salon,Unknown,,,52.2611029,21.0286496,OpenStreetMap / Overpass API,https://www.openstreetmap.org/node/8066555116,Mo-Fr 08:00-20:00; Sa 08:00-16:00
13614304478,node,MK Studio,"Targowa 70, 03-734 Warszawa",Praga-Północ,+48799745015,https://n522647.alteg.io,Beauty salon,Unknown,,,52.2540914,21.0364325,OpenStreetMap / Overpass API,https://www.openstreetmap.org/node/13614304478,Mo-Su 09:30-20:30
12468960389,node,Monika,,Praga-Północ,,,Hairdresser,Unknown,,,52.2634303,21.0345529,OpenStreetMap / Overpass API,https://www.openstreetmap.org/node/12468960389,
13410687424,node,Nadiia Fedorchuk,Ząbkowska 3,Praga-Północ,,,Hairdresser,Unknown,,,52.252807,21.0387576,OpenStreetMap / Overpass API,https://www.openstreetmap.org/node/13410687424,Mo-Fr 09:00-20:00; Sa 08:00-15:00
11314009241,node,Nail Art Studio,,Praga-Północ,,,Beauty salon; Nails,Unknown,,,52.2500867,21.0400248,OpenStreetMap / Overpass API,https://www.openstreetmap.org/node/11314009241,
11314002050,node,Nyna Nails & Lashes,Targowa 37,Praga-Północ,,,Beauty salon,Unknown,,,52.2503889,21.0399561,OpenStreetMap / Overpass API,https://www.openstreetmap.org/node/11314002050,Mo-Sa 08:00-19:00; Su 08:00-17:00
11810260439,node,Pracownia Fryzjerska Jagiellońska 75,,Praga-Północ,,,Hairdresser,Unknown,,,52.2776036,21.0116601,OpenStreetMap / Overpass API,https://www.openstreetmap.org/node/11810260439,
12691251112,node,Praska Gwiazda,Inżynierska 11,Praga-Północ,,,Beauty salon; Nails;Eyelash,Unknown,,,52.2578892,21.0351721,OpenStreetMap / Overpass API,https://www.openstreetmap.org/node/12691251112,Mo-Fr 10:00-18:00; Sa 10:00-14:00
12468960390,node,Pretty Women,,Praga-Północ,,,Beauty salon,Unknown,,,52.261424,21.0367221,OpenStreetMap / Overpass API,https://www.openstreetmap.org/node/12468960390,
9937507505,node,Relance,Markowska 22,Praga-Północ,,,Beauty salon,Unknown,,,52.2559646,21.0429064,OpenStreetMap / Overpass API,https://www.openstreetmap.org/node/9937507505,Mo-Fr 09:00-20:00; Sa 08:00-16:00
11314009254,node,Respect Barber Shop,,Praga-Północ,+48788639082,,Hairdresser; Barber,Unknown,,,52.2503716,21.0401278,OpenStreetMap / Overpass API,https://www.openstreetmap.org/node/11314009254,Mo-Sa 09:00-21:00; Su 10:00-19:00
8454028869,node,Robson,,Praga-Północ,,,Hairdresser,Unknown,,,52.2600951,21.0251916,OpenStreetMap / Overpass API,https://www.openstreetmap.org/node/8454028869,
12691254115,node,Royal Nails & Beauty,,Praga-Północ,,,Beauty salon; Nails,Unknown,,,52.2504302,21.0400151,OpenStreetMap / Overpass API,https://www.openstreetmap.org/node/12691254115,
1777168236,node,Sabrina,"Ząbkowska 13, Warszawa",Praga-Północ,,,Hairdresser,Unknown,,,52.2534138,21.0402805,OpenStreetMap / Overpass API,https://www.openstreetmap.org/node/1777168236,
952192445,node,Salon Beauty by Natalia Kondraciuk,"Jagiellońska 4, Warszawa",Praga-Północ,,,Beauty salon,Unknown,,,52.2494274,21.0382343,OpenStreetMap / Overpass API,https://www.openstreetmap.org/node/952192445,Mo-Fr 09:00-19:00; Sa 09:00-15:00
3220204285,node,Salon Fryzjersko Kosmetyczny,"Jagiellońska 2, Warszawa",Praga-Północ,,,Hairdresser,Unknown,,,52.2488141,21.0389854,OpenStreetMap / Overpass API,https://www.openstreetmap.org/node/3220204285,Mo-Fr 09:00-19:00; Sa 09:00-14:00
9937398119,node,Sheik Barber,Ząbkowska 6,Praga-Północ,,,Hairdresser; Barber,Unknown,,,52.2526387,21.038885,OpenStreetMap / Overpass API,https://www.openstreetmap.org/node/9937398119,Mo-Sa 09:00-21:00; Su 12:00-21:00
9986304596,node,Strefa Piękna,,Praga-Północ,,,Beauty salon,Unknown,,,52.252184,21.0451835,OpenStreetMap / Overpass API,https://www.openstreetmap.org/node/9986304596,Mo-Fr 09:00-20:00; Sa 09:00-15:00; Su off
9937530285,node,Studio Febe,Ząbkowska 11,Praga-Północ,,,Hairdresser,Unknown,,,52.2532868,21.0399389,OpenStreetMap / Overpass API,https://www.openstreetmap.org/node/9937530285,
8454028841,node,Sub Rosa,,Praga-Północ,,,Beauty salon,Unknown,,,52.2617403,21.0308091,OpenStreetMap / Overpass API,https://www.openstreetmap.org/node/8454028841,Mo-Fr 12:00-20:00; Sa 08:00-16:00
8482576773,node,Sub Rosa,,Praga-Północ,,,Beauty salon,Unknown,,,52.2497452,21.0281191,OpenStreetMap / Overpass API,https://www.openstreetmap.org/node/8482576773,
9986304597,node,Sublimage,,Praga-Północ,+48514364162,,Hairdresser,Unknown,,,52.2521295,21.0452138,OpenStreetMap / Overpass API,https://www.openstreetmap.org/node/9986304597,Mo-Fr 09:00-19:00; Sa 09:00-15:00; Su off
9986304598,node,Sublimage Sun,,Praga-Północ,,,Beauty salon; Tanning,Unknown,,,52.252025,21.0453188,OpenStreetMap / Overpass API,https://www.openstreetmap.org/node/9986304598,Mo-Fr 12:00-20:00; Sa-Su 11:00-20:00
13239674368,node,Sznyt Barber Shop,"Wrzesińska 6, Warszawa",Praga-Północ,,,Hairdresser,Unknown,,,52.249823,21.0351732,OpenStreetMap / Overpass API,https://www.openstreetmap.org/node/13239674368,Mo-Fr 09:00-18:00; Sa 09:00-15:00
10582178849,node,The House 14,"Wileńska 14A, 03-414 Warszawa",Praga-Północ,+48883633212,https://www.thehouse14.pl,Hairdresser; Barber,Unknown,,,52.2583062,21.0422354,OpenStreetMap / Overpass API,https://www.openstreetmap.org/node/10582178849,Mo-Fr 09:00-21:00; Sa 10:00-19:00; Su 10:00-18:00
12003406850,node,Tien Bil Barber,Targowa 54,Praga-Północ,,,Hairdresser; Barber,Unknown,,,52.2517572,21.0389232,OpenStreetMap / Overpass API,https://www.openstreetmap.org/node/12003406850,Mo-Su 09:00-20:00
8385143195,node,Top Fryzjer,,Praga-Północ,,,Hairdresser,Unknown,,,52.2585957,21.0340878,OpenStreetMap / Overpass API,https://www.openstreetmap.org/node/8385143195,
10296766810,node,Top Fryzjer,,Praga-Północ,,,Hairdresser,Unknown,,,52.2631442,21.0515032,OpenStreetMap / Overpass API,https://www.openstreetmap.org/node/10296766810,
11313952912,node,Top Fryzjer,Stefana Okrzei 34,Praga-Północ,,,Hairdresser,Unknown,,,52.2518035,21.0372837,OpenStreetMap / Overpass API,https://www.openstreetmap.org/node/11313952912,Mo-Fr 08:00-19:00; Sa 08:00-15:00
12003355206,node,Top Fryzjer,Targowa 36,Praga-Północ,,,Hairdresser,Unknown,,,52.2504425,21.0413534,OpenStreetMap / Overpass API,https://www.openstreetmap.org/node/12003355206,Mo-Fr 08:00-19:00; Sa 08:00-15:00
8454028870,node,Trend,,Praga-Północ,,,Beauty salon,Unknown,,,52.2589351,21.0266668,OpenStreetMap / Overpass API,https://www.openstreetmap.org/node/8454028870,
11314002038,node,Urocza Paryżanka,Targowa 41,Praga-Północ,,,Beauty salon; Nails;Cosmetics;Massage;Hair,Unknown,,,52.2508649,21.0388395,OpenStreetMap / Overpass API,https://www.openstreetmap.org/node/11314002038,
10982956717,node,Uwaga Fryzjer!,,Praga-Północ,,,Hairdresser,Unknown,,,52.261766,21.0240647,OpenStreetMap / Overpass API,https://www.openstreetmap.org/node/10982956717,Mo-Fr 09:00-22:00
11062935176,node,What the Hair,,Praga-Północ,,,Hairdresser,Unknown,,,52.2498083,21.0338358,OpenStreetMap / Overpass API,https://www.openstreetmap.org/node/11062935176,Mo-Fr 10:00-20:00; Sa 10:00-15:00
952193592,node,Zakład Fryzjerski Stefan,,Praga-Północ,,,Hairdresser,Unknown,,,52.2494415,21.0369679,OpenStreetMap / Overpass API,https://www.openstreetmap.org/node/952193592,Mo-Fr 08:30-18:00
13428902317,node,Łzy Ex'a,Józefa Sierakowskiego 5,Praga-Północ,+48577270657,,Beauty salon,Unknown,,,52.2493645,21.0325219,OpenStreetMap / Overpass API,https://www.openstreetmap.org/node/13428902317,
9702611099,node,Akademia Fryzur,,Rembertów,+48227718187,https://akademia-fryzur.pl,Hairdresser,Unknown,,,52.3017013,21.1569759,OpenStreetMap / Overpass API,https://www.openstreetmap.org/node/9702611099,Mo-Fr 09:00-20:00; Sa 09:00-16:00; PH off
5734134931,node,Alicja,"Powstańców 16, 05-091 Ząbki",Rembertów,+48227997701,,Hairdresser,Unknown,,,52.278706,21.1223386,OpenStreetMap / Overpass API,https://www.openstreetmap.org/node/5734134931,
4347809280,node,Alter ego,,Rembertów,+48724630337,,Beauty salon,Unknown,,,52.2795787,21.1301913,OpenStreetMap / Overpass API,https://www.openstreetmap.org/node/4347809280,Mo-Fr 10:00-20:00; Sa 09:00-15:00
2628563098,node,Ambasada Piękna,"Generała Władysława Sikorskiego 33A/37, 05-091 Ząbki",Rembertów,+48518058006,,Beauty salon,Unknown,,,52.2873828,21.1203251,OpenStreetMap / Overpass API,https://www.openstreetmap.org/node/2628563098,Mo-Fr 09:00-19:00; Sa 09:00-14:00
4334302408,node,Anna Jakacka,Generała Władysława Sikorskiego 88,Rembertów,,,Beauty salon; Cosmetics,Unknown,,,52.2873055,21.1247086,OpenStreetMap / Overpass API,https://www.openstreetmap.org/node/4334302408,
1169653265,way,Atelier Piękna,,Rembertów,,,Beauty salon,Unknown,,,52.3153424,21.1590999,OpenStreetMap / Overpass API,https://www.openstreetmap.org/way/1169653265,Mo-Fr 09:00-20:00; Sa 08:00-16:00
12966949560,node,Ayhan,,Rembertów,,,Hairdresser; Barber,Unknown,,,52.2801965,21.131767,OpenStreetMap / Overpass API,https://www.openstreetmap.org/node/12966949560,Mo-Fr 09:00-17:00; Sat 09:17
12133224734,node,Babor Instytut,,Rembertów,+48227862903,https://gabinet-kobylka.pl,Beauty salon,Unknown,,,52.3344039,21.2152263,OpenStreetMap / Overpass API,https://www.openstreetmap.org/node/12133224734,
10554566834,node,Barber's Point Na Kwadracie,,Rembertów,+48508145491,,Hairdresser,Unknown,,,52.2794058,21.1286204,OpenStreetMap / Overpass API,https://www.openstreetmap.org/node/10554566834,Mo 08:00-20:00; Tu-We 08:00-19:00; Th-Fr 08:00-20:00
13831348491,node,BarberHood,,Rembertów,+48733398563,,Hairdresser; Barber,Unknown,,,52.2817553,21.125423,OpenStreetMap / Overpass API,https://www.openstreetmap.org/node/13831348491,Mo-Fr 10:00-20:00; Sa 09:00-15:00
10829836799,node,Beauty iD,,Rembertów,,,Cosmetics,Unknown,,,52.2989966,21.1504188,OpenStreetMap / Overpass API,https://www.openstreetmap.org/node/10829836799,Mo-Fr 09:00-17:00; Sa 09:00-15:00; PH off
1370947952,way,Beverlyhills,,Rembertów,,https://beverlyhills.pl,Hairdresser,Unknown,,,52.3562301,21.2579748,OpenStreetMap / Overpass API,https://www.openstreetmap.org/way/1370947952,
8154454808,node,Body Evolution Ząbki,Powstańców,Rembertów,+48570070055,https://bodyevolution.pl,Beauty salon,Unknown,,,52.2805476,21.1367076,OpenStreetMap / Overpass API,https://www.openstreetmap.org/node/8154454808,
10685498966,node,Cosmetics Studio,"Wileńska 40, 05-200 Wołomin",Rembertów,+48227877631,,Beauty salon,Unknown,,,52.346943,21.244196,OpenStreetMap / Overpass API,https://www.openstreetmap.org/node/10685498966,
10159483008,node,DaisyT,,Rembertów,+48729971561,,Beauty salon; Nails,Unknown,,,52.2809966,21.1219497,OpenStreetMap / Overpass API,https://www.openstreetmap.org/node/10159483008,Mo-Fr 10:00-18:00; Sa 11:00-15:00
9777774335,node,Depil Concept,"Różana 19, 05-091 Ząbki",Rembertów,+48798659609,,Beauty salon; Waxing,Unknown,,,52.2792543,21.1222571,OpenStreetMap / Overpass API,https://www.openstreetmap.org/node/9777774335,Mo-Fr 09:00-20:00; Sa 09:00-15:00
9851109667,node,Diana,"Długa 18BL13, 05-220 Zielonka",Rembertów,+48227719952,,Hairdresser,Unknown,,,52.3158953,21.1478993,OpenStreetMap / Overpass API,https://www.openstreetmap.org/node/9851109667,Mo off; Tu-Fr 08:30-18:00; Sa 08:00-14:00; PH off
5304840252,node,Duet Salon Fryzjersko-kosmetyczny,Aleja Generała Antoniego Chruściela „Montera” 37/39 paw.220,Rembertów,+48224993108,,Hairdresser,Unknown,,,52.2603267,21.1609234,OpenStreetMap / Overpass API,https://www.openstreetmap.org/node/5304840252,
10158011203,node,El Chapo,,Rembertów,+48787321293,,Beauty salon,Unknown,,,52.2809254,21.1219722,OpenStreetMap / Overpass API,https://www.openstreetmap.org/node/10158011203,Mo-Fr 10:00-20:00; Sa 09:00-16:00
7729271236,node,Estetica,,Rembertów,,,Beauty salon,Unknown,,,52.3391153,21.1935436,OpenStreetMap / Overpass API,https://www.openstreetmap.org/node/7729271236,
5301175401,node,FashionBeauty Wioleta Gryniewicz,"Juliana Fałata 4D, 05-230 Kobyłka",Rembertów,+48530353969,https://www.facebook.com/WGFashionBeauty,Beauty salon; Cosmetic Studio,Unknown,,,52.3346874,21.2158181,OpenStreetMap / Overpass API,https://www.openstreetmap.org/node/5301175401,Mo-Sa 16:15-22:00
5304833384,node,Fryzjer,,Rembertów,+48507507176,,Hairdresser,Unknown,,,52.2601016,21.1618026,OpenStreetMap / Overpass API,https://www.openstreetmap.org/node/5304833384,Mo 12:30-18:30; Tu-Fr 10:30-18:30; Sa 09:30-14:00
10687277215,node,Fryzjer Marzena,,Rembertów,+48608088020,,Hairdresser,Unknown,,,52.338153,21.1829587,OpenStreetMap / Overpass API,https://www.openstreetmap.org/node/10687277215,
13677481479,node,Fryzjer Męski,,Rembertów,+48736629062,,Hairdresser,Unknown,,,52.3455756,21.2439079,OpenStreetMap / Overpass API,https://www.openstreetmap.org/node/13677481479,"Mo-Fr 08:00-18:00; Sa 08:00-14:00; Su,PH off"
12133224732,node,Glamour,,Rembertów,,https://www.facebook.com/p/Glamour-100063507641039,Beauty salon,Unknown,,,52.3346324,21.2154552,OpenStreetMap / Overpass API,https://www.openstreetmap.org/node/12133224732,
10771893108,node,GocStudio,"Hansa Christiana Andersena 1C, 05-091 Ząbki",Rembertów,,,Beauty salon,Unknown,,,52.281818,21.1244324,OpenStreetMap / Overpass API,https://www.openstreetmap.org/node/10771893108,
13634065408,node,Hair Studio,,Rembertów,,,Hairdresser,Unknown,,,52.309116,21.1545207,OpenStreetMap / Overpass API,https://www.openstreetmap.org/node/13634065408,
10836826018,node,Hair Style Professional,,Rembertów,+48508395199,,Hairdresser,Unknown,,,52.3438487,21.2504588,OpenStreetMap / Overpass API,https://www.openstreetmap.org/node/10836826018,Mo-Fr 10:00-18:30; Sa 10:00-15:00; PH off
10158011201,node,Hello Beauty,,Rembertów,+48885880017,,Beauty salon,Unknown,,,52.2807322,21.1219357,OpenStreetMap / Overpass API,https://www.openstreetmap.org/node/10158011201,Mo-Fr 09:00-20:00; Sa 09:00-15:00
9777774352,node,Imperium Barber House,"Hansa Christiana Andersena 28, 05-091 Ząbki",Rembertów,+48500140383,,Hairdresser,Unknown,,,52.2824753,21.1335703,OpenStreetMap / Overpass API,https://www.openstreetmap.org/node/9777774352,Mo-Fr 10:00-20:00; Sa 08:00-15:00
13426528428,node,Jaworska Skin Care & Therapy,"Szeroka 62, 05-230 Kobyłka",Rembertów,,,Beauty salon,Unknown,,,52.3239215,21.1670916,OpenStreetMap / Overpass API,https://www.openstreetmap.org/node/13426528428,
4738544040,node,Kącik Urody,"Księdza Ignacego Jana Skorupki 41, 05-091 Ząbki",Rembertów,+48793794530,http://kacikurody-zabki.pl,Beauty salon,Unknown,,,52.2895968,21.1190787,OpenStreetMap / Overpass API,https://www.openstreetmap.org/node/4738544040,Mo-Fr 10:00-20:00; Sa 09:00-15:00
10680916616,node,LaStyl,,Rembertów,+48798664666,,Hairdresser,Unknown,,,52.3466553,21.254696,OpenStreetMap / Overpass API,https://www.openstreetmap.org/node/10680916616,Mo-Fr 09:00-20:00; Sa 09:00-15:00; PH off
5224735237,node,Majka,,Rembertów,+48519544016,,Hairdresser,Unknown,,,52.2853304,21.120831,OpenStreetMap / Overpass API,https://www.openstreetmap.org/node/5224735237,Mo-Fr 09:30-20:00; Sa 08:30-15:30
9885140373,node,Manufaktura Fryzur,"Księdza Marcina Załuskiego 76, 05-230 Kobyłka",Rembertów,+48737294430,,Hairdresser,Unknown,,,52.3412269,21.2113109,OpenStreetMap / Overpass API,https://www.openstreetmap.org/node/9885140373,Mo-Fr 09:00-20:00; Sa 09:00-16:00; PH off
12724855555,node,Marek Rymarczuk,,Rembertów,+48227863040,,Hairdresser,Unknown,,,52.3400781,21.2084009,OpenStreetMap / Overpass API,https://www.openstreetmap.org/node/12724855555,Mo-Fr 08:30-19:00; Sa 08:00-14:00; PH off
10140384541,node,Mari Nail,"Księdza Ignacego Jana Skorupki 62 Korpus A, 05-091 Ząbki",Rembertów,+48570007518,https://shopmarinail.com.pl,Beauty salon,Unknown,,,52.2894104,21.1207819,OpenStreetMap / Overpass API,https://www.openstreetmap.org/node/10140384541,
12309263281,node,MegaSun,Aleja Generała Antoniego Chruściela „Montera” 39A,Rembertów,,,Beauty salon; Tanning,Unknown,,,52.2607453,21.1632832,OpenStreetMap / Overpass API,https://www.openstreetmap.org/node/12309263281,Mo-Fr 09:00-21:00; Sa 09:00-19:00
13831348490,node,Mone,,Rembertów,+48534238024,,Hairdresser,Unknown,,,52.2818249,21.1276961,OpenStreetMap / Overpass API,https://www.openstreetmap.org/node/13831348490,
10158012418,node,Niezłe cięcie,,Rembertów,+48221271650,,Hairdresser,Unknown,,,52.2781156,21.1178175,OpenStreetMap / Overpass API,https://www.openstreetmap.org/node/10158012418,Mo-Fr 09:00-20:00; Sa 09:00-16:00
10299401018,node,Oh Beauty,,Rembertów,+48661020335,,Beauty salon,Unknown,,,52.2906794,21.1224396,OpenStreetMap / Overpass API,https://www.openstreetmap.org/node/10299401018,
4237707500,node,Prestige,"Powstańców 33, 05-091 Ząbki",Rembertów,+48224354325,http://prestigezabki.pl,Beauty salon,Unknown,,,52.2803629,21.1347177,OpenStreetMap / Overpass API,https://www.openstreetmap.org/node/4237707500,Mo-Fr 10:00-20:00; Sa 08:00-15:00
4337406852,node,Prestige Look,,Rembertów,+48222440517,http://prestige-look.pl,Beauty salon,Unknown,,,52.245907,21.1330831,OpenStreetMap / Overpass API,https://www.openstreetmap.org/node/4337406852,Mo-Fr 10:00-20:00; Sa 09:00-16:00
4347774818,node,Rush Hair&Beauty,"Księdza Ignacego Jana Skorupki 41, 05-091 Ząbki",Rembertów,+48500800826,,Hairdresser,Unknown,,,52.2896159,21.1192032,OpenStreetMap / Overpass API,https://www.openstreetmap.org/node/4347774818,Mo-Fr 09:00-20:00; Sa 09:00-15:00
12309515768,node,S&D,Szwoleżerów 130,Rembertów,,,Hairdresser,Unknown,,,52.2851926,21.1351546,OpenStreetMap / Overpass API,https://www.openstreetmap.org/node/12309515768,Tu-Fr 12:00-20:30; Sa 09:00-20:00
6913789799,node,Salon Atelier Urody,,Rembertów,+48600257635,,Beauty salon,Unknown,,,52.2884916,21.1179225,OpenStreetMap / Overpass API,https://www.openstreetmap.org/node/6913789799,Mo-Fr 10:00-19:00; Sa 09:00-14:00
5651651909,node,Salon fryzjerski,,Rembertów,,,Hairdresser,Unknown,,,52.2812957,21.1189649,OpenStreetMap / Overpass API,https://www.openstreetmap.org/node/5651651909,
7074595486,node,Salon Fryzjerski - Napoleona 4B,,Rembertów,+48518162518,,Hairdresser,Unknown,,,52.3347691,21.1944755,OpenStreetMap / Overpass API,https://www.openstreetmap.org/node/7074595486,Mo-Fr 08:00-20:00; Sa 08:00-16:00; PH off
9000533778,node,Salon Urody Od-Nowa,"Kolejowa 57, 05-220 Zielonka",Rembertów,+48608323111,,Hairdresser,Unknown,,,52.3042297,21.1600103,OpenStreetMap / Overpass API,https://www.openstreetmap.org/node/9000533778,Mo-Fr 09:00-20:00; Sa 09:00-14:00; PH off
13672841850,node,Saturn,,Rembertów,,,Beauty salon; Tanning,Unknown,,,52.3456097,21.243181,OpenStreetMap / Overpass API,https://www.openstreetmap.org/node/13672841850,"Mo-Fr 10:00-21:00; Sa 10:00-20:00; Su,PH off"
12309280983,node,Shanti,Aleja Generała Antoniego Chruściela „Montera” 13,Rembertów,,,Beauty salon,Unknown,,,52.2585375,21.1599818,OpenStreetMap / Overpass API,https://www.openstreetmap.org/node/12309280983,"Mo,Sa ""on appointment""; Tu-Fr 10:00-20:00"
12599661521,node,Solej,,Rembertów,+48606608562,,Hairdresser,Unknown,,,52.3091265,21.1538405,OpenStreetMap / Overpass API,https://www.openstreetmap.org/node/12599661521,
12309263286,node,Spak,Bombardierów 1,Rembertów,,,Beauty salon; Nails,Unknown,,,52.2611269,21.1637962,OpenStreetMap / Overpass API,https://www.openstreetmap.org/node/12309263286,
12133224768,node,Stacja Barber,,Rembertów,,,Hairdresser; Barber,Unknown,,,52.3359027,21.2147028,OpenStreetMap / Overpass API,https://www.openstreetmap.org/node/12133224768,
8467362701,node,Studio 33,,Rembertów,,,Beauty salon,Unknown,,,52.280321,21.1342308,OpenStreetMap / Overpass API,https://www.openstreetmap.org/node/8467362701,
2785582473,node,Studio 45,,Rembertów,+48795454545,http://www.studio45.com.pl,Hairdresser,Unknown,,,52.2800357,21.128215,OpenStreetMap / Overpass API,https://www.openstreetmap.org/node/2785582473,Mo-Fr 10:00-20:00; Sa 08:00-16:00
5651654614,node,Studio Lejdiss,"Marszałka Józefa Piłsudskiego 154, 05-091 Ząbki",Rembertów,+48513133993,,Hairdresser,Unknown,,,52.27882,21.1138309,OpenStreetMap / Overpass API,https://www.openstreetmap.org/node/5651654614,
13729898735,node,Studio Spa,,Rembertów,+48692890926,https://www.studiospa.waw.pl,Beauty salon,Unknown,,,52.3072501,21.1680813,OpenStreetMap / Overpass API,https://www.openstreetmap.org/node/13729898735,"Mo-Fr 10:00-19:00; Sa 10:00-15:00; Su,PH off"
13874084652,node,Szept nożyczek,,Rembertów,+48731924554,https://booksy.com/pl-pl/289284_szept-nozyczek_fryzjer_4224_zabki,Hairdresser,Unknown,,,52.289481,21.1212501,OpenStreetMap / Overpass API,https://www.openstreetmap.org/node/13874084652,Mo-Fr 10:00-19:00
5584941190,node,Tip Top Barbershop,,Rembertów,+48731356035,,Hairdresser,Unknown,,,52.2795217,21.1292884,OpenStreetMap / Overpass API,https://www.openstreetmap.org/node/5584941190,
10885769114,node,Top Fryzjer,,Rembertów,,https://topfryzjer.pl,Hairdresser,Unknown,,,52.3268145,21.1913759,OpenStreetMap / Overpass API,https://www.openstreetmap.org/node/10885769114,Mo-Fr 09:00-19:00; Sa 08:00-15:00
12309515683,node,Twoja Kreatorka,Generała Władysława Sikorskiego 57B,Rembertów,,,Beauty salon; Nails,Unknown,,,52.2876964,21.1253271,OpenStreetMap / Overpass API,https://www.openstreetmap.org/node/12309515683,
10151972359,node,Twój Przyjaciel Barber,Generała Władysława Sikorskiego 57B,Rembertów,+48570278928,,Hairdresser; Barber,Unknown,,,52.2876607,21.1253352,OpenStreetMap / Overpass API,https://www.openstreetmap.org/node/10151972359,Mo-Fr 11:00-21:00; Sa 09:00-19:00
12309515765,node,U Renaty,Szwoleżerów 132E,Rembertów,,,Hairdresser,Unknown,,,52.2848722,21.1366337,OpenStreetMap / Overpass API,https://www.openstreetmap.org/node/12309515765,Mo-Fr 10:00-19:00; Sa 08:00-13:00
4471318885,node,Ula,"Szwoleżerów 128, 05-091",Rembertów,+48530334994,,Beauty salon; Nails;Hair;Waxing;Hair Removal;Massage;Eyebrow;Cosmetics,Unknown,,,52.2851011,21.1339558,OpenStreetMap / Overpass API,https://www.openstreetmap.org/node/4471318885,Mo-Fr 10:00-20:00; Sa 10:00-17:00
4475139979,node,Your Place,Szwoleżerów 111,Rembertów,+48516586937,http://www.salon-yourplace.com.pl,Beauty salon,Unknown,,,52.2853002,21.1330718,OpenStreetMap / Overpass API,https://www.openstreetmap.org/node/4475139979,Mo 15:00-20:00; Tu-Fr 10:00-20:00; Sa 9:00-17:00
2186663240,node,"Zakład Fryzjerski ""Anna""","Kolejowa 7B, 05-220 Zielonka",Rembertów,,,Hairdresser,Unknown,,,52.31037,21.1531,OpenStreetMap / Overpass API,https://www.openstreetmap.org/node/2186663240,Mo-Th 08:00-18:00; Fr 07:00-18:00; Sa 07:00-14:00; PH off
12699261101,node,Zuza,Legionów 1B,Rembertów,+48694571277,,Hairdresser,Unknown,,,52.3469694,21.2397082,OpenStreetMap / Overpass API,https://www.openstreetmap.org/node/12699261101,Mo-Fr 10:00-18:00; Sa 09:00-14:00
13236837541,node,AB-Studio,"Łabiszyńska 21D, 03-204 Warszawa",Targówek,+48511533500,,Beauty salon,Unknown,,,52.2957941,21.0318363,OpenStreetMap / Overpass API,https://www.openstreetmap.org/node/13236837541,"Mo-Fr 10:00-20:00, Sa 10:00-15:00"
10106819572,node,Aga,,Targówek,,,Hairdresser,Unknown,,,52.2917765,21.1139098,OpenStreetMap / Overpass API,https://www.openstreetmap.org/node/10106819572,
11055052505,node,Aga,,Targówek,+48570540001,,Hairdresser,Unknown,,,52.2749504,21.0633413,OpenStreetMap / Overpass API,https://www.openstreetmap.org/node/11055052505,
13236837542,node,Ageless Clinic,"Łabiszyńska 21F, 03-204 Warszawa",Targówek,+48515440961,,Beauty salon,Unknown,,,52.2958092,21.0316282,OpenStreetMap / Overpass API,https://www.openstreetmap.org/node/13236837542,Mon-Fr 10:00-19:00
3835560059,node,Akademia Urody,"Orla 6, 05-091 Ząbki",Targówek,+48501380183,http://www.akademiaurodyas.pl,Beauty salon; Cosmetics;Spa;Massage,Unknown,,,52.2916639,21.115548,OpenStreetMap / Overpass API,https://www.openstreetmap.org/node/3835560059,
5867576537,node,Aldona,,Targówek,+48602331638,http://www.uroda-zabki.pl,Hairdresser,Unknown,,,52.2903812,21.1159706,OpenStreetMap / Overpass API,https://www.openstreetmap.org/node/5867576537,Mo-Fr 10:00-20:00; Sa 10:00-15:00
2093141930,node,Aleja Piękności,"Łodygowa 20, Warszawa",Targówek,,,Hairdresser,Unknown,,,52.2863998,21.0806453,OpenStreetMap / Overpass API,https://www.openstreetmap.org/node/2093141930,"Mo,We,Fr 10:00-20:00; Tu,Th,Sa 10:00-16:00"
3710561771,node,AT Beauty,Zamkowa 8,Targówek,,,Beauty salon,Unknown,,,52.2748369,21.0829532,OpenStreetMap / Overpass API,https://www.openstreetmap.org/node/3710561771,
12327470137,node,Atelier Liwska Emilia,,Targówek,+48506165282,http://www.atelierliwska.pl/start,Hairdresser; Nails,Unknown,,,52.324116,21.1081203,OpenStreetMap / Overpass API,https://www.openstreetmap.org/node/12327470137,
12946999295,node,Atelier Urody & Barber Shop,,Targówek,,,Hairdresser; Barber,Unknown,,,52.2694689,21.0599174,OpenStreetMap / Overpass API,https://www.openstreetmap.org/node/12946999295,
12232102101,node,BACA Barber,,Targówek,,,Hairdresser,Unknown,,,52.2804265,21.0477404,OpenStreetMap / Overpass API,https://www.openstreetmap.org/node/12232102101,
7091844314,node,Barbarella,,Targówek,+48579733293,,Hairdresser,Unknown,,,52.2906985,21.0481672,OpenStreetMap / Overpass API,https://www.openstreetmap.org/node/7091844314,Mo-Fr 09:00-20:00; Sa 09:00-14:00
12327480812,node,Beaty Woman,,Targówek,+48884067681,,Beauty salon; Cosmetics;Eyebrow;Nails,Unknown,,,52.3241151,21.1072059,OpenStreetMap / Overpass API,https://www.openstreetmap.org/node/12327480812,
8710080572,node,Beauty Center,"Lusińska 21/U2, 03-569 Warszawa",Targówek,,,Beauty salon,Unknown,,,52.275002,21.0493142,OpenStreetMap / Overpass API,https://www.openstreetmap.org/node/8710080572,Mo-Fr 10:30-20:00; Sa 10:00-15:00; PH off
4311852727,node,Bolero,"Orla 6, 05-091",Targówek,,,Beauty salon; Hair;Nails,Unknown,,,52.2915257,21.1152173,OpenStreetMap / Overpass API,https://www.openstreetmap.org/node/4311852727,Mo-Fr 09:00-18:00; Sa 08:00-15:00
166960195,way,Bon ton Studio,"Rembielińska 6B, 03-343 Warszawa",Targówek,,,Beauty salon,Unknown,,,52.2865139,21.0364717,OpenStreetMap / Overpass API,https://www.openstreetmap.org/way/166960195,Mo-Sa 10:00-20:00
12475486992,node,Bossy Nails,,Targówek,,,Beauty salon; Cosmetics;Eyebrow;Nails,Unknown,,,52.297993,21.0479812,OpenStreetMap / Overpass API,https://www.openstreetmap.org/node/12475486992,10:00-20:00
13238857665,node,Centrum Urody Karen,"Poborzańska 8, 03-368 Warszawa",Targówek,+48579736536,,Beauty salon,Unknown,,,52.2905748,21.0317596,OpenStreetMap / Overpass API,https://www.openstreetmap.org/node/13238857665,"Mo-Fr 10:00-20:00, Sa 09:00-15:00"
12149551836,node,Chillera u Barbera,,Targówek,+48570449001,,Hairdresser,Unknown,,,52.2795414,21.0529467,OpenStreetMap / Overpass API,https://www.openstreetmap.org/node/12149551836,Mo-Fr 09:00-22:00; Sa-Su 09:00-20:00
8710080579,node,Crazy Hair,Tadeusza Korzona 111,Targówek,,,Hairdresser,Unknown,,,52.2772825,21.051245,OpenStreetMap / Overpass API,https://www.openstreetmap.org/node/8710080579,
13679180435,node,Cud,,Targówek,,,Hairdresser,Unknown,,,52.2918666,21.0508037,OpenStreetMap / Overpass API,https://www.openstreetmap.org/node/13679180435,
7628328570,node,Dakini,,Targówek,,,Beauty salon,Unknown,,,52.2805459,21.0808863,OpenStreetMap / Overpass API,https://www.openstreetmap.org/node/7628328570,Mo-Fr 09:00-20:00; Sa 08:00-16:00
10865318344,node,Depil Concept,,Targówek,,,Beauty salon; Hair Removal,Unknown,,,52.2904328,21.0298208,OpenStreetMap / Overpass API,https://www.openstreetmap.org/node/10865318344,Mo-Fr 08:00-21:00; Sa 09:00-15:00
3710561769,node,Divine Studio Fryzur,,Targówek,,,Hairdresser,Unknown,,,52.2743396,21.0784652,OpenStreetMap / Overpass API,https://www.openstreetmap.org/node/3710561769,Mo-Fr 10:00-19:00; Sa 09:00-16:00
12366059221,node,DobryMoment,,Targówek,,,Massage,Unknown,,,52.3235266,21.0972532,OpenStreetMap / Overpass API,https://www.openstreetmap.org/node/12366059221,
1783600522,node,Doris,"Ludwika Kondratowicza 25, 03-242 Warszawa",Targówek,,,Hairdresser,Unknown,,,52.2934587,21.0349361,OpenStreetMap / Overpass API,https://www.openstreetmap.org/node/1783600522,
13236837537,node,Doris,"Łabiszyńska 21, 03-204 Warszawa",Targówek,+48224248662,,Hairdresser,Unknown,,,52.2955347,21.0315545,OpenStreetMap / Overpass API,https://www.openstreetmap.org/node/13236837537,
4313361271,node,Elise,"Orla 4, 05-091",Targówek,,,Beauty salon; Nails;Hair,Unknown,,,52.292181,21.1153504,OpenStreetMap / Overpass API,https://www.openstreetmap.org/node/4313361271,
13234119825,node,Elizabeth,"Ludwika Kondratowicza 11, 03-242 Warszawa",Targówek,+48534177564,,Beauty salon,Unknown,,,52.2941406,21.0276743,OpenStreetMap / Overpass API,https://www.openstreetmap.org/node/13234119825,Mo-Fr 08:00-18:30; Sa 08:00-15:00
12149558102,node,For You,Rembrandta 2,Targówek,,,Beauty salon; Nails,Unknown,,,52.2795771,21.0500525,OpenStreetMap / Overpass API,https://www.openstreetmap.org/node/12149558102,Mo-Sa 09:00-20:00; Su 10:00-20:00
1495255833,node,Fryzjer Metamorfoza,"Zygmunta Jórskiego 14, Warszawa",Targówek,,,Hairdresser,Unknown,,,52.2777437,21.0648407,OpenStreetMap / Overpass API,https://www.openstreetmap.org/node/1495255833,
4349621442,node,Fryzjer męski,,Targówek,+48501195955,,Hairdresser,Unknown,,,52.2912395,21.1121211,OpenStreetMap / Overpass API,https://www.openstreetmap.org/node/4349621442,
12475486995,node,Fryzjer męski Izabell,,Targówek,,,Hairdresser,Unknown,,,52.2985075,21.043483,OpenStreetMap / Overpass API,https://www.openstreetmap.org/node/12475486995,Mo-Fr 10:00-18:00; Sa 09:00-13:00
4958815759,node,Fryzjer.me,"Świętego Wincentego 54, Warszawa",Targówek,,http://fryzjer.me,Hairdresser,Unknown,,,52.2733038,21.0431863,OpenStreetMap / Overpass API,https://www.openstreetmap.org/node/4958815759,Mo-Fr 08:00-20:00; Sa 08:00-15:00
10144786348,node,Fryzjernia,"Wiosenna 12, 05-091 Ząbki",Targówek,+48570880861,,Hairdresser,Unknown,,,52.2907343,21.1145709,OpenStreetMap / Overpass API,https://www.openstreetmap.org/node/10144786348,Mo-Fr 09:00-20:00; Sa 09:00-14:00
12230290801,node,Fryzjerstwo & Manicure,,Targówek,,,Hairdresser,Unknown,,,52.2796318,21.0496376,OpenStreetMap / Overpass API,https://www.openstreetmap.org/node/12230290801,
13647518839,node,"FryzRoom Fryzjer Natalia - strzyżenie damskie męskie, stylizacja, farbowanie","Krzywińska 14, 03-324 Warszawa",Targówek,+48730127209,https://fryzjernatalia.booksy.com/a,Hairdresser,Unknown,,,52.2834641,21.0301145,OpenStreetMap / Overpass API,https://www.openstreetmap.org/node/13647518839,Mo-Su 10:00-21:00
3710561765,node,GD Studio,,Targówek,,,Hairdresser,Unknown,,,52.2747361,21.0829885,OpenStreetMap / Overpass API,https://www.openstreetmap.org/node/3710561765,Mo-Fr 09:00-20:00; Sa 08:00-16:00
12971322442,node,Girls World by Yuliia Tiurdeieva,,Targówek,,,Beauty salon; Nails,Unknown,,,52.2859218,21.0839536,OpenStreetMap / Overpass API,https://www.openstreetmap.org/node/12971322442,Mo-Sa 08:00-20:00
13633839202,node,Gniazdo Orła,,Targówek,,,Hairdresser,Unknown,,,52.3199849,21.1031358,OpenStreetMap / Overpass API,https://www.openstreetmap.org/node/13633839202,
5740833659,node,Gold Clinic,"Świętego Wincentego 101, 03-291 Warszawa",Targówek,,https://gold-clinic.pl,Beauty salon,Unknown,,,52.2954793,21.0535811,OpenStreetMap / Overpass API,https://www.openstreetmap.org/node/5740833659,Mo-Fr 09:00-21:00; Sa 09:00-15:00
7251588850,node,Haircut Express,,Targówek,,,Hairdresser,Unknown,,,52.2766711,21.0819635,OpenStreetMap / Overpass API,https://www.openstreetmap.org/node/7251588850,Mo-Su 08:00-21:00
9571510825,node,Hati Thai,,Targówek,+48798333120,https://www.hathithai.pl,Massage,Unknown,,,52.2794784,21.0553279,OpenStreetMap / Overpass API,https://www.openstreetmap.org/node/9571510825,
10043030395,node,Inglot,,Targówek,,,Cosmetics,Unknown,,,52.3056641,21.0868664,OpenStreetMap / Overpass API,https://www.openstreetmap.org/node/10043030395,
2628611149,node,Isabel,,Targówek,+48508205004,http://www.uroda-zabki.pl,Beauty salon,Unknown,,,52.2903982,21.1159491,OpenStreetMap / Overpass API,https://www.openstreetmap.org/node/2628611149,Mo-Fr 08:00-20:00; Sa 08:00-15:00
7703304364,node,Istanbul,"Ludwika Kondratowicza 25, Warszawa",Targówek,+48453022600,http://istanbulbarberbrodno.booksy.com,Hairdresser,Unknown,,,52.2934805,21.0339,OpenStreetMap / Overpass API,https://www.openstreetmap.org/node/7703304364,Mo-Sa 10:00-22:00
5303619238,node,Jean Louis David,,Targówek,,http://www.jeanlouisdavid.pl,Hairdresser,Unknown,,,52.3052801,21.0575363,OpenStreetMap / Overpass API,https://www.openstreetmap.org/node/5303619238,Mo-Sa 10:00-21:00; Su 10:00-20:00
1332081027,way,Jean Louis David,,Targówek,,,Hairdresser,Unknown,,,52.3055607,21.0873091,OpenStreetMap / Overpass API,https://www.openstreetmap.org/way/1332081027,
13709155351,node,Karo,,Targówek,,,Hairdresser,Unknown,,,52.2744259,21.0500943,OpenStreetMap / Overpass API,https://www.openstreetmap.org/node/13709155351,
1367780497,node,Klinika urody Beauty Duty,,Targówek,,https://www.beautyduty.pl,Beauty salon; Skin Care,Unknown,,,52.2913806,21.0482109,OpenStreetMap / Overpass API,https://www.openstreetmap.org/node/1367780497,
429504079,way,Koko,"Graniczna 30, 05-091 Ząbki",Targówek,+48509828991,,Hairdresser; Nails;Eyebrow;Eyelash;Hair Removal,Unknown,,,52.305294,21.0991084,OpenStreetMap / Overpass API,https://www.openstreetmap.org/way/429504079,Mo-Fr 09:00-20:00; Sa 09:00-15:00; PH off
12248615389,node,La Passion,,Targówek,,,Beauty salon,Unknown,,,52.2940991,21.052559,OpenStreetMap / Overpass API,https://www.openstreetmap.org/node/12248615389,
4437404375,node,Lady,,Targówek,,http://studiolady.prv.pl,Hairdresser,Unknown,,,52.2836574,21.0529942,OpenStreetMap / Overpass API,https://www.openstreetmap.org/node/4437404375,Mo-Fr 08:00-19:00; Sa 08:00-16:00
5899708339,node,Lililash&Spa,,Targówek,+48501408757,,Beauty salon,Unknown,,,52.2945354,21.1071473,OpenStreetMap / Overpass API,https://www.openstreetmap.org/node/5899708339,
13545461547,node,Lok&Roll,"Rembielińska 20/U-096A, 03-352 Warszawa",Targówek,+48221147429,https://www.lok-and-roll.pl,Hairdresser,Unknown,,,52.2901931,21.0306205,OpenStreetMap / Overpass API,https://www.openstreetmap.org/node/13545461547,"Su 10:00-20:00, Mo-Fr 09:00-21:00, Sa 08:00-20:00"
13336158408,node,Look,,Targówek,,,Beauty salon; Hair;Cosmetics,Unknown,,,52.3246833,21.1054807,OpenStreetMap / Overpass API,https://www.openstreetmap.org/node/13336158408,
7858717281,node,Manufaktura Paznokci,,Targówek,+48794436510,,Beauty salon,Unknown,,,52.2795954,21.0532466,OpenStreetMap / Overpass API,https://www.openstreetmap.org/node/7858717281,
9321011310,node,MD Beauty,"Szpitalna 10, 05-270 Marki",Targówek,+48668804990,https://www.facebook.com/MD-Beauty-1029840017202925,Hairdresser,Unknown,,,52.3093907,21.1001236,OpenStreetMap / Overpass API,https://www.openstreetmap.org/node/9321011310,Mo-Sa 10:00-20:00
4360280009,node,MiliOn - Nails salon,,Targówek,,,Beauty salon; Nails,Unknown,,,52.289618,21.1107502,OpenStreetMap / Overpass API,https://www.openstreetmap.org/node/4360280009,
4360280010,node,MilliOn,,Targówek,,,Hairdresser,Unknown,,,52.2896656,21.1107733,OpenStreetMap / Overpass API,https://www.openstreetmap.org/node/4360280010,
10865318338,node,Milo,Rembielińska 24,Targówek,,,Hairdresser,Unknown,,,52.2909182,21.0295262,OpenStreetMap / Overpass API,https://www.openstreetmap.org/node/10865318338,Mo-Fr 09:00-20:00; Sa 09:00-15:00
12149551835,node,Mr. Cut,,Targówek,,,Hairdresser,Unknown,,,52.2795875,21.0531899,OpenStreetMap / Overpass API,https://www.openstreetmap.org/node/12149551835,Mo-Fr 11:00-21:00; Sa-Su 09:00-19:00
13679164492,node,Pan pozwoli,"Ludwika Kondratowicza 22/U8, 03-285 Warszawa",Targówek,,https://booksy.com/pl-pl/112040_pan-pozwoly-barbershop_barber-shop_3_warszawa,Hairdresser; Barber,Unknown,,,52.2917653,21.0509494,OpenStreetMap / Overpass API,https://www.openstreetmap.org/node/13679164492,Mo-Fr 09:00-21:00; Sa 09:00-16:00
3241310013,node,Papilio Gabinet Zdrowej Przemiany,,Targówek,+48535045050,http://www.papilio.waw.pl,Beauty salon,Unknown,,,52.2956281,21.1082376,OpenStreetMap / Overpass API,https://www.openstreetmap.org/node/3241310013,
13233152978,node,Pink Nails,,Targówek,,,Beauty salon; Nails,Unknown,,,52.2934631,21.0341099,OpenStreetMap / Overpass API,https://www.openstreetmap.org/node/13233152978,
12881061600,node,Piu Bella,Malborska 1,Targówek,,,Beauty salon,Unknown,,,52.292545,21.0476841,OpenStreetMap / Overpass API,https://www.openstreetmap.org/node/12881061600,Mo-Th 10:00-20:00; Fr 10:00-19:00; Sa 09:00-14:00
562455288,way,Reali Beauty,"Suwalska 16, 03-252 Warszawa",Targówek,+48788880018,,Beauty salon; Nails,Unknown,,,52.2952827,21.0300377,OpenStreetMap / Overpass API,https://www.openstreetmap.org/way/562455288,"Mo-Sa 09:00-21:00, Su 11:00-21:00"
2093141891,node,Salon Anza,Warszawa,Targówek,+48222245950,http://www.salonanza.pl,Hairdresser,Unknown,,,52.2864121,21.0803329,OpenStreetMap / Overpass API,https://www.openstreetmap.org/node/2093141891,Mo-Fr 08:00-20:00; Sa 08:00-15:00
1783313952,node,Salon Fryzjerski,,Targówek,,,Hairdresser,Unknown,,,52.2913318,21.0197563,OpenStreetMap / Overpass API,https://www.openstreetmap.org/node/1783313952,
13237786499,node,Salon Fryzjerski ''FIFA'',"Poborzańska 45, 03-368 Warszawa",Targówek,+48226757904,,Hairdresser,Unknown,,,52.290952,21.0318362,OpenStreetMap / Overpass API,https://www.openstreetmap.org/node/13237786499,"Mo-Fr 09:00-20:00, Sa 08:00-15:00"
12475486990,node,Salon fryzjerski damski męski,,Targówek,,,Hairdresser,Unknown,,,52.298858,21.0489129,OpenStreetMap / Overpass API,https://www.openstreetmap.org/node/12475486990,Mo-Fr 08:00-20:00; Sa 08:00-14:00
8755865085,node,Salon Fryzjerski Damsko - Męski,,Targówek,+48601375338,,Hairdresser,Unknown,,,52.2867936,21.0381819,OpenStreetMap / Overpass API,https://www.openstreetmap.org/node/8755865085,Mo-Fr 10:00-19:00; Sa 08:00-15:00
12478741858,node,Salon Fryzjerski INNA,,Targówek,,,Hairdresser,Unknown,,,52.2940437,21.0502545,OpenStreetMap / Overpass API,https://www.openstreetmap.org/node/12478741858,
12478741856,node,Salon fryzjerski LAURA,,Targówek,,,Hairdresser,Unknown,,,52.2933825,21.0492873,OpenStreetMap / Overpass API,https://www.openstreetmap.org/node/12478741856,
13361348551,node,Salon Fryzjerski Tina,,Targówek,+48698832368,,Hairdresser,Unknown,,,52.288269,21.0655513,OpenStreetMap / Overpass API,https://www.openstreetmap.org/node/13361348551,Mo-Fr 09:00-19:00; Sa 08:00-14:00
11668875391,node,Sameh Barber,"Gabriela Narutowicza 47, 05-091 Ząbki",Targówek,+48884656033,,Hairdresser,Unknown,,,52.3020357,21.0963692,OpenStreetMap / Overpass API,https://www.openstreetmap.org/node/11668875391,Mo-Fr 13:00-21:00; Sa 10:00-19:00
8710080576,node,Sandra,"Tadeusza Korzona 111, 03-571 Warszawa",Targówek,,,Hairdresser,Unknown,,,52.2770044,21.0512,OpenStreetMap / Overpass API,https://www.openstreetmap.org/node/8710080576,Mo-Fr 08:00-20:00; Sa 08:00-14:00
10144786349,node,Sekret Urody,"Wiosenna 14, 05-091 Ząbki",Targówek,+48608775530,https://salonkosmetyczny-zabki.pl,Beauty salon,Unknown,,,52.2907931,21.1146354,OpenStreetMap / Overpass API,https://www.openstreetmap.org/node/10144786349,Mo 14:00-20:00; Tu-Fr 09:00-20:00; Sa 09:00-15:00
5257311747,node,Semilac,"Głębocka 15, 00-001 Warszawa",Targówek,+48733001839,,Beauty salon,Unknown,,,52.304741,21.0589007,OpenStreetMap / Overpass API,https://www.openstreetmap.org/node/5257311747,
13167509007,node,Sephora,,Targówek,,,Cosmetics,Unknown,,,52.3046166,21.057808,OpenStreetMap / Overpass API,https://www.openstreetmap.org/node/13167509007,
1332167792,way,Sephora,,Targówek,,,Cosmetics,Unknown,,,52.3053224,21.0864694,OpenStreetMap / Overpass API,https://www.openstreetmap.org/way/1332167792,
11386517673,node,Solarium Ząbki,,Targówek,+48515977128,,Beauty salon; Tanning,Unknown,,,52.2854266,21.1019159,OpenStreetMap / Overpass API,https://www.openstreetmap.org/node/11386517673,Mo-Sa 10:00-22:00
7723588124,node,Sposób na piękno,Ponarska 11,Targówek,+48661626446,https://facebook.com/pg/Spos%C3%B3b-Na-Pi%C4%99kno-Malwina-Stefaniak-111034606185426/services,Beauty salon,Unknown,,,52.2744452,21.0833135,OpenStreetMap / Overpass API,https://www.openstreetmap.org/node/7723588124,Mo-Fr 09:00-20:00
12344093170,node,Stara Mydlarnia,,Targówek,,,Cosmetics,Unknown,,,52.3040393,21.0570969,OpenStreetMap / Overpass API,https://www.openstreetmap.org/node/12344093170,
12881217765,node,Studio Estetyki,Tadeusza Korzona 111,Targówek,,https://studio-estetyki.pl,Beauty salon,Unknown,,,52.2774341,21.0509017,OpenStreetMap / Overpass API,https://www.openstreetmap.org/node/12881217765,
2774672548,node,Studio Farouk,"Ludwika Kondratowicza 22, 03-285 Warszawa",Targówek,,,Hairdresser,Unknown,,,52.2917752,21.0505013,OpenStreetMap / Overpass API,https://www.openstreetmap.org/node/2774672548,Mo-Fr 08:00-20:00; Sa 08:00-16:00
8710080573,node,Studio Fryzjerskie Hairline,"Chyrowska 4/6/8, 03-569 Warszawa",Targówek,,,Hairdresser,Unknown,,,52.2755353,21.0506553,OpenStreetMap / Overpass API,https://www.openstreetmap.org/node/8710080573,
10581548462,node,Studio Fryzur Katrin,"Stanisława Wyspiańskiego 3, 05-270 Marki",Targówek,+48798353949,https://booksy.com/pl-pl/153596_studio-fryzur-katrin_fryzjer_4299_marki,Hairdresser,Unknown,,,52.325277,21.1102926,OpenStreetMap / Overpass API,https://www.openstreetmap.org/node/10581548462,Mo-Fr 09:00-20:00; Sa 08:00-15:00
6811497415,node,Studio Fryzur u Danusi,,Targówek,+48226757453,http://salonudanusi.pl,Hairdresser,Unknown,,,52.2970378,21.0419614,OpenStreetMap / Overpass API,https://www.openstreetmap.org/node/6811497415,Mo-Fr 09:00-19:00; Sa 08:00-14:00
12324034861,node,Studio FryzurEdka,,Targówek,+48694462100,,Hairdresser,Unknown,,,52.3298347,21.1032562,OpenStreetMap / Overpass API,https://www.openstreetmap.org/node/12324034861,
9532317181,node,Studio Monia,"Handlowa 60, 03-556 Warszawa",Targówek,,,Beauty salon,Unknown,,,52.2743414,21.0505288,OpenStreetMap / Overpass API,https://www.openstreetmap.org/node/9532317181,
13237786498,node,Studio Urody ''Annette'',"Poborzańska 45, 03-368 Warszawa",Targówek,+48571209203,,Beauty salon,Unknown,,,52.2909461,21.03179,OpenStreetMap / Overpass API,https://www.openstreetmap.org/node/13237786498,"Tu-We, Fr 14:00-19:00, Th, Sa 09:00-14:00"
11135042412,node,Studio Urody Kameleon,"al. Marszałka Józefa Piłsudskiego 61, 05-260 Marki",Targówek,+48227811462,,Hairdresser,Unknown,,,52.3217212,21.1036833,OpenStreetMap / Overpass API,https://www.openstreetmap.org/node/11135042412,
4353786973,node,Studio urody Roger,,Targówek,,,Hairdresser,Unknown,,,52.3396738,21.1184476,OpenStreetMap / Overpass API,https://www.openstreetmap.org/node/4353786973,
12696920543,node,Style Maker,"Szpitalna 5E, 05-270 Marki",Targówek,+48731354742,,Hairdresser,Unknown,,,52.3093349,21.100902,OpenStreetMap / Overpass API,https://www.openstreetmap.org/node/12696920543,Mo-Sa 10:00-20:00
12881217768,node,Style Nails,Tadeusza Korzona 111,Targówek,,,Beauty salon; Nails,Unknown,,,52.2769141,21.0508173,OpenStreetMap / Overpass API,https://www.openstreetmap.org/node/12881217768,
6956035412,node,Szakall & Barber Shop,Nadwiślańska 5b,Targówek,,https://booksy.com/pl-pl/20049_szakall-barber-shop_barber-shop_3_warszawa,Hairdresser,Unknown,,,52.2866725,21.0258287,OpenStreetMap / Overpass API,https://www.openstreetmap.org/node/6956035412,Mo-Fr 09:00-19:00; Sa 08:00-14:00
12475486873,node,Szalone nożyczki u Hali,,Targówek,,,Hairdresser,Unknown,,,52.2985814,21.0464882,OpenStreetMap / Overpass API,https://www.openstreetmap.org/node/12475486873,Tu-Fr 10:00-18:00; Sa 09:00-14:00; Mo off
8578233035,node,Szybkie Nożyczki,"Aleja Marszałka Józefa Piłsudskiego 200A/5B, 05-270 Marki",Targówek,,,Hairdresser,Unknown,,,52.3445367,21.1238012,OpenStreetMap / Overpass API,https://www.openstreetmap.org/node/8578233035,
13192292712,node,Tony Nails,Birżańska 1,Targówek,,,Beauty salon; Nails,Unknown,,,52.2635824,21.059512,OpenStreetMap / Overpass API,https://www.openstreetmap.org/node/13192292712,
10128096040,node,Top Fryzjer,"Łabiszyńska 16A, 03-385 Warszawa",Targówek,,https://www.topfryzjer.pl,Hairdresser,Unknown,,,52.295613,21.0332934,OpenStreetMap / Overpass API,https://www.openstreetmap.org/node/10128096040,Mo-Fr 10:00-18:00; Sa 08:00-15:00
13234117554,node,Top Fryzjer,,Targówek,,,Hairdresser,Unknown,,,52.2942005,21.0275223,OpenStreetMap / Overpass API,https://www.openstreetmap.org/node/13234117554,Mo-Fr 08:00-19:00; Sa 08:00-15:00
1383618111,node,U Sabiny,"Malborska 6, 03-288 Warszawa",Targówek,,,Hairdresser,Unknown,,,52.2936216,21.0493433,OpenStreetMap / Overpass API,https://www.openstreetmap.org/node/1383618111,Mo-Fr 09:00-19:00; Sa 09:00-14:00
5328218752,node,Utopia Barber Shop,"Aleja Marszałka Józefa Piłsudskiego 43, 05-270 Marki",Targówek,+48574896035,https://booksy.com/pl-pl/126950_utopia-barber-shop-marki_barber-shop_4299_marki,Hairdresser,Unknown,,,52.3199506,21.1021831,OpenStreetMap / Overpass API,https://www.openstreetmap.org/node/5328218752,Mo-Fr 09:00-21:00; Sa 08:00-17:00
12881252860,node,Viet Nails & Lashes,Trocka 10F,Targówek,,,Beauty salon; Nails;Eyelash,Unknown,,,52.2757347,21.0555747,OpenStreetMap / Overpass API,https://www.openstreetmap.org/node/12881252860,Mo-Fr 08:00-20:00; Sa 08:00-17:00
4311852733,node,Wenus,"Orla 6, 05-091",Targówek,+48223571715,http://www.solarium-zabki-695.zor.pl,Beauty salon; Eyelash;Eyebrow;Hair Removal;Waxing;Cosmetics;Hair;Tanning,Unknown,,,52.2914466,21.1149921,OpenStreetMap / Overpass API,https://www.openstreetmap.org/node/4311852733,Mo-Fr 10:00-20:00; Sa 10:00-15:00
10865303305,node,Wiki,Piotra Wysockiego 10,Targówek,,,Hairdresser,Unknown,,,52.2878333,21.0218836,OpenStreetMap / Overpass API,https://www.openstreetmap.org/node/10865303305,
12344093174,node,Yves Rocher,,Targówek,,,Beauty salon; Cosmetics,Unknown,,,52.3041313,21.0575571,OpenStreetMap / Overpass API,https://www.openstreetmap.org/node/12344093174,
1332081022,way,Yves Rocher,,Targówek,,,Cosmetics,Unknown,,,52.305572,21.087649,OpenStreetMap / Overpass API,https://www.openstreetmap.org/way/1332081022,
12880999735,node,Yvette,Łojewska 12E,Targówek,,,Hairdresser,Unknown,,,52.2960549,21.0378858,OpenStreetMap / Overpass API,https://www.openstreetmap.org/node/12880999735,Mo-Fr 09:00-19:00; Sa 08:00-14:00
10073735326,node,Z Pasją,Rembrandta 4,Targówek,,,Beauty salon; Massage;Skin Care;Hair Removal;Nails;Eyebrow,Unknown,,,52.2800465,21.0500673,OpenStreetMap / Overpass API,https://www.openstreetmap.org/node/10073735326,"Mo,We,Fr 12:00-20:00; Tu,Th,Sa 10:00-16:00"
11196588138,node,AD Beauty Studio,"Karola Taylora 6A, 02-495 Warszawa",Ursus,,,Hairdresser,Unknown,,,52.200713,20.8803416,OpenStreetMap / Overpass API,https://www.openstreetmap.org/node/11196588138,
9620287390,node,Aesthetics Karolina Gromek,,Ursus,,,Beauty salon,Unknown,,,52.1996616,20.887775,OpenStreetMap / Overpass API,https://www.openstreetmap.org/node/9620287390,Mo-Sa 09:00-20:00; PH off
12982021327,node,Akademia Piękna,,Ursus,,,Beauty salon,Unknown,,,52.1906767,20.912407,OpenStreetMap / Overpass API,https://www.openstreetmap.org/node/12982021327,Mo-Fr 10:00-21:00; Sa 09:00-14:00; PH off
13075629400,node,Akademia Piękna,,Ursus,,,Beauty salon,Unknown,,,52.196741,20.8823019,OpenStreetMap / Overpass API,https://www.openstreetmap.org/node/13075629400,Mo-Fr 10:00-19:00; Sa 09:00-14:00; PH off
10618574270,node,Anna Toman,,Ursus,,,Hairdresser,Unknown,,,52.1762863,20.8813336,OpenStreetMap / Overpass API,https://www.openstreetmap.org/node/10618574270,
11818224168,node,Ayu Masaże Balijskie Tajskie,,Ursus,,,Massage,Unknown,,,52.1996473,20.8872772,OpenStreetMap / Overpass API,https://www.openstreetmap.org/node/11818224168,Mo-Su 12:00-22:00
9923829852,node,Barber Friends,"Stanisława Wojciechowskiego 33, 02-495 Warszawa",Ursus,+48729596360,,Hairdresser,Unknown,,,52.1947059,20.8741427,OpenStreetMap / Overpass API,https://www.openstreetmap.org/node/9923829852,Mo-Sa 09:00-22:00; PH off
11196561568,node,Barber shop,"Karola Taylora, 02-495 Warszawa",Ursus,+48516414717,,Hairdresser,Unknown,,,52.2002506,20.8789016,OpenStreetMap / Overpass API,https://www.openstreetmap.org/node/11196561568,Mo-Fr 10:30-19:00; Sa 10:00-14:00; PH off
9141098932,node,Barber Shop Ursus,,Ursus,+48508508885,,Hairdresser; Barber,Unknown,,,52.2039306,20.8796461,OpenStreetMap / Overpass API,https://www.openstreetmap.org/node/9141098932,Mo-Fr 09:00-21:00; Sa 09:00-17:00; PH off
11222978237,node,Bary Barber,,Ursus,,,Hairdresser,Unknown,,,52.1999699,20.8903966,OpenStreetMap / Overpass API,https://www.openstreetmap.org/node/11222978237,
12407307627,node,Be Beauty,,Ursus,,,Beauty salon,Unknown,,,52.1978484,20.8864195,OpenStreetMap / Overpass API,https://www.openstreetmap.org/node/12407307627,
12892499367,node,Beauty Blossom Studio,,Ursus,,,Beauty salon,Unknown,,,52.204382,20.8842113,OpenStreetMap / Overpass API,https://www.openstreetmap.org/node/12892499367,Mo-Fr 10:00-19:00; Sa 10:00-15:00; PH off
6248027951,node,Beauty Point,,Ursus,,,Beauty salon,Unknown,,,52.1998265,20.8920869,OpenStreetMap / Overpass API,https://www.openstreetmap.org/node/6248027951,Mo-Fr 09:00-20:00; Sa 08:00-15:00
13157805928,node,Beauty Salon,Konotopska 1A,Ursus,,,Beauty salon; Nails;Hair,Unknown,,,52.2076015,20.8653787,OpenStreetMap / Overpass API,https://www.openstreetmap.org/node/13157805928,Mo-Fr 11:00-19:00; Sa 09:00-15:00
11735131592,node,Beautyteka,,Ursus,,,Beauty salon,Unknown,,,52.2060482,20.8788382,OpenStreetMap / Overpass API,https://www.openstreetmap.org/node/11735131592,"Mo-Fr 10:00-20:00; Sa 09:00-14:00; Su,PH off"
12187559922,node,Bosko,,Ursus,,,Beauty salon,Unknown,,,52.2060394,20.8764826,OpenStreetMap / Overpass API,https://www.openstreetmap.org/node/12187559922,
7893454622,node,Będzie Pięknie,,Ursus,,,Beauty salon; Nails;Pedicure;Eyebrow;Skin Care;Waxing;Cosmetic Studio;Eyelash,Unknown,,,52.2050852,20.8819958,OpenStreetMap / Overpass API,https://www.openstreetmap.org/node/7893454622,Mo-Fr 08:00-21:30; Sa 08:00-16:00; PH off
11222967826,node,Colibri Beauty Space,,Ursus,,,Beauty salon,Unknown,,,52.200186,20.8917788,OpenStreetMap / Overpass API,https://www.openstreetmap.org/node/11222967826,Mo-Sa 09:00-21:00; Su 10:00-20:00; PH off
11164939663,node,Cosibella Corner,Bohaterów Warszawy 26,Ursus,,,Cosmetics,Unknown,,,52.1951957,20.8871695,OpenStreetMap / Overpass API,https://www.openstreetmap.org/node/11164939663,Mo-Fr 09:00-21:00; Sa 10:00-18:00; PH off
12448126158,node,Cut Point,,Ursus,,,Hairdresser,Unknown,,,52.2013605,20.8862969,OpenStreetMap / Overpass API,https://www.openstreetmap.org/node/12448126158,Mo-Sa 08:00-20:00; PH off
8428138061,node,Dab Hair Studio,,Ursus,,,Hairdresser; Barber,Unknown,,,52.2040007,20.8804776,OpenStreetMap / Overpass API,https://www.openstreetmap.org/node/8428138061,Mo-Fr 10:00-20:00; Sa-Su 10:00-19:00; PH off
1368679451,way,Denique,,Ursus,,https://denique.pl/index.php/nasze-salony/warszawa-ch-janki,Beauty salon,Unknown,,,52.1351353,20.8898082,OpenStreetMap / Overpass API,https://www.openstreetmap.org/way/1368679451,
11164939658,node,Dorota,Bohaterów Warszawy 25,Ursus,,,Hairdresser,Unknown,,,52.194302,20.8887046,OpenStreetMap / Overpass API,https://www.openstreetmap.org/node/11164939658,Mo-Fr 09:00-19:00; Sa 09:00-14:00
8934793191,node,Duo Nails,,Ursus,,,Beauty salon; Nails,Unknown,,,52.2039849,20.8798172,OpenStreetMap / Overpass API,https://www.openstreetmap.org/node/8934793191,
10783653431,node,DV Studio,Konotopska 1A,Ursus,,,Beauty salon; Nails;Hair Removal,Unknown,,,52.2075004,20.8654067,OpenStreetMap / Overpass API,https://www.openstreetmap.org/node/10783653431,Mo-Fr 10:00-20:00; Sa 10:00-15:00
11164939655,node,E&P,Bohaterów Warszawy 21,Ursus,,,Beauty salon; Cosmetics;Hair Removal;Skin Care;Aesthetic,Unknown,,,52.1940569,20.8891463,OpenStreetMap / Overpass API,https://www.openstreetmap.org/node/11164939655,
2025217595,node,Ela — Salon Fryzjerski Kosmetyczny,"Rakietników 18, 02-495 Warszawa",Ursus,+48226670298,https://salonela.pl,Hairdresser,Unknown,,,52.195974,20.8912256,OpenStreetMap / Overpass API,https://www.openstreetmap.org/node/2025217595,Mo-Fr 08:15-20:00; Sa 08:00-14:00
13205103999,node,Emerald,,Ursus,,,Beauty salon,Unknown,,,52.1957974,20.8859938,OpenStreetMap / Overpass API,https://www.openstreetmap.org/node/13205103999,
10539705178,node,Emesthetic Clinic,,Ursus,,,Beauty salon; Skin Care;Aesthetic,Unknown,,,52.2037013,20.8778192,OpenStreetMap / Overpass API,https://www.openstreetmap.org/node/10539705178,Mo-Fr 10:00-22:00; Sa 09:00-17:00; PH off
13158062727,node,Fabryka,Warszawska 3,Ursus,,,Hairdresser,Unknown,,,52.1901915,20.8543883,OpenStreetMap / Overpass API,https://www.openstreetmap.org/node/13158062727,"Mo-Sa 09:00-20:00; Su 10:00-18:00 ""tylko niedziele handlowe"""
12589727571,node,Family Look,,Ursus,,,Hairdresser,Unknown,,,52.1946677,20.8708849,OpenStreetMap / Overpass API,https://www.openstreetmap.org/node/12589727571,"Mo-Fr 08:00-20:00; Sa 08:00-16:00; Su,PH off"
8736553136,node,Glamour Moments,"Stanisława Wojciechowskiego 29, 02-495 Warszawa",Ursus,+48505466168,https://www.facebook.com/GlamourMoments29,Hairdresser; Cosmetics,Unknown,,,52.1954178,20.8760968,OpenStreetMap / Overpass API,https://www.openstreetmap.org/node/8736553136,
10880235672,node,Góral Haircuts,,Ursus,,,Hairdresser,Unknown,,,52.2057583,20.8790315,OpenStreetMap / Overpass API,https://www.openstreetmap.org/node/10880235672,Tu-Fr 09:00-19:00; Sa 09:00-15:00
8922340469,node,Hair Innovo,,Ursus,+48665934066,,Beauty salon,Unknown,,,52.2065721,20.8794929,OpenStreetMap / Overpass API,https://www.openstreetmap.org/node/8922340469,"""po wcześniejszym umówieniu"""
10271137212,node,Haircut Express,,Ursus,,,Hairdresser,Unknown,,,52.2041867,20.881444,OpenStreetMap / Overpass API,https://www.openstreetmap.org/node/10271137212,Mo-Sa 09:00-21:00; Su 10:00-19:00; PH off
11084411407,node,Haircut Express,,Ursus,,,Hairdresser,Unknown,,,52.1901542,20.9005514,OpenStreetMap / Overpass API,https://www.openstreetmap.org/node/11084411407,
12876891198,node,HairPro,,Ursus,,,Hairdresser,Unknown,,,52.2013642,20.8822632,OpenStreetMap / Overpass API,https://www.openstreetmap.org/node/12876891198,Mo-Su 10:00-21:00
6248027943,node,Hapy’s Nails,,Ursus,+48510468888,,Beauty salon; Nails,Unknown,,,52.2048828,20.881363,OpenStreetMap / Overpass API,https://www.openstreetmap.org/node/6248027943,Mo-Fr 09:00-20:00; Sa 09:00-17:00; Su 10:00-17:00; PH off
1368679580,way,Hop-Chop,,Ursus,+48577333756,,Hairdresser,Unknown,,,52.1339645,20.8889108,OpenStreetMap / Overpass API,https://www.openstreetmap.org/way/1368679580,
8856671320,node,House of Color,,Ursus,+48723323633,http://m-studio.waw.pl,Beauty salon; Hair;Nails;Laser Hair Removal,Unknown,,,52.2037308,20.8809722,OpenStreetMap / Overpass API,https://www.openstreetmap.org/node/8856671320,"""salon czynny w niestandardowych godzinach"""
1371364188,way,Inglot,,Ursus,,,Cosmetics,Unknown,,,52.1356694,20.8903419,OpenStreetMap / Overpass API,https://www.openstreetmap.org/way/1371364188,
11064354824,node,Izula Studio,,Ursus,,,Beauty salon,Unknown,,,52.2004343,20.8871037,OpenStreetMap / Overpass API,https://www.openstreetmap.org/node/11064354824,"Tu-Su 10:00-20:00; Mo,PH off"
1368679457,way,Jean Louis David,,Ursus,,https://jld.pl/salony/M83,Hairdresser,Unknown,,,52.1349953,20.8894005,OpenStreetMap / Overpass API,https://www.openstreetmap.org/way/1368679457,
11164939636,node,Juicy Beauty,Henryka Rodakowskiego 1,Ursus,,,Beauty salon,Unknown,,,52.1957597,20.886423,OpenStreetMap / Overpass API,https://www.openstreetmap.org/node/11164939636,Mo-Fr 10:00-20:00; Sa 08:00-16:00; PH off
12786269512,node,Julia Nail,,Ursus,,,Beauty salon; Nails,Unknown,,,52.1948696,20.8740673,OpenStreetMap / Overpass API,https://www.openstreetmap.org/node/12786269512,Mo-Sa 09:00-20:00; Su 10:00-18:00; PH off
8509703174,node,Junika,,Ursus,+48222252695,,Beauty salon; Nails,Unknown,,,52.206267,20.8797506,OpenStreetMap / Overpass API,https://www.openstreetmap.org/node/8509703174,Mo-Fr 10:00-20:00; Sa 09:00-15:00; PH off
11164939635,node,K.Pro,,Ursus,,,Hairdresser,Unknown,,,52.1956615,20.886133,OpenStreetMap / Overpass API,https://www.openstreetmap.org/node/11164939635,Mo-Fr 09:00-19:00; Sa 10:00-16:00
12877020076,node,Kciuk Osobno,,Ursus,,,Beauty salon; Nails,Unknown,,,52.1997423,20.8798671,OpenStreetMap / Overpass API,https://www.openstreetmap.org/node/12877020076,Mo-Th 08:00-21:00; Fr 09:00-20:00; Sa 10:00-16:00; PH off
9694396307,node,King Barbershop,,Ursus,,,Hairdresser; Barber,Unknown,,,52.2037937,20.8781008,OpenStreetMap / Overpass API,https://www.openstreetmap.org/node/9694396307,Mo-Sa 09:00-20:00; Su 10:00-18:00; PH off
8202482074,node,Lash.Prof Studio,,Ursus,,,Beauty salon,Unknown,,,52.2061829,20.8798821,OpenStreetMap / Overpass API,https://www.openstreetmap.org/node/8202482074,Mo-Su 09:00-20:00; PH off
9352306127,node,Legacy Barbershop,,Ursus,+48515621108,https://legacybarbershop.pl,Hairdresser,Unknown,,,52.2049633,20.8799248,OpenStreetMap / Overpass API,https://www.openstreetmap.org/node/9352306127,Mo-Sa 09:00-21:00; PH off
9864010646,node,Lejdis&Gentelmen,,Ursus,,https://booksy.com/pl-pl/134773_lejdis-gentelmen_fryzjer_4415_michalowice,Hairdresser,Unknown,,,52.1788443,20.8657993,OpenStreetMap / Overpass API,https://www.openstreetmap.org/node/9864010646,
11164906210,node,LiLy,Bohaterów Warszawy 11,Ursus,,,Beauty salon; Nails,Unknown,,,52.1930905,20.8914547,OpenStreetMap / Overpass API,https://www.openstreetmap.org/node/11164906210,Mo-Fr 10:00-19:00; Sa-Su 10:00-16:00
12187559920,node,M Studio,,Ursus,,,Beauty salon,Unknown,,,52.2058661,20.8759521,OpenStreetMap / Overpass API,https://www.openstreetmap.org/node/12187559920,"""konieczność rezerwacji wizyty"""
9602836084,node,maFryzka,"Dzieci Warszawy 27A, 02-495 Warszawa",Ursus,,,Hairdresser,Unknown,,,52.1929341,20.9045191,OpenStreetMap / Overpass API,https://www.openstreetmap.org/node/9602836084,
9602836085,node,maFryzka Studio,"Dzieci Warszawy 27A, 02-495 Warszawa",Ursus,,,Hairdresser,Unknown,,,52.1929745,20.9039022,OpenStreetMap / Overpass API,https://www.openstreetmap.org/node/9602836085,
13686367392,node,Maison de Beauté,,Ursus,,,Beauty salon,Unknown,,,52.1996357,20.8715255,OpenStreetMap / Overpass API,https://www.openstreetmap.org/node/13686367392,"Mo-Fr 09:00-19:00; Sa 09:00-16:00; Su,PH off"
11412558797,node,Manana Hair,,Ursus,+48516744377,,Hairdresser,Unknown,,,52.2063982,20.8785413,OpenStreetMap / Overpass API,https://www.openstreetmap.org/node/11412558797,Mo-Fr 10:00-20:00; Sa 09:00-15:00; PH off
6248027945,node,Mani Muz,,Ursus,,,Beauty salon,Unknown,,,52.1996122,20.8918605,OpenStreetMap / Overpass API,https://www.openstreetmap.org/node/6248027945,
11164906214,node,Manufaktura Piękna,Bohaterów Warszawy 8,Ursus,,,Beauty salon; Nails;Hair;Cosmetics,Unknown,,,52.1934034,20.8923085,OpenStreetMap / Overpass API,https://www.openstreetmap.org/node/11164906214,Mo-Fr 09:00-20:00; Sa 09:00-16:00; PH off
13205096518,node,Marysol,,Ursus,,,Beauty salon; Nails,Unknown,,,52.1961661,20.8854105,OpenStreetMap / Overpass API,https://www.openstreetmap.org/node/13205096518,Mo-Fr 10:00-20:00; Sa 09:00-15:00; PH off
12093892058,node,Mia Belleza Nails & Head Spa,,Ursus,,,Beauty salon,Unknown,,,52.2031725,20.8841599,OpenStreetMap / Overpass API,https://www.openstreetmap.org/node/12093892058,Mo-Sa 09:00-20:00; Su 10:00-16:00; PH off
11818219805,node,Ministry of Beauty,,Ursus,,,Beauty salon; Nails;Eyebrow,Unknown,,,52.1992836,20.8875854,OpenStreetMap / Overpass API,https://www.openstreetmap.org/node/11818219805,
12093871292,node,mm Kobido Up,,Ursus,,,Massage,Unknown,,,52.206307,20.8797178,OpenStreetMap / Overpass API,https://www.openstreetmap.org/node/12093871292,
9707450714,node,Modzelowa,,Ursus,,https://www.facebook.com/modzelowa,Beauty salon,Unknown,,,52.1632435,20.8864732,OpenStreetMap / Overpass API,https://www.openstreetmap.org/node/9707450714,
13686380011,node,moje studio,,Ursus,,,Beauty salon,Unknown,,,52.1996744,20.8720228,OpenStreetMap / Overpass API,https://www.openstreetmap.org/node/13686380011,"Mo-Fr 10:00-20:00; Sa 09:00-14:00; Su,PH off"
12187559923,node,Morskie Harmonie,,Ursus,,,Massage,Unknown,,,52.2060647,20.8765602,OpenStreetMap / Overpass API,https://www.openstreetmap.org/node/12187559923,
12877021906,node,Nail & Skin Studio,,Ursus,,,Beauty salon,Unknown,,,52.2012125,20.8817819,OpenStreetMap / Overpass API,https://www.openstreetmap.org/node/12877021906,"Mo-Fr 08:00-21:00; Sa,Su 08:00-18:00; PH off"
12878840714,node,Nail Studio,,Ursus,,,Beauty salon; Nails,Unknown,,,52.1670706,20.8899293,OpenStreetMap / Overpass API,https://www.openstreetmap.org/node/12878840714,
10595856108,node,Nails Care Room,,Ursus,,,Beauty salon,Unknown,,,52.2005931,20.8799614,OpenStreetMap / Overpass API,https://www.openstreetmap.org/node/10595856108,
1373171349,way,Neonail,,Ursus,,,Cosmetics,Unknown,,,52.1349664,20.8898461,OpenStreetMap / Overpass API,https://www.openstreetmap.org/way/1373171349,
9252628246,node,New Style,,Ursus,+48512435916,https://kosmetolodzy.staranni.pl/company.php,Hairdresser,Unknown,,,52.205131,20.8805868,OpenStreetMap / Overpass API,https://www.openstreetmap.org/node/9252628246,Mo-Fr 10:00-20:00; Sa 08:00-14:00; PH off
11222971135,node,Niebieska Strefa,,Ursus,,,Massage,Unknown,,,52.2008112,20.887541,OpenStreetMap / Overpass API,https://www.openstreetmap.org/node/11222971135,Mo-Su 08:00-20:00; PH off
11164998589,node,Nova Beauty Space,Bohaterów Warszawy 45,Ursus,,,Beauty salon,Unknown,,,52.1955925,20.8852626,OpenStreetMap / Overpass API,https://www.openstreetmap.org/node/11164998589,
10880235673,node,Nusa Spa,,Ursus,,,Massage,Unknown,,,52.2043665,20.8798184,OpenStreetMap / Overpass API,https://www.openstreetmap.org/node/10880235673,
11369050575,node,odNowa,,Ursus,+48512560088,,Hairdresser,Unknown,,,52.1936002,20.8951104,OpenStreetMap / Overpass API,https://www.openstreetmap.org/node/11369050575,
12404675261,node,Oksha Estetic Clinic,,Ursus,,,Beauty salon,Unknown,,,52.204099,20.8833641,OpenStreetMap / Overpass API,https://www.openstreetmap.org/node/12404675261,Mo-Sa 10:00-21:00; Su 12:00-21:00; PH off
1348242379,way,Pan Kosmetyczka,,Ursus,,,Beauty salon; Cosmetics,Unknown,,,52.1957096,20.8765087,OpenStreetMap / Overpass API,https://www.openstreetmap.org/way/1348242379,
11164998594,node,Paweł Inowadzki,Bohaterów Warszawy 47,Ursus,,,Hairdresser,Unknown,,,52.195701,20.8847105,OpenStreetMap / Overpass API,https://www.openstreetmap.org/node/11164998594,Mo-Fr 08:00-19:00; Sa 07:00-14:00
7893454621,node,Pilniczek,,Ursus,+48699916775,,Beauty salon; Nails;Pedicure;Eyebrow;Waxing;Skin Care;Hair;Cosmetic Studio;Skin,Unknown,,,52.2040759,20.8782755,OpenStreetMap / Overpass API,https://www.openstreetmap.org/node/7893454621,Mo-Fr 09:00-20:00; Sa 09:00-15:00; PH off
10112119323,node,Pink Salon,,Ursus,,,Beauty salon,Unknown,,,52.1996308,20.8906641,OpenStreetMap / Overpass API,https://www.openstreetmap.org/node/10112119323,
12786328521,node,Pod Włos,,Ursus,,,Hairdresser,Unknown,,,52.1949689,20.8744332,OpenStreetMap / Overpass API,https://www.openstreetmap.org/node/12786328521,
11903233167,node,Pracownia Fryzjerska Natalia Klonowska,"Karola Taylora 6, 02-495 Warszawa",Ursus,+48534820657,,Hairdresser,Unknown,,,52.2005289,20.8797522,OpenStreetMap / Overpass API,https://www.openstreetmap.org/node/11903233167,Mo-Fr 09:00-20:00; Sa 08:00-15:00; PH off
11164998584,node,Pracownia Fryzur,Bohaterów Warszawy 43A,Ursus,,,Hairdresser,Unknown,,,52.1955214,20.8855412,OpenStreetMap / Overpass API,https://www.openstreetmap.org/node/11164998584,Mo-Fr 08:00-20:00; Sa 08:00-15:00
12878840715,node,Revive Body,,Ursus,,https://www.revivebody.pl,Beauty salon,Unknown,,,52.1669993,20.8899106,OpenStreetMap / Overpass API,https://www.openstreetmap.org/node/12878840715,
1368679511,way,Rituals,,Ursus,,,Cosmetics,Unknown,,,52.1349189,20.8907082,OpenStreetMap / Overpass API,https://www.openstreetmap.org/way/1368679511,
13386101869,node,Royal Academy,"Kolorowa 19, 02-495 Warszawa",Ursus,+48514449066,,Beauty salon; Cosmetics;Szkolenia Kosmetologiczne;Szkolenia Medycyna Estetyczna;Medycyna Estetyczna;Powiększanie Ust,Unknown,,,52.1897635,20.890098,OpenStreetMap / Overpass API,https://www.openstreetmap.org/node/13386101869,Mo-Fr 10:00-20:00; Sa 09:00-17:00
12749812307,node,Salon de Kris,,Ursus,,,Beauty salon,Unknown,,,52.1992095,20.8810369,OpenStreetMap / Overpass API,https://www.openstreetmap.org/node/12749812307,Mo-Fr 09:00-21:00; Sa 10:00-18:00; PH off
3247874668,node,Salon fryzjerski,"Jesienna 29, 02-496 Warszawa",Ursus,,,Hairdresser,Unknown,,,52.1979248,20.8630818,OpenStreetMap / Overpass API,https://www.openstreetmap.org/node/3247874668,
9602728754,node,Salon Fryzjerski Klaudia,"Dzieci Warszawy 31, 02-495 Warszawa",Ursus,+48731100211,,Hairdresser,Unknown,,,52.1943189,20.9002545,OpenStreetMap / Overpass API,https://www.openstreetmap.org/node/9602728754,Mo-Fr 09:00-19:00; Sa 09:00-16:00; PH off
8512091634,node,Salon fryzjerski Monika,,Ursus,,,Hairdresser,Unknown,,,52.2003942,20.8726775,OpenStreetMap / Overpass API,https://www.openstreetmap.org/node/8512091634,
12786306737,node,Salon Paradise,,Ursus,,,Beauty salon,Unknown,,,52.1946626,20.8745078,OpenStreetMap / Overpass API,https://www.openstreetmap.org/node/12786306737,Mo-Fr 09:00-17:00; Sa 09:00-14:00; PH off
8848453882,node,Salon Paula,,Ursus,+48604905802,https://salonpaulamichalowice.pl,Beauty salon,Unknown,,,52.1748333,20.8813822,OpenStreetMap / Overpass API,https://www.openstreetmap.org/node/8848453882,
12943551047,node,Salon u Piotra,,Ursus,+48509602122,,Hairdresser,Unknown,,,52.1730696,20.8619037,OpenStreetMap / Overpass API,https://www.openstreetmap.org/node/12943551047,
12786294673,node,Salon z Pazurem,,Ursus,,,Beauty salon; Nails,Unknown,,,52.1945765,20.8744569,OpenStreetMap / Overpass API,https://www.openstreetmap.org/node/12786294673,
9585235085,node,Sapa Bella,,Ursus,+48516199817,,Beauty salon; Cosmetics;Eyebrow;Eyelash;Nails,Unknown,,,52.2046577,20.8818449,OpenStreetMap / Overpass API,https://www.openstreetmap.org/node/9585235085,Mo-Sa 09:00-20:00; Su 10:00-19:00; PH off
1368679559,way,Sephora,,Ursus,,https://www.sephora.pl/o-perfumerii,Cosmetics,Unknown,,,52.1345853,20.8914614,OpenStreetMap / Overpass API,https://www.openstreetmap.org/way/1368679559,
13424500834,node,Shekinets,"Starodęby 10, 02-497 Warszawa",Ursus,,,Hairdresser; Barber,Unknown,,,52.1863506,20.8945884,OpenStreetMap / Overpass API,https://www.openstreetmap.org/node/13424500834,
1368679489,way,Silcare,,Ursus,,,Cosmetics,Unknown,,,52.1343559,20.8897089,OpenStreetMap / Overpass API,https://www.openstreetmap.org/way/1368679489,
12857810056,node,So Skin,,Ursus,,,Beauty salon,Unknown,,,52.2026536,20.8862701,OpenStreetMap / Overpass API,https://www.openstreetmap.org/node/12857810056,Mo-Fr 09:00-20:00; Sa 09:00-15:00; PH off
13686366180,node,Sofia Beauty,,Ursus,,,Beauty salon,Unknown,,,52.1996463,20.8716618,OpenStreetMap / Overpass API,https://www.openstreetmap.org/node/13686366180,"Mo-Fr 11:00-20:00; Sa 08:00-14:00; Su,PH off"
8837218677,node,Sposób na piękno,,Ursus,+48530548206,,Beauty salon,Unknown,,,52.1743056,20.8813174,OpenStreetMap / Overpass API,https://www.openstreetmap.org/node/8837218677,
11158853805,node,Studio Fryzur Lemoniada,,Ursus,+48573555993,,Hairdresser,Unknown,,,52.1993925,20.8911983,OpenStreetMap / Overpass API,https://www.openstreetmap.org/node/11158853805,Mo-Fr 08:00-21:00; Sa 08:00-15:00; PH off
4355989898,node,Studio Jagoda,"Skoroszewska 1b, 02-495 Warszawa",Ursus,,,Beauty salon,Unknown,,,52.1912818,20.9014167,OpenStreetMap / Overpass API,https://www.openstreetmap.org/node/4355989898,Mo-Fr 09:00-20:00; Sa 08:00-16:00
13686335856,node,Studio U5 - Pracownia Kosmetyczna,,Ursus,,,Beauty salon,Unknown,,,52.1996646,20.8718975,OpenStreetMap / Overpass API,https://www.openstreetmap.org/node/13686335856,
8512091635,node,"Studio Urody ""ArtNails""",,Ursus,,https://www.artnails.eu,Beauty salon; Nails,Unknown,,,52.2004328,20.8726748,OpenStreetMap / Overpass API,https://www.openstreetmap.org/node/8512091635,
8998677152,node,Studio VeNa,"Aleksandra Prystora 4, 02-497 Warszawa",Ursus,+48226930513,https://studiovena.business.site,Hairdresser,Unknown,,,52.188232,20.9081077,OpenStreetMap / Overpass API,https://www.openstreetmap.org/node/8998677152,Mo-Fr 09:00-20:00; Sa 08:00-14:00; PH off
11922402187,node,Thai Bali spa,"Karola Taylora 1, 02-495 Warszawa",Ursus,,,Massage,Unknown,,,52.1989137,20.8802527,OpenStreetMap / Overpass API,https://www.openstreetmap.org/node/11922402187,Mo-Su 11:00-22:00
11222957294,node,Thanks,,Ursus,,,Beauty salon,Unknown,,,52.1999789,20.8875017,OpenStreetMap / Overpass API,https://www.openstreetmap.org/node/11222957294,Mo-Sa 09:00-21:00; Su 10:00-20:00; PH off
1368679550,way,Time for Wax,,Ursus,+48221120105,,Beauty salon,Unknown,,,52.1355093,20.8926718,OpenStreetMap / Overpass API,https://www.openstreetmap.org/way/1368679550,
12820517147,node,Timo Beauty,,Ursus,,,Beauty salon,Unknown,,,52.2019492,20.8857821,OpenStreetMap / Overpass API,https://www.openstreetmap.org/node/12820517147,Mo-Fr 09:00-20:00; Sa 10:00-18:00; PH off
13012907549,node,Turkish Barber,"Ryżowa 48, 02-495 Warszawa",Ursus,+48780520570,,Hairdresser; Barber,Unknown,,,52.1897847,20.9059001,OpenStreetMap / Overpass API,https://www.openstreetmap.org/node/13012907549,Mo-Sa 09:00-21:00
11222927113,node,U12 Barbershop,,Ursus,,,Hairdresser,Unknown,,,52.1996997,20.8877422,OpenStreetMap / Overpass API,https://www.openstreetmap.org/node/11222927113,Mo-Su 10:00-21:00; PH off
1368679453,way,Valentina Nail,,Ursus,,,Beauty salon,Unknown,,,52.1350849,20.8895478,OpenStreetMap / Overpass API,https://www.openstreetmap.org/way/1368679453,
7127956897,node,Vic Nails,,Ursus,,,Beauty salon,Unknown,,,52.2040596,20.8789021,OpenStreetMap / Overpass API,https://www.openstreetmap.org/node/7127956897,Mo-Sa 09:00-20:00; Su 10:00-17:00; PH off
12877263117,node,X Nail Ursus,,Ursus,,,Beauty salon; Nails,Unknown,,,52.2041458,20.881468,OpenStreetMap / Overpass API,https://www.openstreetmap.org/node/12877263117,Mo-Su 09:00-21:00; PH off
1368679526,way,Yasumi,,Ursus,,https://janki.yasumi.pl,Beauty salon,Unknown,,,52.1359634,20.8909848,OpenStreetMap / Overpass API,https://www.openstreetmap.org/way/1368679526,
4949865723,node,Zakład fryzjerski,,Ursus,,,Hairdresser,Unknown,,,52.1916493,20.8953524,OpenStreetMap / Overpass API,https://www.openstreetmap.org/node/4949865723,Mo-Fr 08:00-18:00; Sa 08:00-13:00
1111168089,way,Ziaja,,Ursus,,,Cosmetics,Unknown,,,52.2016408,20.89406,OpenStreetMap / Overpass API,https://www.openstreetmap.org/way/1111168089,Mo-Sa 10:00-21:00; PH off
9602836083,node,Złote Nożyczki,"Dzieci Warszawy 27A, 02-495 Warszawa",Ursus,,,Hairdresser,Unknown,,,52.1927917,20.9037333,OpenStreetMap / Overpass API,https://www.openstreetmap.org/node/9602836083,
11533962627,node,22 Beauty Zone,Bajaderki 2,Ursynów,,,Beauty salon; Cosmetics;Hair,Unknown,,,52.1551487,21.0559764,OpenStreetMap / Overpass API,https://www.openstreetmap.org/node/11533962627,Mo-Fr 09:00-21:00; Sa 09:00-18:00
13649475116,node,2Needles,,Ursynów,,,Massage,Unknown,,,52.1368092,21.0540211,OpenStreetMap / Overpass API,https://www.openstreetmap.org/node/13649475116,
13893936929,node,365 Beauty,,Ursynów,,,Beauty salon,Unknown,,,52.1514648,21.0390227,OpenStreetMap / Overpass API,https://www.openstreetmap.org/node/13893936929,Mo-Fr 10:00-20:00; Sa 09:00-16:00
11877074741,node,4ever Beauty,Braci Wagów 20,Ursynów,,,Beauty salon; Massage;Cosmetics;Aesthetic,Unknown,,,52.1436877,21.0505573,OpenStreetMap / Overpass API,https://www.openstreetmap.org/node/11877074741,Mo-Fr 10:00-19:00; Sa 09:00-15:00
13649544923,node,4you,,Ursynów,+48226490055,http://salon4you.com.pl,Hairdresser,Unknown,,,52.1386609,21.051252,OpenStreetMap / Overpass API,https://www.openstreetmap.org/node/13649544923,Mo-Fr 08:00-20:00; Sa 08:00-15:00; Su off
9202877628,node,A&M,Aleja Komisji Edukacji Narodowej 92,Ursynów,,,Beauty salon; Cosmetics;Nails;Hair,Unknown,,,52.1584374,21.0314066,OpenStreetMap / Overpass API,https://www.openstreetmap.org/node/9202877628,
13575296374,node,A&U,,Ursynów,,,Beauty salon,Unknown,,,52.1298225,21.0596788,OpenStreetMap / Overpass API,https://www.openstreetmap.org/node/13575296374,
11264837382,node,A.PMU,Cynamonowa 45,Ursynów,,,Beauty salon; Cosmetics,Unknown,,,52.1535097,21.043149,OpenStreetMap / Overpass API,https://www.openstreetmap.org/node/11264837382,
10575222859,node,Ach Nails,,Ursynów,,,Beauty salon; Nails,Unknown,,,52.127754,21.0668283,OpenStreetMap / Overpass API,https://www.openstreetmap.org/node/10575222859,
11446366369,node,AddVoCut,,Ursynów,,,Hairdresser,Unknown,,,52.1468264,21.0441627,OpenStreetMap / Overpass API,https://www.openstreetmap.org/node/11446366369,
13423977799,node,Aga,Meander 2A,Ursynów,,,Hairdresser,Unknown,,,52.1399205,21.0544739,OpenStreetMap / Overpass API,https://www.openstreetmap.org/node/13423977799,"Mo,We,Fr 12:00-20:00; Tu,Th 09:00-17:00; Sa 09:00-14:00"
12693595968,node,Air Artist,Romualda Mielczarskiego 8,Ursynów,,,Hairdresser,Unknown,,,52.1290615,21.0608598,OpenStreetMap / Overpass API,https://www.openstreetmap.org/node/12693595968,
9503337954,node,Alberto Agnotti,,Ursynów,+48661219990,http://www.alberto-agnotti.pl,Hairdresser,Unknown,,,52.1308997,21.0753393,OpenStreetMap / Overpass API,https://www.openstreetmap.org/node/9503337954,Tu-Fr 09:00-21:00; Sa 09:00-15:00
10743466351,node,Aldona Hair,Aleja Komisji Edukacji Narodowej 51,Ursynów,,,Hairdresser,Unknown,,,52.1448388,21.0500373,OpenStreetMap / Overpass API,https://www.openstreetmap.org/node/10743466351,Mo-Fr 10:00-21:00; Sa 09:00-15:00
11343509742,node,Alicja,Olczyska 8,Ursynów,,,Massage,Unknown,,,52.144947,21.0157415,OpenStreetMap / Overpass API,https://www.openstreetmap.org/node/11343509742,
4420702245,node,Alter Ego,Alternatywy 4,Ursynów,,,Beauty salon; Cosmetics;Skin Care;Hair Removal;Laser Hair Removal;Hair;Nails,Unknown,,,52.1430611,21.034977,OpenStreetMap / Overpass API,https://www.openstreetmap.org/node/4420702245,Mo-Fr 09:00-21:00; Sa 09:00-17:00
6795982074,node,Amarad,,Ursynów,+48509311010,,Hairdresser,Unknown,,,52.1605073,21.0219724,OpenStreetMap / Overpass API,https://www.openstreetmap.org/node/6795982074,Mo-Fr 09:00-19:00; Sa 09:00-15:00
11494538158,node,Andrzej Szot,Benedykta Polaka 2,Ursynów,,,Hairdresser,Unknown,,,52.1466578,21.0528403,OpenStreetMap / Overpass API,https://www.openstreetmap.org/node/11494538158,
6816107453,node,Aneta,,Ursynów,+48222528014,,Hairdresser,Unknown,,,52.1568046,21.0251049,OpenStreetMap / Overpass API,https://www.openstreetmap.org/node/6816107453,Mo-Fr 08:00-20:00; Sa 08:00-16:00
9202877640,node,Aneta Kunc,,Ursynów,,,Hairdresser,Unknown,,,52.1608757,21.0288157,OpenStreetMap / Overpass API,https://www.openstreetmap.org/node/9202877640,Mo-Fr 10:00-21:00; Sa 09:00-18:00
3051467665,node,Artismedica,,Ursynów,,,Beauty salon; Aesthetic;Hair Removal;Skin Care,Unknown,,,52.1468462,21.056623,OpenStreetMap / Overpass API,https://www.openstreetmap.org/node/3051467665,Mo-Fr 11:00-21:00
11494538151,node,Asia & Kasia,Benedykta Polaka 2,Ursynów,,,Beauty salon; Hair;Nails;Cosmetics,Unknown,,,52.1468165,21.0528598,OpenStreetMap / Overpass API,https://www.openstreetmap.org/node/11494538151,Mo-Fr 10:00-18:00; Sa 09:00-14:00
13423977785,node,Asian,Belgradzka 46,Ursynów,,,Beauty salon,Unknown,,,52.139823,21.055343,OpenStreetMap / Overpass API,https://www.openstreetmap.org/node/13423977785,Mo-Sa 09:15-20:00; Su 10:00-17:00
6804299767,node,Asto Nails,,Ursynów,+48601360447,,Beauty salon; Nails,Unknown,,,52.1591866,21.0222602,OpenStreetMap / Overpass API,https://www.openstreetmap.org/node/6804299767,Mo-Fr 12:00-21:00; Sa 10:00-14:00
13207629200,node,Autuch,,Ursynów,,,Hairdresser; Barber,Unknown,,,52.1404171,21.054337,OpenStreetMap / Overpass API,https://www.openstreetmap.org/node/13207629200,Mo-Fr 11:00-19:00; Sa 08:00-15:00
12291949838,node,Avangarda,Stefana Szolc-Rogozińskiego 3,Ursynów,,,Hairdresser,Unknown,,,52.1503917,21.0530619,OpenStreetMap / Overpass API,https://www.openstreetmap.org/node/12291949838,Mo-Fr 10:00-18:00; Sa 10:00-14:00
8910282843,node,Babor Akademia Urody,,Ursynów,+48609508882,https://www.akademiaurody.com,Beauty salon,Unknown,,,52.1322517,21.062392,OpenStreetMap / Overpass API,https://www.openstreetmap.org/node/8910282843,Mo-Fr 10:00-20:00; Sa 10:00-14:00
12912124348,node,Backstage,,Ursynów,,,Beauty salon,Unknown,,,52.1309583,21.0620501,OpenStreetMap / Overpass API,https://www.openstreetmap.org/node/12912124348,Mo-Fr 09:00-20:00
12140717620,node,Bar Nails,,Ursynów,+48739470077,,Beauty salon; Nails,Unknown,,,52.1319206,21.0564696,OpenStreetMap / Overpass API,https://www.openstreetmap.org/node/12140717620,Mo-Fr 09:00-20:00; Sa 09:00-16:00
8848167424,node,Barber Shop Jastrząb,Wojciecha Bogumiła Jastrzębowskiego 24,Ursynów,+48530813713,https://barbershopjastrzab.pl,Hairdresser,Unknown,,,52.1614391,21.0382474,OpenStreetMap / Overpass API,https://www.openstreetmap.org/node/8848167424,Mo-Fr 09:00-20:00; Sa 09:00-14:00
6137715185,node,Barber Shop Men,,Ursynów,,,Hairdresser,Unknown,,,52.1550294,21.0341207,OpenStreetMap / Overpass API,https://www.openstreetmap.org/node/6137715185,Mo-Fr 08:00-20:00; Sa 08:00-15:00
11876962710,node,Barlington,,Ursynów,,,Hairdresser,Unknown,,,52.1438743,21.0444542,OpenStreetMap / Overpass API,https://www.openstreetmap.org/node/11876962710,Mo-Fr 09:00-19:00; Sa 09:00-15:00
9202877646,node,BB Club,Aleja Komisji Edukacji Narodowej 94,Ursynów,,,Beauty salon; Nails;Cosmetics;Hair;Eyebrow;Eyelash,Unknown,,,52.1592424,21.0303155,OpenStreetMap / Overpass API,https://www.openstreetmap.org/node/9202877646,
8511854019,node,Beata,Grażyny Bacewiczówny 2,Ursynów,+48224986723,,Hairdresser,Unknown,,,52.1572985,21.0377561,OpenStreetMap / Overpass API,https://www.openstreetmap.org/node/8511854019,Mo-Fr 08:00-19:00; Sa 08:00-14:00
9384330237,node,Beautiful Paradise,,Ursynów,+48532247544,,Beauty salon,Unknown,,,52.1294096,21.0669676,OpenStreetMap / Overpass API,https://www.openstreetmap.org/node/9384330237,"""zmienne"""
12982353378,node,Beautique,,Ursynów,+486489791,,Hairdresser; Cosmetics,Unknown,,,52.1360222,21.0576171,OpenStreetMap / Overpass API,https://www.openstreetmap.org/node/12982353378,
13342467597,node,Beauty Allure,,Ursynów,,,Beauty salon,Unknown,,,52.1409521,21.059945,OpenStreetMap / Overpass API,https://www.openstreetmap.org/node/13342467597,Mo-Fr 10:00-20:00; Sa 09:00-14:00
11772042078,node,Beauty Industry,Alternatywy 7,Ursynów,,,Beauty salon; Skin Care;Massage;Aesthetic;Nails;Cosmetics;Hair;Eyebrow,Unknown,,,52.1423619,21.0325093,OpenStreetMap / Overpass API,https://www.openstreetmap.org/node/11772042078,
12459017512,node,Beauty Jungle,Fort Służew 1B,Ursynów,,,Beauty salon,Unknown,,,52.1667412,21.0415107,OpenStreetMap / Overpass API,https://www.openstreetmap.org/node/12459017512,
11153296129,node,Beauty Relaks,Kłobucka 8,Ursynów,,,Beauty salon; Nails,Unknown,,,52.1624013,20.9925789,OpenStreetMap / Overpass API,https://www.openstreetmap.org/node/11153296129,09:00-21:00
10797105518,node,Beauty Spot,Polki 7,Ursynów,,,Beauty salon,Unknown,,,52.1518202,21.0017334,OpenStreetMap / Overpass API,https://www.openstreetmap.org/node/10797105518,
9888351542,node,Belanovska,Meander 22,Ursynów,,https://belanovska.pl,Beauty salon; Aesthetic;Massage,Unknown,,,52.1426263,21.0538721,OpenStreetMap / Overpass API,https://www.openstreetmap.org/node/9888351542,Mo-Sa 09:00-21:00
3051456606,node,Belash Beauty,,Ursynów,,,Beauty salon; Nails;Eyelash;Eyebrow,Unknown,,,52.1466703,21.0562682,OpenStreetMap / Overpass API,https://www.openstreetmap.org/node/3051456606,Mo-Fr 09:00-19:00; Sa 10:00-17:00; Su 10:00-15:00
13342602640,node,Bestprof,Belgradzka 4,Ursynów,,,Beauty salon; Cosmetics;Nails;Massage;Aesthetic;Skin Care,Unknown,,,52.1424452,21.0642307,OpenStreetMap / Overpass API,https://www.openstreetmap.org/node/13342602640,
11569739215,node,Bio-Estetic Clinic,,Ursynów,+48534797352,,Beauty salon; Cosmetics,Unknown,,,52.0976755,21.1156254,OpenStreetMap / Overpass API,https://www.openstreetmap.org/node/11569739215,
1710660441,node,Biosphere,Nugat 9,Ursynów,+48602221001,https://kosmetologiabiosphere.pl,Beauty salon; Cosmetics;Massage;Skin Care;Aesthetic;Eyelash,Unknown,,,52.1553092,21.0512251,OpenStreetMap / Overpass API,https://www.openstreetmap.org/node/1710660441,Mo-Fr 11:00-20:00; Sa 11:00-16:00
13342467581,node,Blade Barbershop,,Ursynów,,,Hairdresser; Barber,Unknown,,,52.1406996,21.0591144,OpenStreetMap / Overpass API,https://www.openstreetmap.org/node/13342467581,
9057255189,node,blink,,Ursynów,+48503599335,,Beauty salon; Nails;Cosmetics;Waxing;Aesthetic;Skin Care,Unknown,,,52.1326217,21.0724464,OpenStreetMap / Overpass API,https://www.openstreetmap.org/node/9057255189,Mo-Fr 12:30-18:30; Sa 10:00-14:30
9929924827,node,Blondi Hair,Kłobucka 8B,Ursynów,,,Hairdresser,Unknown,,,52.162953,20.9941655,OpenStreetMap / Overpass API,https://www.openstreetmap.org/node/9929924827,Mo-Fr 09:00-18:00; Sa-Su 09:00-13:00
11153409925,node,Bloomcut,Pieskowa Skała 7,Ursynów,,,Hairdresser,Unknown,,,52.1614745,20.9961695,OpenStreetMap / Overpass API,https://www.openstreetmap.org/node/11153409925,
13522952108,node,Blume Beuty Lounge,"Puławska 56D, 05-500 Mysiadło",Ursynów,,,Beauty salon,Unknown,,,52.1020594,21.0194836,OpenStreetMap / Overpass API,https://www.openstreetmap.org/node/13522952108,
9929924817,node,Bonzai Spa,Kłobucka 8B,Ursynów,,,Beauty salon; Nails;Cosmetics;Skin Care;Eyebrow;Eyelash;Massage;Hair Removal;Waxing;Spa,Unknown,,,52.1632371,20.9933041,OpenStreetMap / Overpass API,https://www.openstreetmap.org/node/9929924817,Mo-Fr 10:00-21:00; Sa 09:00-15:00
13342467582,node,Bra & Beauty,,Ursynów,,,Massage;Spa;Cosmetics,Unknown,,,52.1407651,21.0593333,OpenStreetMap / Overpass API,https://www.openstreetmap.org/node/13342467582,"Mo,We,Fr 11:00-18:00; Sa 11:00-14:00"
9503337956,node,Business Beauty,,Ursynów,+48604230859,https://www.businessbeauty.pl,Beauty salon,Unknown,,,52.1315818,21.0758024,OpenStreetMap / Overpass API,https://www.openstreetmap.org/node/9503337956,
9057255192,node,Buzia w Górę!,,Ursynów,,,Massage,Unknown,,,52.1327021,21.0724062,OpenStreetMap / Overpass API,https://www.openstreetmap.org/node/9057255192,
9888351543,node,Być Kobietą,Meander 22,Ursynów,,,Hairdresser; Aesthetic,Unknown,,,52.1425416,21.0539386,OpenStreetMap / Overpass API,https://www.openstreetmap.org/node/9888351543,Mo-Fr 09:00-20:00; Sa 09:00-14:00
11077234537,node,Błyskotka,Wokalna 8,Ursynów,,,Beauty salon; Cosmetics,Unknown,,,52.1617931,21.0301653,OpenStreetMap / Overpass API,https://www.openstreetmap.org/node/11077234537,
9384330240,node,Camilla,Kabacki Dukt 14,Ursynów,+48224020166,,Beauty salon,Unknown,,,52.1299044,21.0664899,OpenStreetMap / Overpass API,https://www.openstreetmap.org/node/9384330240,Mo-Fr 09:00-20:00; Sa 09:00-16:00
8495062808,node,Carolina Clinic,"Wąwozowa 11/u3, 02-796 Warszawa",Ursynów,+48503400500,http://www.carolinaclinic.pl,Beauty salon,Unknown,,,52.1314536,21.0705721,OpenStreetMap / Overpass API,https://www.openstreetmap.org/node/8495062808,Mo-Fr 09:00-21:00; Sa 09:00-17:00
9100686882,node,Celebrity,,Ursynów,,,Beauty salon,Unknown,,,52.1536641,21.0397735,OpenStreetMap / Overpass API,https://www.openstreetmap.org/node/9100686882,
10777654816,node,Celebrity Nails,Nugat 9,Ursynów,+48733382903,https://www.celebrity-nails.com,Beauty salon; Nails;Massage;Cosmetics;Eyebrow;Hair Removal;Waxing,Unknown,,,52.1554229,21.0516061,OpenStreetMap / Overpass API,https://www.openstreetmap.org/node/10777654816,Mo-Sa 09:00-20:00
1222865579,node,Centrum Medyczne św. Jerzego,"Polnej Róży 6, 02-798 Warszawa",Ursynów,,,Massage,Unknown,,,52.1282666,21.0636723,OpenStreetMap / Overpass API,https://www.openstreetmap.org/node/1222865579,
11452109406,node,Centrum Urody Róża,Puławska 320,Ursynów,,,Beauty salon,Unknown,,,52.1440691,21.0171408,OpenStreetMap / Overpass API,https://www.openstreetmap.org/node/11452109406,Mo-Fr 09:00-21:00; Sa 09:00-16:00
12291795972,node,Ciap Ciap,,Ursynów,,,Hairdresser,Unknown,,,52.1422412,21.0561278,OpenStreetMap / Overpass API,https://www.openstreetmap.org/node/12291795972,Mo-Fr 11:00-19:00; Sa 09:00-15:00
10743466390,node,Cięty Barber,Aleja Komisji Edukacji Narodowej 51,Ursynów,,,Hairdresser; Barber,Unknown,,,52.1455212,21.0509585,OpenStreetMap / Overpass API,https://www.openstreetmap.org/node/10743466390,
10739740751,node,Cleo,Kabacki Dukt 11,Ursynów,,,Hairdresser,Unknown,,,52.1305147,21.0644268,OpenStreetMap / Overpass API,https://www.openstreetmap.org/node/10739740751,Mo-Fr 09:00-19:00
8907849050,node,Clue Skin,Warszawa,Ursynów,,,Beauty salon,Unknown,,,52.1303694,21.0730521,OpenStreetMap / Overpass API,https://www.openstreetmap.org/node/8907849050,
9887307017,node,Corte Del Sole,,Ursynów,,,Hairdresser,Unknown,,,52.1349846,21.0610725,OpenStreetMap / Overpass API,https://www.openstreetmap.org/node/9887307017,Mo-Fr 09:00-20:00; Sa 09:00-16:00
9929905252,node,Create Your Hair,Kłobucka 8C,Ursynów,,,Hairdresser,Unknown,,,52.1639032,20.9926084,OpenStreetMap / Overpass API,https://www.openstreetmap.org/node/9929905252,
11877068698,node,Creative Hair Design,,Ursynów,,,Hairdresser,Unknown,,,52.1425251,21.0483872,OpenStreetMap / Overpass API,https://www.openstreetmap.org/node/11877068698,
12459017517,node,Cut It,Fort Służew 1B,Ursynów,,,Hairdresser,Unknown,,,52.166795,21.0399154,OpenStreetMap / Overpass API,https://www.openstreetmap.org/node/12459017517,
6718963402,node,Dep Salon,,Ursynów,,,Beauty salon; Nails,Unknown,,,52.1561301,21.03157,OpenStreetMap / Overpass API,https://www.openstreetmap.org/node/6718963402,09:00-21:00
8517352607,node,Depil Concept,Aleja Komisji Edukacji Narodowej 86,Ursynów,,https://depilconcept.pl,Beauty salon; Hair Removal,Unknown,,,52.1573253,21.034169,OpenStreetMap / Overpass API,https://www.openstreetmap.org/node/8517352607,Mo-Fr 09:00-20:00; Sa 09:00-15:00
7084430868,node,Diamond,"Nowoursynowska 130, 02-797 Warszawa",Ursynów,,,Hairdresser,Unknown,,,52.1522278,21.0590455,OpenStreetMap / Overpass API,https://www.openstreetmap.org/node/7084430868,Mo-Fr 09:00-20:00; Sa 09:00-16:00
10743466391,node,Donald Shop,Aleja Komisji Edukacji Narodowej 51,Ursynów,,,Beauty salon; Nails;Eyelash;Hair,Unknown,,,52.1453092,21.0508406,OpenStreetMap / Overpass API,https://www.openstreetmap.org/node/10743466391,Mo-Sa 09:00-20:00
13342602654,node,Droga do Harmonii,Belgradzka 4,Ursynów,,,Massage,Unknown,,,52.1426396,21.0649502,OpenStreetMap / Overpass API,https://www.openstreetmap.org/node/13342602654,
6700610804,node,Duet,,Ursynów,,,Hairdresser,Unknown,,,52.1547806,21.0315688,OpenStreetMap / Overpass API,https://www.openstreetmap.org/node/6700610804,Mo-Fr 09:00-19:00
12043830961,node,Duet,Wawrzyńca Surowieckiego 12B,Ursynów,,,Hairdresser,Unknown,,,52.1582539,21.0188152,OpenStreetMap / Overpass API,https://www.openstreetmap.org/node/12043830961,
13342467591,node,Dwie Lewe Ręce,,Ursynów,,,Hairdresser,Unknown,,,52.1408826,21.0597175,OpenStreetMap / Overpass API,https://www.openstreetmap.org/node/13342467591,
6700610803,node,E-lady,,Ursynów,,https://studio-elady.pl,Beauty salon,Unknown,,,52.1547054,21.0315009,OpenStreetMap / Overpass API,https://www.openstreetmap.org/node/6700610803,Mo-Fr 09:00-21:00; Sa 09:00-15:00
11771993006,node,Edell Nails,Filipiny Płaskowickiej 46,Ursynów,,,Beauty salon; Nails,Unknown,,,52.1423178,21.0301293,OpenStreetMap / Overpass API,https://www.openstreetmap.org/node/11771993006,Mo-Sa 10:00-20:00; Su off
11077234552,node,Edyta First,Aleja Komisji Edukacji Narodowej 98,Ursynów,,,Beauty salon; Hair;Cosmetics;Tanning,Unknown,,,52.1611914,21.0292921,OpenStreetMap / Overpass API,https://www.openstreetmap.org/node/11077234552,
9916939484,node,Efekt,Lasek Brzozowy 1,Ursynów,+48226484369,,Hairdresser; Cosmetics,Unknown,,,52.1419517,21.0626586,OpenStreetMap / Overpass API,https://www.openstreetmap.org/node/9916939484,Mo-Fr 08:00-19:00; Sa 08:00-14:00
9384330243,node,Efem,,Ursynów,+48692800100,,Hairdresser,Unknown,,,52.1290334,21.0673286,OpenStreetMap / Overpass API,https://www.openstreetmap.org/node/9384330243,Mo-Sa 10:00-21:00
12456430191,node,Ekspert Piękna,,Ursynów,,,Beauty salon,Unknown,,,52.1085701,21.0138449,OpenStreetMap / Overpass API,https://www.openstreetmap.org/node/12456430191,
13522952129,node,Emre's Barbershop,"Puławska 56E, 05-500 Mysiadło",Ursynów,+48538408667,,Hairdresser,Unknown,,,52.1013403,21.0197009,OpenStreetMap / Overpass API,https://www.openstreetmap.org/node/13522952129,
11003319644,node,EMS,Edwarda Dembowskiego 5,Ursynów,,,Beauty salon,Unknown,,,52.1530067,21.0318411,OpenStreetMap / Overpass API,https://www.openstreetmap.org/node/11003319644,
8988370657,node,Epstore,Pasaż Ursynowski 1,Ursynów,,,Cosmetics,Unknown,,,52.1530659,21.0372019,OpenStreetMap / Overpass API,https://www.openstreetmap.org/node/8988370657,
13435278145,node,Erbel,Indiry Gandhi 25,Ursynów,,,Beauty salon; Cosmetics,Unknown,,,52.1470682,21.0417506,OpenStreetMap / Overpass API,https://www.openstreetmap.org/node/13435278145,
11153484109,node,Estemmi & Korwin-Medica,Pieskowa Skała 9,Ursynów,,,Beauty salon,Unknown,,,52.1623249,20.995383,OpenStreetMap / Overpass API,https://www.openstreetmap.org/node/11153484109,Mo-Fr 10:00-20:00
11494631804,node,Etienne Vauthier,,Ursynów,,,Beauty salon; Aesthetic;Massage;Hair;Nails;Cosmetics;Skin Care,Unknown,,,52.1359595,21.0604537,OpenStreetMap / Overpass API,https://www.openstreetmap.org/node/11494631804,Mo-Fr 09:00-19:00; Sa 09:00-15:00
10873081670,node,EVE kosmetyka Profesjonalna,,Ursynów,+48228557122,https://eve-kosmetyka.pl,Beauty salon,Unknown,,,52.1333191,21.0664648,OpenStreetMap / Overpass API,https://www.openstreetmap.org/node/10873081670,Mo-Fr 13:00-21:00
11077073753,node,Ewa,Stokłosy 7,Ursynów,,,Beauty salon; Nails;Hair,Unknown,,,52.1590139,21.0317025,OpenStreetMap / Overpass API,https://www.openstreetmap.org/node/11077073753,"Mo,We,Fr 09:00-20:00; Tu,Th 14:00-20:00; Sa 08:00-13:00"
11876669879,node,Ewa Landowska,Wilhelma Konrada Roentgena 22,Ursynów,,,Beauty salon; Cosmetics;Nails;Hair Removal;Eyebrow;Aesthetic,Unknown,,,52.1456513,21.026395,OpenStreetMap / Overpass API,https://www.openstreetmap.org/node/11876669879,Mo-Fr 10:00-20:00; Sa 09:00-15:00
8517352608,node,Face Concept,Aleja Komisji Edukacji Narodowej 86,Ursynów,,https://www.faceconcept.pl,Beauty salon; Skin Care;Eyelash;Cosmetics;Nails;Eyebrow;Aesthetic,Unknown,,,52.1573508,21.0341302,OpenStreetMap / Overpass API,https://www.openstreetmap.org/node/8517352608,Mo-Fr 10:00-20:00; Sa 10:00-15:00
12291949837,node,Finezyjny Pazur,Stefana Szolc-Rogozińskiego 3,Ursynów,,,Beauty salon; Nails,Unknown,,,52.1504265,21.0530766,OpenStreetMap / Overpass API,https://www.openstreetmap.org/node/12291949837,Mo-Fr 09:00-20:00
4686579890,node,Fitoteka,"Ekologiczna 8, 02-798 Warszawa",Ursynów,,,Cosmetics,Unknown,,,52.1303024,21.0608412,OpenStreetMap / Overpass API,https://www.openstreetmap.org/node/4686579890,9:00-17:00
11771899300,node,Fox Clinic,Perkoza 1,Ursynów,,,Beauty salon; Nails;Cosmetics;Skin Care,Unknown,,,52.1475486,21.0214726,OpenStreetMap / Overpass API,https://www.openstreetmap.org/node/11771899300,
9382058105,node,Free Style,"Świetlicowa 7/9, 05-520 Konstancin-Jeziorna",Ursynów,,,Hairdresser,Unknown,,,52.0971324,21.1228059,OpenStreetMap / Overpass API,https://www.openstreetmap.org/node/9382058105,
13424002801,node,Fryssjer,Meander 2A,Ursynów,,,Hairdresser,Unknown,,,52.1400549,21.0554065,OpenStreetMap / Overpass API,https://www.openstreetmap.org/node/13424002801,Mo-Fr 08:30-19:30; Sa 08:30-15:00
5784783989,node,Fryzjer & Solarium,"Związku Walki Młodych 14, 02-786 Warszawa",Ursynów,+48224240380,,Beauty salon; Hair;Tanning,Unknown,,,52.1589553,21.0388455,OpenStreetMap / Overpass API,https://www.openstreetmap.org/node/5784783989,Mo-Fr 09:00-20:00; Sa 09:00-15:00
4958815756,node,Fryzjer.me,,Ursynów,,http://fryzjer.me,Hairdresser,Unknown,,,52.1396724,21.0585852,OpenStreetMap / Overpass API,https://www.openstreetmap.org/node/4958815756,Mo-Fr 08:00-20:00; Sa 08:00-15:00
11771929728,node,Fuli,,Ursynów,,,Beauty salon; Cosmetics;Hair,Unknown,,,52.1447629,21.0261948,OpenStreetMap / Overpass API,https://www.openstreetmap.org/node/11771929728,Mo-Fr 08:00-20:00; Sa 10:00-15:00
2464631805,node,Funnky's,,Ursynów,,,Hairdresser,Unknown,,,52.1443796,21.0539182,OpenStreetMap / Overpass API,https://www.openstreetmap.org/node/2464631805,
13157674228,node,Gabinet Zdrowej Skóry,,Ursynów,+48783778887,https://www.alicjazdrowaskora.pl,Beauty salon; Cosmetics,Unknown,,,52.1594613,21.0379017,OpenStreetMap / Overpass API,https://www.openstreetmap.org/node/13157674228,Mo-Fr 09:00-18:00; Sa 09:00-14:00
6270616461,node,Gentelman,,Ursynów,+48500862732,https://www.gentleman.waw.pl,Hairdresser,Unknown,,,52.1325621,21.0711652,OpenStreetMap / Overpass API,https://www.openstreetmap.org/node/6270616461,Mo-Fr 08:30-19:00; Sa 08:30-15:00
13100982000,node,Glam Lane,,Ursynów,,,Beauty salon,Unknown,,,52.134622,21.0653802,OpenStreetMap / Overpass API,https://www.openstreetmap.org/node/13100982000,
12459017518,node,Glebko Beauty,Fort Służew 1B,Ursynów,,,Beauty salon,Unknown,,,52.166807,21.0398194,OpenStreetMap / Overpass API,https://www.openstreetmap.org/node/12459017518,Mo-Fr 10:00-20:00; Sa-Su 10:00-16:00
13360937870,node,GoodLife,,Ursynów,+48733171708,,Massage,Unknown,,,52.1282756,21.069888,OpenStreetMap / Overpass API,https://www.openstreetmap.org/node/13360937870,
12291914716,node,Gotham,,Ursynów,,,Hairdresser,Unknown,,,52.1471155,21.0571839,OpenStreetMap / Overpass API,https://www.openstreetmap.org/node/12291914716,Mo-Sa 09:00-21:00
9057255196,node,Hair Max,,Ursynów,+48226494461,https://hairmax.pl,Hairdresser,Unknown,,,52.1324841,21.0722615,OpenStreetMap / Overpass API,https://www.openstreetmap.org/node/9057255196,Mo-Fr 09:00-21:00; Sa 09:00-18:00
12291859061,node,Hair Studio,,Ursynów,,,Hairdresser,Unknown,,,52.144993,21.0532586,OpenStreetMap / Overpass API,https://www.openstreetmap.org/node/12291859061,Mo-Fr 09:00-20:00; Sa 09:00-15:00
11077234559,node,Hair Style,Aleja Komisji Edukacji Narodowej 98,Ursynów,,,Hairdresser,Unknown,,,52.1612304,21.0297985,OpenStreetMap / Overpass API,https://www.openstreetmap.org/node/11077234559,
11776396569,node,Hair Up,,Ursynów,+48452977776,,Hairdresser,Unknown,,,52.1343469,21.0635251,OpenStreetMap / Overpass API,https://www.openstreetmap.org/node/11776396569,"Tu-Fr 10:00-19:00; Sa 10:00-15:00; Su,Mo off"
11077290315,node,Hanka,Zamiany 18,Ursynów,,,Beauty salon; Nails;Skin Care;Cosmetics;Piercing,Unknown,,,52.1618726,21.0349617,OpenStreetMap / Overpass API,https://www.openstreetmap.org/node/11077290315,
11774006307,node,Happy Body,,Ursynów,,,Beauty salon; Massage;Hair Removal,Unknown,,,52.1308185,21.0562862,OpenStreetMap / Overpass API,https://www.openstreetmap.org/node/11774006307,
11446276906,node,Hashii-Do,Edwarda Dembowskiego 15,Ursynów,,,Massage,Unknown,,,52.1512005,21.0292767,OpenStreetMap / Overpass API,https://www.openstreetmap.org/node/11446276906,
13589678894,node,Hati Thai,Bokserska 33,Ursynów,,,Massage,Unknown,,,52.1677287,21.0049289,OpenStreetMap / Overpass API,https://www.openstreetmap.org/node/13589678894,Tu-Su 11:00-21:00
13342552542,node,HD Nail Art,Belgradzka 10,Ursynów,,,Beauty salon; Nails,Unknown,,,52.1413007,21.0618649,OpenStreetMap / Overpass API,https://www.openstreetmap.org/node/13342552542,Mo-Fr 09:00-20:00; Sa 10:00-18:00
9977530630,node,Head-up!,Wąwozowa 19,Ursynów,,,Hairdresser,Unknown,,,52.1309252,21.0639793,OpenStreetMap / Overpass API,https://www.openstreetmap.org/node/9977530630,Mo-Fr 08:00-19:00; Sa 09:00-15:00
9929923615,node,Health & Beauty,Kłobucka 8A,Ursynów,,,Beauty salon,Unknown,,,52.1626336,20.9925677,OpenStreetMap / Overpass API,https://www.openstreetmap.org/node/9929923615,Mo-Fr 10:00-21:00; Sa 10:00-16:00
6718963416,node,Hello Sun,,Ursynów,,,Beauty salon; Tanning,Unknown,,,52.1570897,21.0308445,OpenStreetMap / Overpass API,https://www.openstreetmap.org/node/6718963416,Mo-Fr 12:00-21:00; Sa 10:00-20:00; Su 11:00-18:00
12693595967,node,HMC,Romualda Mielczarskiego 8,Ursynów,,,Beauty salon; Cosmetics,Unknown,,,52.1291236,21.0608618,OpenStreetMap / Overpass API,https://www.openstreetmap.org/node/12693595967,Mo-Fr 10:00-19:00; Sa 10:00-16:00
10971475391,node,Hola Beauty Zone,,Ursynów,,,Beauty salon,Unknown,,,52.1325482,21.0575377,OpenStreetMap / Overpass API,https://www.openstreetmap.org/node/10971475391,Mo-Fr 08:00-20:00; Sa 08:00-14:00
11771977213,node,Hooligans,Wilhelma Konrada Roentgena 46,Ursynów,,,Hairdresser; Barber,Unknown,,,52.1431909,21.0233867,OpenStreetMap / Overpass API,https://www.openstreetmap.org/node/11771977213,Mo-Fr 09:00-22:00; Sa 09:00-18:00; Su off
12031869627,node,Hop Chop,,Ursynów,,,Hairdresser,Unknown,,,52.131392,20.971566,OpenStreetMap / Overpass API,https://www.openstreetmap.org/node/12031869627,
715887751,node,HR,,Ursynów,,,Hairdresser,Unknown,,,52.1471068,21.0418152,OpenStreetMap / Overpass API,https://www.openstreetmap.org/node/715887751,
8095042424,node,Hrabianka,Wacława Lachmana 6,Ursynów,+48606619617,https://hrabianka.pl,Beauty salon; Nails;Cosmetics;Skin Care;Eyelash;Waxing,Unknown,,,52.156621,21.0391605,OpenStreetMap / Overpass API,https://www.openstreetmap.org/node/8095042424,Mo-Fr 09:00-20:00; Sa 09:00-14:00
10575222851,node,Hubrid Nail Club,"Pod Lipą 1, 02-798 Warszawa",Ursynów,+48222437797,,Beauty salon,Unknown,,,52.1286223,21.0616007,OpenStreetMap / Overpass API,https://www.openstreetmap.org/node/10575222851,Mo-Fr 09:00-20:00; Sa 10:00-16:00
10873081673,node,iDream beauty&spa,"Melchiora Wańkowicza 7, 02-796 Warsaw",Ursynów,+48604904094,,Beauty salon,Unknown,,,52.1344362,21.0648199,OpenStreetMap / Overpass API,https://www.openstreetmap.org/node/10873081673,Mo-Fr 08:00-20:00; Sa 09:00-16:00
9894061384,node,Inspiro,,Ursynów,,,Hairdresser,Unknown,,,52.142515,21.0535269,OpenStreetMap / Overpass API,https://www.openstreetmap.org/node/9894061384,Mo-Fr 08:00-21:00
11077234555,node,Insta Look,Pasaż Stokłosy 11,Ursynów,,,Beauty salon,Unknown,,,52.1615575,21.0289825,OpenStreetMap / Overpass API,https://www.openstreetmap.org/node/11077234555,"Mo-Su ""on appointment"""
764747524,node,Instytut Urody,,Ursynów,,,Beauty salon,Unknown,,,52.1387944,21.0467342,OpenStreetMap / Overpass API,https://www.openstreetmap.org/node/764747524,Mo-Fr 10:00-19:00; Sa 11:00-18:00; Su off
11153409927,node,J.J.,Pieskowa Skała 7,Ursynów,,,Beauty salon; Tanning;Hair;Nails;Eyebrow;Hair Removal;Cosmetics,Unknown,,,52.1615648,20.9961669,OpenStreetMap / Overpass API,https://www.openstreetmap.org/node/11153409927,
8919897694,node,Jaga,,Ursynów,,,Hairdresser; Nails; Cosmetics,Unknown,,,52.1563344,21.0523205,OpenStreetMap / Overpass API,https://www.openstreetmap.org/node/8919897694,Mo-Fr 11:00-20:00; Sa 09:00-15:00
9912654980,node,Jean Louis David,,Ursynów,,,Hairdresser,Unknown,,,52.1326185,21.0651941,OpenStreetMap / Overpass API,https://www.openstreetmap.org/node/9912654980,Mo-Fr 09:00-21:00; Sa 08:00-20:00
764747436,node,JK Beauty,Belgradzka 12,Ursynów,,,Beauty salon; Nails;Hair Removal;Cosmetics;Skin Care,Unknown,,,52.1415323,21.0608986,OpenStreetMap / Overpass API,https://www.openstreetmap.org/node/764747436,Mo-Fr 10:00-18:00; Sa 09:00-14:00
13342602642,node,Just,Belgradzka 4,Ursynów,,,Beauty salon; Nails;Eyelash;Eyebrow;Skin Care;Tanning;Cosmetics,Unknown,,,52.1421809,21.0639552,OpenStreetMap / Overpass API,https://www.openstreetmap.org/node/13342602642,
11153409935,node,Just Salon,Jurajska 4,Ursynów,,,Beauty salon; Nails;Hair;Cosmetics,Unknown,,,52.1624533,20.9940796,OpenStreetMap / Overpass API,https://www.openstreetmap.org/node/11153409935,
2703818375,node,K&K,,Ursynów,,,Beauty salon; Nails;Cosmetics;Hair,Unknown,,,52.144213,21.0538767,OpenStreetMap / Overpass API,https://www.openstreetmap.org/node/2703818375,Mo-Fr 08:00-22:00; Sa 08:00-18:00
6810283616,node,Karolina,,Ursynów,,,Hairdresser,Unknown,,,52.1589999,21.0218364,OpenStreetMap / Overpass API,https://www.openstreetmap.org/node/6810283616,
6795982076,node,Kavita,,Ursynów,+48504224855,,Beauty salon; Skin Care;Hair Removal;Cosmetics,Unknown,,,52.1612943,21.0221248,OpenStreetMap / Overpass API,https://www.openstreetmap.org/node/6795982076,
4636135964,node,Keratin Bar - prostowanie keratynowe & trycholog,"Kłobucka 8, 02-699 Warszawa",Ursynów,+48780090885,,Hairdresser,Unknown,,,52.1621808,20.9926534,OpenStreetMap / Overpass API,https://www.openstreetmap.org/node/4636135964,"Mo-Fr 11:00-20:00, Sa 8:00-14:00"
11871679038,node,Klinika Rewitalizacji Urogenitalnej i Medycyny Estetycznej Estetikon,"Polnej Róży 6, 02-798 Warszawa",Ursynów,+48888888356,,Beauty salon; Aesthetic,Unknown,,,52.1284481,21.0636721,OpenStreetMap / Overpass API,https://www.openstreetmap.org/node/11871679038,"Mo,We-Th 10:30-18:30; Tu,Fr 09:00-17:00; PH off"
9120507452,node,Klinika Urody,,Ursynów,,,Beauty salon,Unknown,,,52.1555663,21.0234039,OpenStreetMap / Overpass API,https://www.openstreetmap.org/node/9120507452,
10971475398,node,Klinika Urody K&K,,Ursynów,,,Beauty salon,Unknown,,,52.1321556,21.0582255,OpenStreetMap / Overpass API,https://www.openstreetmap.org/node/10971475398,Mo-Fr 08:00-22:00; Sa 08:00-18:00
8907849047,node,Klinika Urody Marlena Jastrzębska,,Ursynów,+48575542055,http://www.klinikaurody.warszawa.pl,Beauty salon,Unknown,,,52.1311677,21.0765089,OpenStreetMap / Overpass API,https://www.openstreetmap.org/node/8907849047,Mo-Fr 09:00-20:00; Sa 09:00-16:00
11264837377,node,Korona,Polinezyjska 12,Ursynów,,,Hairdresser,Unknown,,,52.1526409,21.0445993,OpenStreetMap / Overpass API,https://www.openstreetmap.org/node/11264837377,
9929923611,node,Kulakov,Kłobucka 8,Ursynów,,,Hairdresser,Unknown,,,52.1620195,20.9926513,OpenStreetMap / Overpass API,https://www.openstreetmap.org/node/9929923611,
11494631803,node,L'Experta,,Ursynów,,,Beauty salon; Spa;Aesthetic,Unknown,,,52.1359159,21.0601259,OpenStreetMap / Overpass API,https://www.openstreetmap.org/node/11494631803,
10797043381,node,L'Occitane,Poleczki 35,Ursynów,,,Cosmetics,Unknown,,,52.1559774,20.9959427,OpenStreetMap / Overpass API,https://www.openstreetmap.org/node/10797043381,"Th,Fr 10:00-16:00"
948295593,way,La Guèl Medycyna Estetyczna i Kosmetologia,"Pelikanów 10B, 02-843 Warszawa",Ursynów,+48790843843,,Beauty salon; Cosmetics;Skin Care;Spa;Hair Removal;Medycyna Estetyczna;Endermologia,Unknown,,,52.1233394,21.0226478,OpenStreetMap / Overpass API,https://www.openstreetmap.org/way/948295593,Mo-Su 09:00-21:00
9921455706,node,La Rose,,Ursynów,+48224485050,https://larose.com.pl,Hairdresser,Unknown,,,52.131653,21.0677047,OpenStreetMap / Overpass API,https://www.openstreetmap.org/node/9921455706,Mo-Fr 09:00-20:00; Sa 09:00-15:00
9057255190,node,Ladies,,Ursynów,+48531393365,http://www.ladies.waw.pl,Hairdresser; Cosmetics,Unknown,,,52.132386,21.0718679,OpenStreetMap / Overpass API,https://www.openstreetmap.org/node/9057255190,Mo 12:00-20:00; Tu-Fr 09:00-20:00; Sa 09:00-15:00
11077073752,node,Ladies & Gentleman,Aleja Komisji Edukacji Narodowej 90,Ursynów,,,Hairdresser,Unknown,,,52.1581556,21.0321206,OpenStreetMap / Overpass API,https://www.openstreetmap.org/node/11077073752,Tu-Fr 10:00-19:00; Sa 09:00-14:00
11153484111,node,Landi Room,Jurajska 3,Ursynów,,,Beauty salon,Unknown,,,52.1626179,20.9947586,OpenStreetMap / Overpass API,https://www.openstreetmap.org/node/11153484111,
10095438403,node,LIBRA Barber Shop,,Ursynów,,,Hairdresser,Unknown,,,52.1342508,21.0636187,OpenStreetMap / Overpass API,https://www.openstreetmap.org/node/10095438403,Mo-Fr 10:00-21:00; Sa 10:00-18:00; Su 10:00-15:00
6681183106,node,Livia,Zamiany 10,Ursynów,,,Beauty salon; Nails;Cosmetics,Unknown,,,52.158606,21.0359837,OpenStreetMap / Overpass API,https://www.openstreetmap.org/node/6681183106,Mo-Fr 09:00-21:00; Sa 09:00-15:00
10797105533,node,Luxury,Poloneza 85A,Ursynów,,,Hairdresser,Unknown,,,52.1507884,21.0065779,OpenStreetMap / Overpass API,https://www.openstreetmap.org/node/10797105533,Mo-Fr 09:30-20:00; Sa 09:00-16:00
10588785088,node,Luxury Beauty Salon,Nugat 9,Ursynów,+48533323888,,Beauty salon; Cosmetics;Nails;Hair;Aesthetic,Unknown,,,52.1550753,21.0514476,OpenStreetMap / Overpass API,https://www.openstreetmap.org/node/10588785088,Mo-Fr 09:00-20:00; Sa 08:00-15:00
11876962703,node,Magdalena Świętalska,,Ursynów,,,Hairdresser,Unknown,,,52.1442494,21.0443567,OpenStreetMap / Overpass API,https://www.openstreetmap.org/node/11876962703,
9917004375,node,Magia,,Ursynów,,,Hairdresser,Unknown,,,52.1307963,21.0643508,OpenStreetMap / Overpass API,https://www.openstreetmap.org/node/9917004375,
12479367791,node,Magia,05-500 Mysiadło,Ursynów,+48503031941,,Hairdresser,Unknown,,,52.099569,21.0232433,OpenStreetMap / Overpass API,https://www.openstreetmap.org/node/12479367791,Mo-Fr 10:00-19:00; Sa 10:00-14:00
3349005190,node,Magnolia,,Ursynów,,http://magnolianailbar.pl,Beauty salon; Nails,Unknown,,,52.1325097,21.0663779,OpenStreetMap / Overpass API,https://www.openstreetmap.org/node/3349005190,Mo-Fr 09:00-21:00; Sa 09:00-18:00
11494631815,node,Maja,,Ursynów,+48601267268,,Beauty salon; Eyelash;Nails,Unknown,,,52.1343405,21.0622948,OpenStreetMap / Overpass API,https://www.openstreetmap.org/node/11494631815,Mo-Fr 09:00-20:00; Sa 10:00-19:00
12871140343,node,Make My Nails,,Ursynów,,,Beauty salon; Nails,Unknown,,,52.1333393,21.0676975,OpenStreetMap / Overpass API,https://www.openstreetmap.org/node/12871140343,Mo-Fr 11:00-20:00
8988370654,node,Mandragora,Pasaż Ursynowski 1,Ursynów,,,Beauty salon; Cosmetics,Unknown,,,52.152906,21.0370617,OpenStreetMap / Overpass API,https://www.openstreetmap.org/node/8988370654,Mo-Fr 09:00-19:00; Sa 09:00-14:00
7995070986,node,Manicure Artist,,Ursynów,+48791472814,,Beauty salon; Nails;Cosmetics;Eyelash,Unknown,,,52.1433031,21.0550037,OpenStreetMap / Overpass API,https://www.openstreetmap.org/node/7995070986,Mo-Fr 09:30-21:00; Sa 09:30-17:00
6284319053,node,manifaktura,,Ursynów,+48574229777,,Beauty salon; Nails,Unknown,,,52.1332065,21.0631946,OpenStreetMap / Overpass API,https://www.openstreetmap.org/node/6284319053,"Mo-Fr 10:00-20:00; Sa 10:00-17:00; PH,Su off"
8809103421,node,ManiFun,,Ursynów,+48505466655,,Beauty salon; Skin Care;Cosmetics,Unknown,,,52.1499437,21.0563316,OpenStreetMap / Overpass API,https://www.openstreetmap.org/node/8809103421,
9402626556,node,Manila Clinic,,Ursynów,+48570309000,https://www.manilaclinic.pl,Beauty salon,Unknown,,,52.1335803,21.0630845,OpenStreetMap / Overpass API,https://www.openstreetmap.org/node/9402626556,Mo-Fr 08:00-21:00; Sa 09:00-18:00
10984556845,node,Manilook,"Aleja Jana Rodowicza ""Anody"" 22",Ursynów,+48696663961,,Beauty salon; Nails,Unknown,,,52.1583842,21.0412864,OpenStreetMap / Overpass API,https://www.openstreetmap.org/node/10984556845,Mo-Fr 09:00-21:00; Sa 08:00-15:00
8452206018,node,Manufaktura,,Ursynów,+48502152557,,Hairdresser,Unknown,,,52.1350192,21.0547142,OpenStreetMap / Overpass API,https://www.openstreetmap.org/node/8452206018,Mo-Fr 10:00-19:00; Sa 08:00-17:00; Su off
11077234554,node,Margotka,Pasaż Stokłosy 11,Ursynów,,,Hairdresser; Barber,Unknown,,,52.1615664,21.029318,OpenStreetMap / Overpass API,https://www.openstreetmap.org/node/11077234554,Mo-Fr 08:00-20:00; Sa 08:00-15:00
6701045919,node,Marigold,Edwarda Dembowskiego 8,Ursynów,,https://www.facebook.com/GabinetKosmetycznyMarigold,Beauty salon,Unknown,,,52.153319,21.0307747,OpenStreetMap / Overpass API,https://www.openstreetmap.org/node/6701045919,"Mo-Fr 11:00-19:00; Sa 10:00-18:00 || ""on appointment"""
13817235189,node,Marmora,,Ursynów,,,Beauty salon,Unknown,,,52.1349752,21.0609499,OpenStreetMap / Overpass API,https://www.openstreetmap.org/node/13817235189,Mo-Fr 09:00-20:30; Sa 09:00-19:00; Su 10:00-18:00
11077073755,node,Małgosia,Stokłosy 2/4,Ursynów,,,Hairdresser,Unknown,,,52.1595235,21.0317338,OpenStreetMap / Overpass API,https://www.openstreetmap.org/node/11077073755,"Mo-Tu,Th-Fr 08:00-20:00; We 14:00-20:00; Sa 08:00-14:00"
437889267,way,Małgosia,,Ursynów,,,Hairdresser; Nails;Tanning,Unknown,,,52.0970594,21.1170381,OpenStreetMap / Overpass API,https://www.openstreetmap.org/way/437889267,
13575296363,node,Med=Praxis,,Ursynów,,,Beauty salon,Unknown,,,52.1298276,21.0598893,OpenStreetMap / Overpass API,https://www.openstreetmap.org/node/13575296363,"Mo,We,Fr 08:00-15:00; Tu,Th 08:00-18:00"
10743466370,node,Medica Spa,Aleja Komisji Edukacji Narodowej 53,Ursynów,,,Beauty salon; Nails;Spa;Cosmetics;Massage;Aesthetic,Unknown,,,52.1465363,21.0498781,OpenStreetMap / Overpass API,https://www.openstreetmap.org/node/10743466370,Mo-Sa 09:00-22:00;Su 'on appointment'
12291884346,node,MedUse,,Ursynów,,,Beauty salon,Unknown,,,52.1458847,21.0547494,OpenStreetMap / Overpass API,https://www.openstreetmap.org/node/12291884346,
12291914706,node,Meglashes,,Ursynów,,,Beauty salon,Unknown,,,52.1463106,21.0568944,OpenStreetMap / Overpass API,https://www.openstreetmap.org/node/12291914706,
12224066989,node,Mejkapowo,,Ursynów,,,Beauty salon,Unknown,,,52.1315755,20.979695,OpenStreetMap / Overpass API,https://www.openstreetmap.org/node/12224066989,
11077234544,node,Men,Aleja Komisji Edukacji Narodowej 98,Ursynów,,,Hairdresser,Unknown,,,52.1612085,21.0291099,OpenStreetMap / Overpass API,https://www.openstreetmap.org/node/11077234544,Mo-Fr 08:00-20:00; Sa 08:00-15:00
10971475399,node,Milano,,Ursynów,,,Beauty salon,Unknown,,,52.1319689,21.0578367,OpenStreetMap / Overpass API,https://www.openstreetmap.org/node/10971475399,Mo-Fr 09:30-19:30; Sa 09:30-17:00
11876962713,node,Mimi,,Ursynów,,,Beauty salon,Unknown,,,52.1428795,21.0451092,OpenStreetMap / Overpass API,https://www.openstreetmap.org/node/11876962713,Mo-Su 10:00-20:00
9957910660,node,Mimi Beauty,"Indiry Gandhi 35, 02-776 Warszawa",Ursynów,+48731337483,https://mimibeauty.pl,Beauty salon; Nails;Eyebrow;Pedicure;Manicure,Unknown,,,52.1445683,21.035164,OpenStreetMap / Overpass API,https://www.openstreetmap.org/node/9957910660,"Mo-Fr 10:00-20:00; Sa-Su ""on appointment"""
11877149203,node,MM Studio,Hawajska 12,Ursynów,,,Hairdresser,Unknown,,,52.1501737,21.0411211,OpenStreetMap / Overpass API,https://www.openstreetmap.org/node/11877149203,Mo-Fr 11:00-19:00; Sa 10:00-14:00
10971475402,node,Modelowe Paznokcie,,Ursynów,,,Beauty salon,Unknown,,,52.1326929,21.0573816,OpenStreetMap / Overpass API,https://www.openstreetmap.org/node/10971475402,Mo-Fr 09:00-20:00; Sa 09:00-16:00
12291914707,node,Monika Osowska,,Ursynów,,,Hairdresser,Unknown,,,52.1462641,21.0567346,OpenStreetMap / Overpass API,https://www.openstreetmap.org/node/12291914707,
12053617586,node,Montownia Zdrowia,,Ursynów,,,Massage,Unknown,,,52.1547481,21.0336335,OpenStreetMap / Overpass API,https://www.openstreetmap.org/node/12053617586,09:00-20:00
9917004376,node,MW Medic,"Kabacki Dukt 8, 02-798 Warszawa",Ursynów,+48604209904,https://mwmedic.pl,Cosmetics,Unknown,,,52.129061,21.0672985,OpenStreetMap / Overpass API,https://www.openstreetmap.org/node/9917004376,Mo-Su 10:00-21:00
11876744391,node,Mya Nails & Hair,Indiry Gandhi 35,Ursynów,,,Beauty salon; Nails;Hair,Unknown,,,52.1443995,21.035929,OpenStreetMap / Overpass API,https://www.openstreetmap.org/node/11876744391,09:00-20:00
8988370663,node,Męskie Cięcie,Pasaż Ursynowski 1,Ursynów,+48502029897,,Hairdresser,Unknown,,,52.153212,21.0369801,OpenStreetMap / Overpass API,https://www.openstreetmap.org/node/8988370663,Mo-Fr 10:00-18:30; Sa 09:00-14:00
11494631808,node,Nail Club,,Ursynów,,,Beauty salon; Nails,Unknown,,,52.1355798,21.0611671,OpenStreetMap / Overpass API,https://www.openstreetmap.org/node/11494631808,
5898717848,node,Nailovers,Belgradzka 3,Ursynów,+48512779652,http://nailovers.pl,Beauty salon,Unknown,,,52.1416964,21.065741,OpenStreetMap / Overpass API,https://www.openstreetmap.org/node/5898717848,"Mo-Fr 10:00-21:00; Sa 09:00-14:00; Su,PH off"
2532756236,node,Nails,"Stefana Dembego 10, 02-796 Warszawa",Ursynów,,,Beauty salon; Nails,Unknown,,,52.1309143,21.0754021,OpenStreetMap / Overpass API,https://www.openstreetmap.org/node/2532756236,
9894061385,node,NaNi Nails Bar,,Ursynów,,,Beauty salon,Unknown,,,52.1424671,21.0533637,OpenStreetMap / Overpass API,https://www.openstreetmap.org/node/9894061385,
11153485987,node,Natural Lines,Kłobucka 14,Ursynów,,,Beauty salon; Cosmetics,Unknown,,,52.166815,20.9930251,OpenStreetMap / Overpass API,https://www.openstreetmap.org/node/11153485987,
13893930444,node,Nefryt,,Ursynów,+48507191309,https://nefryt.booksy.com,Massage,Unknown,,,52.1514493,21.0389605,OpenStreetMap / Overpass API,https://www.openstreetmap.org/node/13893930444,"""wymagana wcześniejsza rezerwacja"""
11876962696,node,New You,,Ursynów,,,Beauty salon; Hair Removal;Laser Hair Removal;Aesthetic;Cosmetics;Nails;Eyebrow;Eyelash,Unknown,,,52.1432731,21.0447604,OpenStreetMap / Overpass API,https://www.openstreetmap.org/node/11876962696,Mo-Fr 10:00-20:00; Sa 10:00-14:00
6591676324,node,Nieuczesana Dusza Anna Raczkiewicz,"Ogrodowa 6, 05-500 Józefosław",Ursynów,+48507339321,https://www.facebook.com/StudioAnnaR,Hairdresser,Unknown,,,52.0999109,21.0343828,OpenStreetMap / Overpass API,https://www.openstreetmap.org/node/6591676324,
11774006310,node,No Drama,,Ursynów,,,Beauty salon; Nails;Cosmetics;Eyebrow;Eyelash;Massage,Unknown,,,52.1309514,21.0619256,OpenStreetMap / Overpass API,https://www.openstreetmap.org/node/11774006310,Mo-Sa 11:00-20:00; Su 11:00-19:00
9929923610,node,Now You,Kłobucka 8,Ursynów,,,Beauty salon; Nails;Eyebrow;Eyelash;Cosmetics,Unknown,,,52.1619479,20.9926844,OpenStreetMap / Overpass API,https://www.openstreetmap.org/node/9929923610,"Mo-Fr 09:00-21:00; Sa,Su 09:00-19:00"
11494612003,node,Nusa Spa,Aleja Komisji Edukacji Narodowej 47,Ursynów,,,Massage,Unknown,,,52.1431484,21.0533195,OpenStreetMap / Overpass API,https://www.openstreetmap.org/node/11494612003,Mo-Su 12:00-22:00
848376478,node,O włos!,Edwarda Dembowskiego 8,Ursynów,,,Hairdresser,Unknown,,,52.1532563,21.0306666,OpenStreetMap / Overpass API,https://www.openstreetmap.org/node/848376478,Mo-Fr 09:00-20:00; Sa 09:00-14:00
11876744387,node,OdNowa,Indiry Gandhi 35,Ursynów,,,Beauty salon,Unknown,,,52.1440196,21.035944,OpenStreetMap / Overpass API,https://www.openstreetmap.org/node/11876744387,Mo-Fr 09:00-20:00; Sa 09:00-15:00
13342602653,node,Okiem Trychologa,Belgradzka 4,Ursynów,,,Beauty salon; Hair,Unknown,,,52.1425987,21.0649817,OpenStreetMap / Overpass API,https://www.openstreetmap.org/node/13342602653,
11533962626,node,On & Ona,Nowoursynowska 153,Ursynów,,,Beauty salon; Nails;Cosmetics;Hair;Hair Removal,Unknown,,,52.1549319,21.0553142,OpenStreetMap / Overpass API,https://www.openstreetmap.org/node/11533962626,Mo-Fr 09:00-20:00; Sa 09:00-16:00
13342757612,node,Organic Harmony,Belgradzka 44,Ursynów,,,Cosmetics,Unknown,,,52.1396931,21.0564083,OpenStreetMap / Overpass API,https://www.openstreetmap.org/node/13342757612,Mo-Fr 10:00-19:00; Sa 10:00-18:00
13342602655,node,Originails,Belgradzka 4,Ursynów,,,Nails,Unknown,,,52.1427442,21.0648721,OpenStreetMap / Overpass API,https://www.openstreetmap.org/node/13342602655,
10130508371,node,Pasjon Studio,"Melchiora Wańkowicza 2, 02-796 Warszawa",Ursynów,+48222992103,,Beauty salon,Unknown,,,52.132912,21.0678676,OpenStreetMap / Overpass API,https://www.openstreetmap.org/node/10130508371,"""by appointment"""
13435278147,node,Perfect Face Clinic,Indiry Gandhi 25,Ursynów,,,Beauty salon; Cosmetics,Unknown,,,52.1470673,21.0418142,OpenStreetMap / Overpass API,https://www.openstreetmap.org/node/13435278147,
11876669881,node,Piar,Wilhelma Konrada Roentgena 22,Ursynów,,,Beauty salon; Hair,Unknown,,,52.1454759,21.0261001,OpenStreetMap / Overpass API,https://www.openstreetmap.org/node/11876669881,
13649087304,node,Piękniejsza Ty,Słowicza 1K,Ursynów,,,Beauty salon; Skin Care;Aesthetic,Unknown,,,52.0996965,21.0228481,OpenStreetMap / Overpass API,https://www.openstreetmap.org/node/13649087304,
11075325620,node,Pracownia Fryzur,Wawrzyńca Surowieckiego 12B,Ursynów,,,Hairdresser,Unknown,,,52.1575988,21.0188499,OpenStreetMap / Overpass API,https://www.openstreetmap.org/node/11075325620,
13342602641,node,Pracownia Fryzur,Belgradzka 4,Ursynów,,,Hairdresser,Unknown,,,52.1423322,21.0638415,OpenStreetMap / Overpass API,https://www.openstreetmap.org/node/13342602641,Mo-Fr 10:00-21:00; Sa 10:00-15:00
6715874880,node,Pracownia Piękna,Pasaż Ursynowski 5,Ursynów,,,Hair Removal;Nails;Cosmetics;Skin Care,Unknown,,,52.1556989,21.0329147,OpenStreetMap / Overpass API,https://www.openstreetmap.org/node/6715874880,Mo-Fr 09:00-21:00; Sa 09:00-15:00
12255435577,node,Pracownia Piękna,,Ursynów,,,Beauty salon; Cosmetics;Hair Removal;Massage;Laser Hair Removal;Nails,Unknown,,,52.1564571,21.0309974,OpenStreetMap / Overpass API,https://www.openstreetmap.org/node/12255435577,Mo-Fr 09:00-20:30; Sa 09:00-15:00
12368273343,node,Pracownia Urody,,Ursynów,,,Hairdresser,Unknown,,,52.1418963,21.0517125,OpenStreetMap / Overpass API,https://www.openstreetmap.org/node/12368273343,
11075348597,node,Prestige,Wawrzyńca Surowieckiego 12,Ursynów,,,Beauty salon,Unknown,,,52.1582504,21.0203253,OpenStreetMap / Overpass API,https://www.openstreetmap.org/node/11075348597,
8424804850,node,Problem z głowy,,Ursynów,,https://salon-fryzjerski-problem-z-gowy.business.site,Hairdresser,Unknown,,,52.1319916,21.0626348,OpenStreetMap / Overpass API,https://www.openstreetmap.org/node/8424804850,"""by appointment"""
11077234547,node,Queens Clinic,Aleja Komisji Edukacji Narodowej 98,Ursynów,,,Beauty salon; Cosmetics;Aesthetic,Unknown,,,52.1611542,21.0287897,OpenStreetMap / Overpass API,https://www.openstreetmap.org/node/11077234547,Mo-Fr 08:00-21:00; Sa 09:00-16:00
9101547628,node,R&S,,Ursynów,,,Hairdresser,Unknown,,,52.152839,21.0414987,OpenStreetMap / Overpass API,https://www.openstreetmap.org/node/9101547628,
6699980235,node,Różane Spa,Związku Walki Młodych 13,Ursynów,+48791830427,,Massage,Unknown,,,52.1595016,21.0378886,OpenStreetMap / Overpass API,https://www.openstreetmap.org/node/6699980235,
11771977214,node,Salon 88,Wilhelma Konrada Roentgena 46,Ursynów,,,Beauty salon; Nails;Hair,Unknown,,,52.1431151,21.0240522,OpenStreetMap / Overpass API,https://www.openstreetmap.org/node/11771977214,
13626528397,node,Salon fryzjerski kosmetyka-rollmasaż,,Ursynów,+48223576242,,Beauty salon,Unknown,,,52.1505825,21.0573467,OpenStreetMap / Overpass API,https://www.openstreetmap.org/node/13626528397,
10575222861,node,Salon fryzjersko-kosmetyczny,,Ursynów,+48538313313,,Hairdresser,Unknown,,,52.1277382,21.0674133,OpenStreetMap / Overpass API,https://www.openstreetmap.org/node/10575222861,10:00-20:00
6484184654,node,Salon fryzjersko-kosmetyczny Helena,,Ursynów,+48226440585,,Hairdresser,Unknown,,,52.156833,21.056396,OpenStreetMap / Overpass API,https://www.openstreetmap.org/node/6484184654,Mo-Fr 09:00-20:00; Sa 08:00-14:00
11876900108,node,Salon Fryzur,Edwarda Warchałowskiego 9,Ursynów,+48572300591,,Hairdresser,Unknown,,,52.1458913,21.0451423,OpenStreetMap / Overpass API,https://www.openstreetmap.org/node/11876900108,
8907849055,node,Salon kosmetyczny Zuchniak,"Wąwozowa 9, 02-796 Warszawa",Ursynów,+48780007180,http://zuchniak.pl,Beauty salon,Unknown,,,52.1318887,21.0720696,OpenStreetMap / Overpass API,https://www.openstreetmap.org/node/8907849055,Mo-Fr 09:00-21:00; Sa 09:00-15:00
6721093848,node,Salon Urody Bordo,,Ursynów,+48224255402,,Beauty salon,Unknown,,,52.1572327,21.0317412,OpenStreetMap / Overpass API,https://www.openstreetmap.org/node/6721093848,Mo 12:00-20:00 Tue 11:00-20:00 Wed-Fr 9:00-20:00
11774006319,node,Samui Spa & Massage,,Ursynów,,,Massage,Unknown,,,52.1309418,21.056606,OpenStreetMap / Overpass API,https://www.openstreetmap.org/node/11774006319,Mo-Fr 12:00-21:00; Sa-Su 10:00-19:00
11876744401,node,Sassy Beauty,Alternatywy 4,Ursynów,,,Beauty salon,Unknown,,,52.1435895,21.0357498,OpenStreetMap / Overpass API,https://www.openstreetmap.org/node/11876744401,
10873081676,node,Saya,"Melchiora Wańkowicza 6, 02-796 Warszawa",Ursynów,,,Massage,Unknown,,,52.1351648,21.0649119,OpenStreetMap / Overpass API,https://www.openstreetmap.org/node/10873081676,Tu-Su 11:00-21:00
13423912401,node,Sekrety Urody,Belgradzka 48,Ursynów,,,Beauty salon,Unknown,,,52.1391627,21.0547017,OpenStreetMap / Overpass API,https://www.openstreetmap.org/node/13423912401,Mo-Fr 08:00-20:00; Sa 08:00-14:00
13589678892,node,Serum,Bokserska 55,Ursynów,,,Beauty salon; Cosmetics;Hair,Unknown,,,52.1680512,21.0031548,OpenStreetMap / Overpass API,https://www.openstreetmap.org/node/13589678892,
13342501510,node,Simone Beauty,,Ursynów,,,Beauty salon; Nails;Eyelash;Eyebrow;Hair Removal;Laser Hair Removal;Massage,Unknown,,,52.1405227,21.059241,OpenStreetMap / Overpass API,https://www.openstreetmap.org/node/13342501510,Mo-Sa 10:00-21:00
6757662044,node,Simple,Aleja Komisji Edukacji Narodowej 105,Ursynów,,,Beauty salon; Nails;Hair;Cosmetics;Hair Removal,Unknown,,,52.1604393,21.027863,OpenStreetMap / Overpass API,https://www.openstreetmap.org/node/6757662044,Mo-Sa 09:00-21:00; Su 10:00-18:00
12612870851,node,Skin Care,,Ursynów,,,Beauty salon; Nails;Cosmetics,Unknown,,,52.1390275,21.0592581,OpenStreetMap / Overpass API,https://www.openstreetmap.org/node/12612870851,
9503337958,node,Skin Quality,,Ursynów,+48691451299,https://skinquality.pl,Beauty salon,Unknown,,,52.1306529,21.0761039,OpenStreetMap / Overpass API,https://www.openstreetmap.org/node/9503337958,Mo-Fr 08:00-20:00; Sa 08:00-16:00
10971606241,node,Skin Vitale,,Ursynów,,,Beauty salon; Cosmetics;Aesthetic,Unknown,,,52.1309217,21.0573409,OpenStreetMap / Overpass API,https://www.openstreetmap.org/node/10971606241,Mo-Fr 09:00-21:00; Sa 09:00-16:00
10739740750,node,Skin'n'Soul,,Ursynów,,,Beauty salon; Cosmetics,Unknown,,,52.1307448,21.0643543,OpenStreetMap / Overpass API,https://www.openstreetmap.org/node/10739740750,
12479367790,node,Solarium Mysiadło,"Słowicza 1B, 05-500 Mysiadło",Ursynów,+48573310300,,Beauty salon; Tanning,Unknown,,,52.0995297,21.0236193,OpenStreetMap / Overpass API,https://www.openstreetmap.org/node/12479367790,Mo-Fr 11:00-21:00; Sa 11:00-20:00
12837322177,node,Sonori,,Ursynów,,,Massage,Unknown,,,52.1333678,21.0665427,OpenStreetMap / Overpass API,https://www.openstreetmap.org/node/12837322177,"""by appointment"""
8988370667,node,Spostrzeżenie,Pasaż Ursynowski 1,Ursynów,,,Hairdresser,Unknown,,,52.1529383,21.037112,OpenStreetMap / Overpass API,https://www.openstreetmap.org/node/8988370667,Mo-Fr 10:00-19:00; Sa 09:00-13:00
9100612545,node,Star Nails & Lashes,,Ursynów,,,Beauty salon; Nails;Eyelash,Unknown,,,52.1551254,21.0351772,OpenStreetMap / Overpass API,https://www.openstreetmap.org/node/9100612545,Mo-Sa 08:30-20:00; Su 09:00-16:00
9101542082,node,Stara Mydlarnia,,Ursynów,,,Cosmetics,Unknown,,,52.153749,21.040857,OpenStreetMap / Overpass API,https://www.openstreetmap.org/node/9101542082,
12612870860,node,Stara Mydlarnia,,Ursynów,,,Cosmetics,Unknown,,,52.1391932,21.0586941,OpenStreetMap / Overpass API,https://www.openstreetmap.org/node/12612870860,Mo-Fr 10:00-20:00; Sa 10:00-19:00; Su 10:00-16:00
13342602648,node,Stomatologia i Piękno,Belgradzka 4,Ursynów,,,Beauty salon,Unknown,,,52.1421357,21.0647003,OpenStreetMap / Overpass API,https://www.openstreetmap.org/node/13342602648,Mo-We 14:00-20:00; Th 09:00-20:00; Fr off
13342497401,node,Strefa Urody,,Ursynów,,,Beauty salon; Hair;Nails;Cosmetics,Unknown,,,52.1411727,21.0601491,OpenStreetMap / Overpass API,https://www.openstreetmap.org/node/13342497401,Mo-Fr 08:00-21:00; Sa 08:00-16:00
13511708043,node,Studia Modern,Eugeniusza Romera 4B,Ursynów,,,Hairdresser,Unknown,,,52.1554173,21.0292243,OpenStreetMap / Overpass API,https://www.openstreetmap.org/node/13511708043,
11077234558,node,Studio Calypso,Pasaż Stokłosy 11,Ursynów,,,Beauty salon,Unknown,,,52.1615665,21.0292478,OpenStreetMap / Overpass API,https://www.openstreetmap.org/node/11077234558,
8910282846,node,Studio Effect,,Ursynów,+48609130595,,Beauty salon,Unknown,,,52.1324665,21.0625575,OpenStreetMap / Overpass API,https://www.openstreetmap.org/node/8910282846,
764747440,node,Studio fryzur,,Ursynów,+48226490503,,Hairdresser,Unknown,,,52.1384328,21.047851,OpenStreetMap / Overpass API,https://www.openstreetmap.org/node/764747440,
10873081675,node,Studio Fryzur AK,"Melchiora Wańkowicza 6, 02-796 Warsaw",Ursynów,,,Hairdresser,Unknown,,,52.1352022,21.0649991,OpenStreetMap / Overpass API,https://www.openstreetmap.org/node/10873081675,Tu-Fr 10:00-19:00; Sa 10:00-15:00
2316838377,node,Studio Kobiet,,Ursynów,,,Beauty salon; Cosmetics;Spa,Unknown,,,52.1549767,21.035003,OpenStreetMap / Overpass API,https://www.openstreetmap.org/node/2316838377,Mo-Fr 09:00-20:00; Sa 09:00-15:00
10575222849,node,Studio Lashes,"Pod Lipą 1, 02-798 Warszawa",Ursynów,+48797738073,,Beauty salon; Eyelash;Eyebrow;Nails;Cosmetics,Unknown,,,52.1287414,21.0614544,OpenStreetMap / Overpass API,https://www.openstreetmap.org/node/10575222849,Mo-Fr 09:00-21:00; Sa 10:00-16:00
8511404120,node,Studio Lior,,Ursynów,,https://studio-lior.pl,Hairdresser,Unknown,,,52.1305293,21.062557,OpenStreetMap / Overpass API,https://www.openstreetmap.org/node/8511404120,
4285807467,node,Studio Maylook,,Ursynów,,,Beauty salon; Skin Care;Hair;Nails;Cosmetics,Unknown,,,52.1549383,21.0348862,OpenStreetMap / Overpass API,https://www.openstreetmap.org/node/4285807467,
9929923606,node,Studio Montebello,Kłobucka 8B,Ursynów,,,Beauty salon,Unknown,,,52.1632238,20.9931853,OpenStreetMap / Overpass API,https://www.openstreetmap.org/node/9929923606,Mo-Fr 09:00-20:00; Sa 09:00-15:00
11077234561,node,Studio Paznokci,Pasaż Stokłosy 11,Ursynów,,,Beauty salon; Nails,Unknown,,,52.1615632,21.0291068,OpenStreetMap / Overpass API,https://www.openstreetmap.org/node/11077234561,
10971606246,node,Studio Urody,,Ursynów,,,Hairdresser,Unknown,,,52.1315113,21.0610031,OpenStreetMap / Overpass API,https://www.openstreetmap.org/node/10971606246,Mo-Fr 08:00-20:00; Sa 09:00-15:00
11075467091,node,Studio-K,Wawrzyńca Surowieckiego 4,Ursynów,,,Beauty salon,Unknown,,,52.1609461,21.0206217,OpenStreetMap / Overpass API,https://www.openstreetmap.org/node/11075467091,Mo-Fr 12:00-19:00; Sa 10:00-14:00
11774006311,node,Styl,,Ursynów,+48226491609,,Beauty salon; Eyelash;Hair;Nails;Tanning,Unknown,,,52.1309438,21.0595074,OpenStreetMap / Overpass API,https://www.openstreetmap.org/node/11774006311,
11877068687,node,Stylove Studio,,Ursynów,,,Beauty salon; Eyebrow;Eyelash;Cosmetics,Unknown,,,52.1419972,21.0471704,OpenStreetMap / Overpass API,https://www.openstreetmap.org/node/11877068687,Mo-Fr 10:00-20:00; Sa 09:00-15:00
11153484306,node,Sylwia Lorenc,Pieskowa Skała 13,Ursynów,,,Hairdresser,Unknown,,,52.16369,20.9961416,OpenStreetMap / Overpass API,https://www.openstreetmap.org/node/11153484306,Mo-Fr 09:00-20:00; Sa 09:00-16:00
1710660436,node,Synergy Art,Nugat 7,Ursynów,+48883199050,,Hairdresser,Unknown,,,52.1554591,21.0521622,OpenStreetMap / Overpass API,https://www.openstreetmap.org/node/1710660436,Mo-Th 10:00-22:00; Fr 10:00-20:00; Sa 09:00-16:00
13342467586,node,Szalone Nożyczki,,Ursynów,,,Hairdresser,Unknown,,,52.1408496,21.0596111,OpenStreetMap / Overpass API,https://www.openstreetmap.org/node/13342467586,
8957491747,node,Sztab,Fort Służew 3,Ursynów,+48798299025,https://sztab.booksy.com,Hairdresser,Unknown,,,52.1685957,21.0402132,OpenStreetMap / Overpass API,https://www.openstreetmap.org/node/8957491747,Mo-Fr 11:00-22:00; Sa 11:00-20:00
9384330251,node,Sztos Studio,,Ursynów,+48728966601,,Beauty salon; Nails;Hair,Unknown,,,52.1291662,21.0671997,OpenStreetMap / Overpass API,https://www.openstreetmap.org/node/9384330251,Mo-Fr 10:00-20:00; Sa 10:00-16:00
3542063721,node,Szybkie Nożyczki,Cynamonowa 19,Ursynów,,,Hairdresser,Unknown,,,52.1500121,21.0515598,OpenStreetMap / Overpass API,https://www.openstreetmap.org/node/3542063721,Mo-Fr 10:00-20:00; Sa 10:00-19:00; Su 10:00-17:00
6699980234,node,Szyk,Związku Walki Młodych 13,Ursynów,+48226434903,,Beauty salon,Unknown,,,52.1592803,21.0379276,OpenStreetMap / Overpass API,https://www.openstreetmap.org/node/6699980234,Mo-Fr 09:00-20:00; Sa 09:00-14:00
7982691553,node,Szykownia,Związku Walki Młodych 18,Ursynów,+48226442475,https://www.szykownia.com,Hairdresser,Unknown,,,52.1600914,21.039054,OpenStreetMap / Overpass API,https://www.openstreetmap.org/node/7982691553,Mo 14:00-20:00; Tu-Fr 09:00-20:00; Sa 09:00-17:00; Su off
9912654983,node,Tajski Sen,,Ursynów,,,Massage,Unknown,,,52.1321256,21.0666004,OpenStreetMap / Overpass API,https://www.openstreetmap.org/node/9912654983,Tu-Su 10:00-22:00
9120507442,node,Talia Osy,"Jana Cybisa 4, 02-784 Warszawa",Ursynów,,,Beauty salon; Hair;Cosmetics;Massage;Nails,Unknown,,,52.1553013,21.0244517,OpenStreetMap / Overpass API,https://www.openstreetmap.org/node/9120507442,
12291859060,node,Tao Tao,,Ursynów,,,Massage,Unknown,,,52.1448781,21.0532071,OpenStreetMap / Overpass API,https://www.openstreetmap.org/node/12291859060,11:00-21:00
13428447006,node,Tati,Edwarda Dembowskiego 13,Ursynów,,,Beauty salon; Eyebrow;Cosmetics;Hair Removal;Waxing,Unknown,,,52.1516479,21.030595,OpenStreetMap / Overpass API,https://www.openstreetmap.org/node/13428447006,
8988370670,node,The Green Salon,Pasaż Ursynowski 1,Ursynów,,,Hairdresser,Unknown,,,52.153582,21.0363455,OpenStreetMap / Overpass API,https://www.openstreetmap.org/node/8988370670,09:00-21:00
9202877636,node,Time for Wax,Aleja Komisji Edukacji Narodowej 96,Ursynów,,,Beauty salon; Hair Removal,Unknown,,,52.1597426,21.0297299,OpenStreetMap / Overpass API,https://www.openstreetmap.org/node/9202877636,Mo-Fr 10:00-20:00; Oct-Mar Sa 10:00-16:00; Apr-Sep Sa 09:00-17:00
10739740749,node,Titanium,Wąwozowa 19,Ursynów,,,Beauty salon; Nails,Unknown,,,52.1308528,21.0643525,OpenStreetMap / Overpass API,https://www.openstreetmap.org/node/10739740749,Mo-Fr 10:00-19:00; Sa 10:00-17:00
6718963423,node,Top Cut,,Ursynów,,,Hairdresser; Barber,Unknown,,,52.1568691,21.0303551,OpenStreetMap / Overpass API,https://www.openstreetmap.org/node/6718963423,Mo-Fr 09:00-21:00; Sa 09:00-15:00
13626542392,node,Tropical Beauty,,Ursynów,+48533340217,,Beauty salon,Unknown,,,52.1500701,21.0575019,OpenStreetMap / Overpass API,https://www.openstreetmap.org/node/13626542392,
11876962691,node,Tropical Nails,,Ursynów,,,Beauty salon; Nails,Unknown,,,52.1430605,21.0457604,OpenStreetMap / Overpass API,https://www.openstreetmap.org/node/11876962691,Mo-Fr 09:00-20:00; Sa 10:00-18:00; Su 11:00-17:00
11153158304,node,Truderm,Kłobucka 6B,Ursynów,,,Beauty salon,Unknown,,,52.1603347,20.9925906,OpenStreetMap / Overpass API,https://www.openstreetmap.org/node/11153158304,
5053483161,node,Tu i Teraz,"Wąwozowa 2, 02-796 Warszawa",Ursynów,,https://salontuiteraz.pl,Hairdresser; Barber,Unknown,,,52.1329636,21.0737708,OpenStreetMap / Overpass API,https://www.openstreetmap.org/node/5053483161,
11153182711,node,Turecki Barbershop,Kłobucka 6C,Ursynów,,,Hairdresser,Unknown,,,52.1609421,20.9925799,OpenStreetMap / Overpass API,https://www.openstreetmap.org/node/11153182711,Mo-Fr 10:00-20:00; Sa 10:00-18:00
10971475393,node,"Tworzymy piękno, Soul & Body",,Ursynów,,,Beauty salon,Unknown,,,52.1328305,21.0572102,OpenStreetMap / Overpass API,https://www.openstreetmap.org/node/10971475393,
10971475403,node,U Agnieszki,,Ursynów,,,Hairdresser,Unknown,,,52.1327448,21.0573079,OpenStreetMap / Overpass API,https://www.openstreetmap.org/node/10971475403,Mo-Fr 09:00-19:00; Sa 08:00-14:00
9929924820,node,U Chłopaków,Kłobucka 8A,Ursynów,,,Hairdresser,Unknown,,,52.162927,20.9930362,OpenStreetMap / Overpass API,https://www.openstreetmap.org/node/9929924820,Mo-Fr 10:00-20:00; Sa 09:00-15:00
12291859062,node,U Sorelli,,Ursynów,,,Beauty salon; Tanning,Unknown,,,52.1450374,21.0532827,OpenStreetMap / Overpass API,https://www.openstreetmap.org/node/12291859062,Mo-Fr 11:00-21:00
6757662050,node,Umajone,,Ursynów,,,Beauty salon; Nails,Unknown,,,52.1606899,21.0275494,OpenStreetMap / Overpass API,https://www.openstreetmap.org/node/6757662050,
10138422992,node,Urban Cut,Pasaż Stokłosy 11,Ursynów,,,Hairdresser; Barber,Unknown,,,52.1615309,21.0297124,OpenStreetMap / Overpass API,https://www.openstreetmap.org/node/10138422992,
11876962697,node,V Design,,Ursynów,,,Beauty salon; Cosmetics;Hair,Unknown,,,52.1433152,21.0447207,OpenStreetMap / Overpass API,https://www.openstreetmap.org/node/11876962697,Mo-Fr 09:00-20:00; Sa 09:00-15:00
9202877649,node,Venus,Aleja Komisji Edukacji Narodowej 98,Ursynów,,,Beauty salon; Cosmetics;Hair,Unknown,,,52.1607063,21.0289004,OpenStreetMap / Overpass API,https://www.openstreetmap.org/node/9202877649,Mo-Fr 09:00-20:00; Sa 09:00+
12160709664,node,Virtual massage,,Ursynów,+48576413416,https://www.virtualmassage.pl,Massage,Unknown,,,52.1319697,21.0571053,OpenStreetMap / Overpass API,https://www.openstreetmap.org/node/12160709664,Mo-Fr 13:00-21:00; Sa 10:00-20:00; Su 11:00-15:00
13423912403,node,W Tytanowym Stylu,Belgradzka 48,Ursynów,,,Beauty salon; Nails,Unknown,,,52.1391112,21.0545316,OpenStreetMap / Overpass API,https://www.openstreetmap.org/node/13423912403,
11494612001,node,Warsaw Beauty Bar,Aleja Komisji Edukacji Narodowej 49,Ursynów,,,Beauty salon; Nails;Aesthetic;Eyebrow;Cosmetics;Eyelash;Massage,Unknown,,,52.1440376,21.0523586,OpenStreetMap / Overpass API,https://www.openstreetmap.org/node/11494612001,
13161684786,node,Warszawski Golibroda,,Ursynów,+48226416908,https://warszawskigolibroda.pl,Hairdresser; Barber,Unknown,,,52.1501618,21.043336,OpenStreetMap / Overpass API,https://www.openstreetmap.org/node/13161684786,Mo-Fr 08:00-22:00; Sa 09:00-17:00
5103743264,node,Waxing Studio,Aleja Komisji Edukacji Narodowej 88,Ursynów,,,Beauty salon; Hair Removal;Waxing,Unknown,,,52.1576397,21.0327893,OpenStreetMap / Overpass API,https://www.openstreetmap.org/node/5103743264,"Mo,We-Fr 12:00-20:00; Tu 09:00-15:00; Sa 10:00-15:00"
6739136356,node,Wyczesani,Pasaż Ursynowski 11,Ursynów,+48226448407,,Hairdresser,Unknown,,,52.1581715,21.0287042,OpenStreetMap / Overpass API,https://www.openstreetmap.org/node/6739136356,Mo-Fr 09:00-20:00; Sa 09:00-14:00
11153296128,node,Wyspa Relaksu,Kłobucka 8,Ursynów,,,Massage,Unknown,,,52.1624612,20.9925759,OpenStreetMap / Overpass API,https://www.openstreetmap.org/node/11153296128,09:00-21:00
11877074739,node,Wzorcownia Fryzur,Braci Wagów 20,Ursynów,,,Hairdresser,Unknown,,,52.14354,21.0502517,OpenStreetMap / Overpass API,https://www.openstreetmap.org/node/11877074739,Mo-Fr 10:00-21:00; Sa 10:00-16:00
9100612546,node,Yasumi,,Ursynów,,,Beauty salon; Skin Care;Spa;Hair Removal,Unknown,,,52.1545354,21.0353144,OpenStreetMap / Overpass API,https://www.openstreetmap.org/node/9100612546,
11077073756,node,Z Pazurem,Stokłosy 2/4,Ursynów,,,Beauty salon; Nails,Unknown,,,52.1598688,21.0317141,OpenStreetMap / Overpass API,https://www.openstreetmap.org/node/11077073756,
6681183107,node,Zamiany 6,Zamiany 6,Ursynów,,,Beauty salon,Unknown,,,52.1576601,21.0356106,OpenStreetMap / Overpass API,https://www.openstreetmap.org/node/6681183107,Mo-Fr 09:00-21:00; Sa 09:00-17:00
13423893298,node,Zdrowe Loki,Belgradzka 48,Ursynów,,,Hairdresser,Unknown,,,52.1392501,21.0549977,OpenStreetMap / Overpass API,https://www.openstreetmap.org/node/13423893298,
12742088488,node,Zen Studio Zdrowia i Urody,,Ursynów,+48226485748,,Beauty salon,Unknown,,,52.1442539,21.055693,OpenStreetMap / Overpass API,https://www.openstreetmap.org/node/12742088488,Mo-Fr 08:00-21:00; Sa 09:00-17:00
13626540155,node,Zosieńka,,Ursynów,,,Hairdresser,Unknown,,,52.1510868,21.0532505,OpenStreetMap / Overpass API,https://www.openstreetmap.org/node/13626540155,
12669942100,node,Zuzanna,,Ursynów,+48224070098,,Hairdresser,Unknown,,,52.1396346,21.041319,OpenStreetMap / Overpass API,https://www.openstreetmap.org/node/12669942100,
9503337957,node,Świat masażu,,Ursynów,+48786816208,https://swiatmasazu.com.pl,Massage,Unknown,,,52.1315502,21.0758259,OpenStreetMap / Overpass API,https://www.openstreetmap.org/node/9503337957,
9227665835,node,Angel Nails,,Wawer,,,Beauty salon; Nails,Unknown,,,52.107471,21.263112,OpenStreetMap / Overpass API,https://www.openstreetmap.org/node/9227665835,Mo-Sa 09:00-19:00; Su 11:00-17:00
8535593114,node,Anna Beauty Concept,,Wawer,+48508099700,https://anna-beauty-concept.business.site,Beauty salon,Unknown,,,52.2034949,21.1658099,OpenStreetMap / Overpass API,https://www.openstreetmap.org/node/8535593114,Mo-Fr 09:00-19:00; Sa 09:00-14:00
7046570154,node,BARBERSHOP,,Wawer,,,Hairdresser; Barber,Unknown,,,52.1055573,21.2602824,OpenStreetMap / Overpass API,https://www.openstreetmap.org/node/7046570154,
7158553944,node,Barbershop,,Wawer,,,Hairdresser,Unknown,,,52.1057001,21.2586165,OpenStreetMap / Overpass API,https://www.openstreetmap.org/node/7158553944,
7004200380,node,Czas dla Ciebie u Marzenki,,Wawer,,,Beauty salon,Unknown,,,52.1082402,21.2623182,OpenStreetMap / Overpass API,https://www.openstreetmap.org/node/7004200380,Mo-Fr 08:00-18:00
9329500383,node,design,,Wawer,,,Hairdresser,Unknown,,,52.1073278,21.262472,OpenStreetMap / Overpass API,https://www.openstreetmap.org/node/9329500383,Mo-Fr 09:00-19:00; Sa 08:00-15:00
7063854291,node,dm,,Wawer,,,Hairdresser,Unknown,,,52.1038053,21.2645441,OpenStreetMap / Overpass API,https://www.openstreetmap.org/node/7063854291,
5401378731,node,Drogeria Jawa,,Wawer,,,Cosmetics,Unknown,,,52.1817263,21.1897948,OpenStreetMap / Overpass API,https://www.openstreetmap.org/node/5401378731,
5920055489,node,Duet,,Wawer,,,Hairdresser,Unknown,,,52.1027923,21.2637606,OpenStreetMap / Overpass API,https://www.openstreetmap.org/node/5920055489,Tu-Fr 10:00-19:00; Sa 09:00-14:00
5934111862,node,E&B,,Wawer,,,Hairdresser,Unknown,,,52.100075,21.268245,OpenStreetMap / Overpass API,https://www.openstreetmap.org/node/5934111862,Tu-Fr 10:00-18:00; Sa 08:00-14:00
5929497349,node,Elżbieta Salon fryzjerski,,Wawer,,,Hairdresser,Unknown,,,52.102495,21.2676853,OpenStreetMap / Overpass API,https://www.openstreetmap.org/node/5929497349,Mo-Fr 09:00-19:00; Sa 08:00-15:00
8104983148,node,ema studio urody,,Wawer,,,Beauty salon,Unknown,,,52.2129544,21.1126327,OpenStreetMap / Overpass API,https://www.openstreetmap.org/node/8104983148,Mo-Fr 10:00-20:00; Sa 10:00-18:00
11472774021,node,Emka,Naddnieprzańska 26,Wawer,,,Beauty salon; Spa;Massage;Cosmetics;Waxing,Unknown,,,52.2367481,21.1313556,OpenStreetMap / Overpass API,https://www.openstreetmap.org/node/11472774021,
7024233320,node,Fizjomed & Beauty Center,,Wawer,,,Beauty salon,Unknown,,,52.2022209,21.1556024,OpenStreetMap / Overpass API,https://www.openstreetmap.org/node/7024233320,
9759130845,node,Fresh Cut,,Wawer,,,Hairdresser,Unknown,,,52.10654,21.2601251,OpenStreetMap / Overpass API,https://www.openstreetmap.org/node/9759130845,
4782261272,node,Fryzjer H. Szybiak.,,Wawer,,,Hairdresser,Unknown,,,52.1598922,21.2108617,OpenStreetMap / Overpass API,https://www.openstreetmap.org/node/4782261272,
9329480189,node,Fryzjer męski,,Wawer,,,Hairdresser,Unknown,,,52.1046574,21.2627105,OpenStreetMap / Overpass API,https://www.openstreetmap.org/node/9329480189,Mo-Fr 08:00-18:00; Sa 08:00-14:00
1146693294,way,Fryzjer męski,"Wawerska 47, 05-400 Otwock",Wawer,,,Hairdresser,Unknown,,,52.1068059,21.2505509,OpenStreetMap / Overpass API,https://www.openstreetmap.org/way/1146693294,Tu-Fr 10:00-19:00; Sa 08:00-16:00
12309109266,node,Fryzjer Męski Damski,,Wawer,,,Hairdresser,Unknown,,,52.0979642,21.2657872,OpenStreetMap / Overpass API,https://www.openstreetmap.org/node/12309109266,Mo-Fr 10:00-18:00; Sa 09:00-13:00
7024233297,node,Gabinet Odnowy Kolagenowej,,Wawer,,,Beauty salon,Unknown,,,52.202488,21.1527881,OpenStreetMap / Overpass API,https://www.openstreetmap.org/node/7024233297,
6967478000,node,Gabinet Urody Agnieszka Zielińska,,Wawer,,,Beauty salon,Unknown,,,52.2235651,21.1397116,OpenStreetMap / Overpass API,https://www.openstreetmap.org/node/6967478000,
4110437598,node,Hair Styling Team,,Wawer,+48222058122,https://hairstylingteam.pl,Hairdresser,Unknown,,,52.2063607,21.1685533,OpenStreetMap / Overpass API,https://www.openstreetmap.org/node/4110437598,Mo-Sa 09:00-21:00; Su 10:00-20:00
11472774020,node,HandsomeMen,Naddnieprzańska 26,Wawer,,,Beauty salon; Hair,Unknown,,,52.2366666,21.1312844,OpenStreetMap / Overpass API,https://www.openstreetmap.org/node/11472774020,Mo-Fr 08:00-16:00
11987874032,node,Kadus,,Wawer,+48226158432,,Nails;Tanning,Unknown,,,52.1838831,21.186461,OpenStreetMap / Overpass API,https://www.openstreetmap.org/node/11987874032,
11799965581,node,Kamela,,Wawer,,,Beauty salon,Unknown,,,52.2138961,21.1458459,OpenStreetMap / Overpass API,https://www.openstreetmap.org/node/11799965581,
9111325314,node,Kamilla,,Wawer,,,Hairdresser,Unknown,,,52.1069581,21.26189,OpenStreetMap / Overpass API,https://www.openstreetmap.org/node/9111325314,
12057789000,node,Karmel Studio,"Młoda 4, 04-975 Warszawa",Wawer,+48508199149,,Beauty salon,Unknown,,,52.1584659,21.2091373,OpenStreetMap / Overpass API,https://www.openstreetmap.org/node/12057789000,
12152149151,node,Kati,,Wawer,+48226152825,,Beauty salon,Unknown,,,52.1843068,21.1878697,OpenStreetMap / Overpass API,https://www.openstreetmap.org/node/12152149151,Mo-Fr 09:00-21:00; Sa 09:00-15:00
5082533869,node,Klinika Piękna Kalina,,Wawer,,,Beauty salon,Unknown,,,52.2199897,21.1519229,OpenStreetMap / Overpass API,https://www.openstreetmap.org/node/5082533869,"Mo-Fr 10:00-20:00; Sa,Su 10:00-16:00"
5938420597,node,Kosmetyka Fryzjer,,Wawer,,,Hairdresser,Unknown,,,52.1077694,21.2605135,OpenStreetMap / Overpass API,https://www.openstreetmap.org/node/5938420597,"""zapisy tylko na telefon w godzinach 10-16"""
5938419381,node,Lavender,,Wawer,,,Beauty salon,Unknown,,,52.1077817,21.2605937,OpenStreetMap / Overpass API,https://www.openstreetmap.org/node/5938419381,
4782261273,node,Loco Bell,"Młoda 2, 04-975 Warszawa",Wawer,+48798988975,,Hairdresser,Unknown,,,52.1583729,21.2090279,OpenStreetMap / Overpass API,https://www.openstreetmap.org/node/4782261273,Mo-Fr 09:00-20:00; Sa 08:00-15:00
6776746739,node,Lord & Barber,"Marszałka Józefa Piłsudskiego 20A, 05-410 Józefów",Wawer,,https://booksy.com/pl-pl/14398_lord-barber_barber-shop_4344_jozefow,Hairdresser,Unknown,,,52.1497733,21.2223039,OpenStreetMap / Overpass API,https://www.openstreetmap.org/node/6776746739,Mo 12:00-22:00; Tu-Fr 08:00-22:00; Sa 08:00-16:00
9254572714,node,Luxoria,,Wawer,+48530262110,http://salonluxoria.pl/kontakt,Beauty salon,Unknown,,,52.2136975,21.1538784,OpenStreetMap / Overpass API,https://www.openstreetmap.org/node/9254572714,Mo-Fr 09:00-20:00; Sa 09:00-14:00
5929494874,node,Mago Studio Urody,,Wawer,,,Hairdresser,Unknown,,,52.1028255,21.2669221,OpenStreetMap / Overpass API,https://www.openstreetmap.org/node/5929494874,"Mo,Tu 10:00-18:00; We-Fr 08:00-20:00; Sa 08:00-15:00"
12921698201,node,My Masujemy,"Lipkowska 6, 04-801",Wawer,,https://mymasujemy.pl,Massage,Unknown,,,52.194457,21.1811289,OpenStreetMap / Overpass API,https://www.openstreetmap.org/node/12921698201,Mo-Su 10:00-21:00
7857261967,node,Na Lennona,,Wawer,,,Hairdresser,Unknown,,,52.1004717,21.2671284,OpenStreetMap / Overpass API,https://www.openstreetmap.org/node/7857261967,Mo-Fr 09:00-20:00; Sa 09:00-15:00
5912123228,node,Odchudzalnia i lakiernia,,Wawer,,,Beauty salon; Nails,Unknown,,,52.1063178,21.2611972,OpenStreetMap / Overpass API,https://www.openstreetmap.org/node/5912123228,Mo-Fr 10:00-20:00; Sa 10:00-15:00; Su off
13784941850,node,Otwock Day Spa,,Wawer,,,Beauty salon,Unknown,,,52.109723,21.2576589,OpenStreetMap / Overpass API,https://www.openstreetmap.org/node/13784941850,
5709379287,node,Pasja,"Jana Matejki 9, 05-400 Otwock",Wawer,,,Hairdresser,Unknown,,,52.0979655,21.2659276,OpenStreetMap / Overpass API,https://www.openstreetmap.org/node/5709379287,Mo-Fr 08:00-18:00; Sa 08:00-14:00
10160228902,node,Piękna chwila,"Korkowa 103, Warszawa",Wawer,+48662058849,,Beauty salon,Unknown,,,52.2380219,21.1454154,OpenStreetMap / Overpass API,https://www.openstreetmap.org/node/10160228902,Mo-Fr 09:00-20:00; Sa 08:00-15:00
11989713756,node,Polli Nails,,Wawer,,,Beauty salon,Unknown,,,52.1243322,21.2580756,OpenStreetMap / Overpass API,https://www.openstreetmap.org/node/11989713756,"Mo-Fr 09:00-20:00; Sa,Su 11:00-19:00"
8908257348,node,Salon Kosmetyki Profesjonalnej,,Wawer,+48226156374,https://www.kosmetyka-cienkusz.pl,Beauty salon,Unknown,,,52.185602,21.1900348,OpenStreetMap / Overpass API,https://www.openstreetmap.org/node/8908257348,Mo-Fr 09:00-19:00; Sa 09:00-15:00
8893062928,node,Salon Monika,"Bronisława Czecha 75, 04-555 Warszawa",Wawer,,,Hairdresser,Unknown,,,52.226243,21.1589203,OpenStreetMap / Overpass API,https://www.openstreetmap.org/node/8893062928,
8893062939,node,Salon ROMA,"Bronisława Czecha 63, 04-555 Warszawa",Wawer,+48228120076,,Hairdresser,Unknown,,,52.2263148,21.1571635,OpenStreetMap / Overpass API,https://www.openstreetmap.org/node/8893062939,
11799906642,node,Salon Sauvage,Błękitna 35,Wawer,,,Hairdresser,Unknown,,,52.2216586,21.1485806,OpenStreetMap / Overpass API,https://www.openstreetmap.org/node/11799906642,
5742948629,node,"Salon Urody ""Laura""","Stefana Batorego 34, 05-400 Otwock",Wawer,,,Beauty salon,Unknown,,,52.0996845,21.2574172,OpenStreetMap / Overpass API,https://www.openstreetmap.org/node/5742948629,Mo-Fr 08:00-20:00; Sa 08:00-15:00
8614364806,node,Salonik fryzjerski Teresa,,Wawer,,,Hairdresser,Unknown,,,52.1073418,21.2662942,OpenStreetMap / Overpass API,https://www.openstreetmap.org/node/8614364806,Mo-Fr 09:00-18:00; Sa 09:00-14:00
9227309599,node,Shine,,Wawer,,,Hairdresser,Unknown,,,52.1064899,21.2607486,OpenStreetMap / Overpass API,https://www.openstreetmap.org/node/9227309599,
409580624,way,Shine U,,Wawer,,,Beauty salon,Unknown,,,52.2135585,21.1127184,OpenStreetMap / Overpass API,https://www.openstreetmap.org/way/409580624,
7063666485,node,Spinka,,Wawer,,,Hairdresser,Unknown,,,52.1048601,21.2629495,OpenStreetMap / Overpass API,https://www.openstreetmap.org/node/7063666485,
11472836164,node,Stacja Piękna,Korkowa 31,Wawer,,,Beauty salon; Nails;Hair;Cosmetics,Unknown,,,52.2357893,21.135677,OpenStreetMap / Overpass API,https://www.openstreetmap.org/node/11472836164,Mo-Fr 09:00-19:00; Sa 08:00-15:00
8357357615,node,Strefa SPA,,Wawer,+48506116500,,Beauty salon,Unknown,,,52.1993637,21.119895,OpenStreetMap / Overpass API,https://www.openstreetmap.org/node/8357357615,Mo-Sa 09:00-21:00; PH off
6531502833,node,Studio Karmel,,Wawer,,,Beauty salon,Unknown,,,52.1593012,21.2102371,OpenStreetMap / Overpass API,https://www.openstreetmap.org/node/6531502833,
6981589233,node,Studio MD,Widoczna 103,Wawer,,https://studiomd.pl,Beauty salon; Nails;Hair;Cosmetics;Aesthetic;Laser Hair Removal,Unknown,,,52.2258326,21.1451364,OpenStreetMap / Overpass API,https://www.openstreetmap.org/node/6981589233,Mo-Fr 9:00-20:00; Sa 9:00-16:00
9942855080,node,Studio Paznokci,,Wawer,,,Beauty salon; Nails,Unknown,,,52.104727,21.2627004,OpenStreetMap / Overpass API,https://www.openstreetmap.org/node/9942855080,
7216486988,node,Studio paznokci i podologii,,Wawer,,,Beauty salon; Nails,Unknown,,,52.1029511,21.2626871,OpenStreetMap / Overpass API,https://www.openstreetmap.org/node/7216486988,Mo-Fr 08:00-21:00; Sa 10:00-16:00
13784976755,node,STUDIO URODY,,Wawer,,,Beauty salon,Unknown,,,52.1178243,21.2494215,OpenStreetMap / Overpass API,https://www.openstreetmap.org/node/13784976755,
12282557652,node,Studio Urody Ravella,,Wawer,,,Beauty salon; Tanning;Nails;Hair,Unknown,,,52.1836538,21.1902341,OpenStreetMap / Overpass API,https://www.openstreetmap.org/node/12282557652,
5401378734,node,To Jest To,,Wawer,,,Hairdresser,Unknown,,,52.1818511,21.1899828,OpenStreetMap / Overpass API,https://www.openstreetmap.org/node/5401378734,
5392235257,node,Tropicana,,Wawer,,,Beauty salon; Tanning,Unknown,,,52.1069662,21.2630939,OpenStreetMap / Overpass API,https://www.openstreetmap.org/node/5392235257,Mo-Fr 09:00-20:00; Sa 09:00-15:00
6142522599,node,U Agnieszki,,Wawer,,,Hairdresser,Unknown,,,52.1015183,21.2639471,OpenStreetMap / Overpass API,https://www.openstreetmap.org/node/6142522599,Mo-Fr 09:00-18:00; Sa 09:00-14:00
13784985704,node,u Rafała,,Wawer,,,Hairdresser; Barber,Unknown,,,52.1171042,21.2495149,OpenStreetMap / Overpass API,https://www.openstreetmap.org/node/13784985704,
9207899090,node,Ula,,Wawer,,,Hairdresser,Unknown,,,52.1096182,21.2577582,OpenStreetMap / Overpass API,https://www.openstreetmap.org/node/9207899090,Mo-Fr 10:00-18:00; Sa 10:00-13:00
9227293828,node,VICTORIA NAILS,,Wawer,,,Beauty salon,Unknown,,,52.1066703,21.2605141,OpenStreetMap / Overpass API,https://www.openstreetmap.org/node/9227293828,Mo-Fr 09:00-19:00; Sa 09:00-17:00; Su 10:00-16:00
5965844881,node,Violetta,,Wawer,,,Beauty salon,Unknown,,,52.1056624,21.2596951,OpenStreetMap / Overpass API,https://www.openstreetmap.org/node/5965844881,
569065026,way,Wioleta Dąbrowska,"Karczewska 21, 05-400 Otwock",Wawer,,,Hairdresser,Unknown,,,52.1037166,21.263494,OpenStreetMap / Overpass API,https://www.openstreetmap.org/way/569065026,Tu-Fr 10:00-18:00; Sa 09:00-14:00
4110437625,node,Ziaja,,Wawer,,https://ziaja.com,Cosmetics,Unknown,,,52.2066937,21.1677152,OpenStreetMap / Overpass API,https://www.openstreetmap.org/node/4110437625,Mo-Sa 09:00-21:00; Su 10:00-20:00
9033289875,node,Beauty Zone,,Wesoła,,,Beauty salon,Unknown,,,52.2424673,21.1902957,OpenStreetMap / Overpass API,https://www.openstreetmap.org/node/9033289875,Mo-Fr 09:00-20:00; Sa 08:00-16:00
2025260507,node,"Carpe Diem. Salon Urody, fryzjer","Józefa Dwernickiego 26A, 05-075 Warszawa",Wesoła,,,Beauty salon; Cosmetic Studio,Unknown,,,52.2507209,21.2438313,OpenStreetMap / Overpass API,https://www.openstreetmap.org/node/2025260507,Mo-Su 10:00-20:00
8041715720,node,Catherine,,Wesoła,,,Beauty salon,Unknown,,,52.2217334,21.2223801,OpenStreetMap / Overpass API,https://www.openstreetmap.org/node/8041715720,
2025612663,node,Fryzury i Pazury Salon urody,"Armii Krajowej 58, 05-075 Warszawa",Wesoła,,,Beauty salon; Cosmetic Studio,Unknown,,,52.2500606,21.2289919,OpenStreetMap / Overpass API,https://www.openstreetmap.org/node/2025612663,Mo-Fr 09:00-18:00
10121779782,node,Manufaktura Ust,,Wesoła,,,Beauty salon; Aesthetic,Unknown,,,52.2458698,21.189192,OpenStreetMap / Overpass API,https://www.openstreetmap.org/node/10121779782,
9033289872,node,Salon Fryzjerski Professional Damsko-Męski,,Wesoła,,,Hairdresser,Unknown,,,52.2445328,21.1895399,OpenStreetMap / Overpass API,https://www.openstreetmap.org/node/9033289872,Mo-Fr 09:00-19:00; Sa 09:00-15:00
10121779780,node,Stacja Regeneracja,,Wesoła,+48224236558,,Beauty salon,Unknown,,,52.2457743,21.1892272,OpenStreetMap / Overpass API,https://www.openstreetmap.org/node/10121779780,"""termin trzeba ustalić"""
7100020365,node,Studio Katharsis Katarzyna Skorupka,"Rumiankowa 11, 05-077 Warszawa",Wesoła,+48511903187,https://pl-pl.facebook.com/studio.katharsis,Hairdresser,Unknown,,,52.2171258,21.2450139,OpenStreetMap / Overpass API,https://www.openstreetmap.org/node/7100020365,Mo-Fr 09:00-20:00; Sa 08:00-15:00
11181239864,node,4 Beauty,Adama Branickiego 21A,Wilanów,,,Beauty salon,Unknown,,,52.1543707,21.0735662,OpenStreetMap / Overpass API,https://www.openstreetmap.org/node/11181239864,Mo-Fr 09:00-21:00; Sa 09:00-20:00
3974278609,node,Aleksandra Oleczek,,Wilanów,,,Hairdresser,Unknown,,,52.1657314,21.0718561,OpenStreetMap / Overpass API,https://www.openstreetmap.org/node/3974278609,
13308181400,node,Ambasada Urody,Prymasa Augusta Hlonda 2,Wilanów,,,Beauty salon; Aesthetic;Skin Care,Unknown,,,52.1615448,21.0702413,OpenStreetMap / Overpass API,https://www.openstreetmap.org/node/13308181400,Mo-Fr 09:00-21:00;Sa 09:00+
13308271670,node,AMT,Aleja Rzeczypospolitej 24,Wilanów,,,Beauty salon; Aesthetic;Massage,Unknown,,,52.1676924,21.0692014,OpenStreetMap / Overpass API,https://www.openstreetmap.org/node/13308271670,Mo-Sa 10:00-20:00
4149002359,node,Atelier Wdzięku i Urody,"Sarmacka 6, 02-972 Warszawa",Wilanów,,,Beauty salon; Cosmetics,Unknown,,,52.1660872,21.0742577,OpenStreetMap / Overpass API,https://www.openstreetmap.org/node/4149002359,"Mo-Fr 09:00-21:00, Sa 8:00-17:00"
11795829202,node,Barbershub,,Wilanów,,,Hairdresser,Unknown,,,52.157485,21.0777039,OpenStreetMap / Overpass API,https://www.openstreetmap.org/node/11795829202,
11469070756,node,Beauty & Health Studio,Marconich 3,Wilanów,,,Beauty salon,Unknown,,,52.1700739,21.0742423,OpenStreetMap / Overpass API,https://www.openstreetmap.org/node/11469070756,09:00-21:00
11469141405,node,Broadway Beauty,Królewicza Jakuba 66,Wilanów,,,Beauty salon,Unknown,,,52.1752937,21.0729778,OpenStreetMap / Overpass API,https://www.openstreetmap.org/node/11469141405,Mo-Fr 09:00-17:00
12960865986,node,BRODSKI barbershop,"Franciszka Klimczaka 6A, 02-797 Warszawa",Wilanów,+48886666239,https://brodski.pl,Hairdresser; Barber;Waxing; Barber,Unknown,,,52.1634632,21.0797612,OpenStreetMap / Overpass API,https://www.openstreetmap.org/node/12960865986,"Mo-Su 10:00-21:00, Su 10:00-18:00"
12302165074,node,Clover Beauty,Aleja Rzeczypospolitej 8,Wilanów,,,Hairdresser,Unknown,,,52.1590692,21.074445,OpenStreetMap / Overpass API,https://www.openstreetmap.org/node/12302165074,
13647348046,node,Color&Blond Helen Yanowska,"Franciszka Klimczaka 13/U8a1, 02-973 Warszawa",Wilanów,+48534704607,,Hairdresser,Unknown,,,52.1608827,21.0752246,OpenStreetMap / Overpass API,https://www.openstreetmap.org/node/13647348046,Mo-Su 10:00-20:00
13566845386,node,Crazy Curly,Franciszka Klimczaka 15,Wilanów,,,Hairdresser,Unknown,,,52.1607486,21.0743562,OpenStreetMap / Overpass API,https://www.openstreetmap.org/node/13566845386,Mo-Fr 10:00-20:00; Sa 10:00-16:00
11181202230,node,Dobry Barbershop,Herbu Janina 11,Wilanów,,,Hairdresser,Unknown,,,52.1544376,21.0761723,OpenStreetMap / Overpass API,https://www.openstreetmap.org/node/11181202230,Mo-Sa 10:00-20:00; Su 10:00-18:00
9120091770,node,Dostojne Chłopaki,,Wilanów,,,Hairdresser,Unknown,,,52.1659837,21.0747833,OpenStreetMap / Overpass API,https://www.openstreetmap.org/node/9120091770,
13308295785,node,Elenis Studio,Aleja Rzeczypospolitej 20,Wilanów,,,Beauty salon; Aesthetic;Hair Removal;Laser Hair Removal;Cosmetics;Skin Care;Waxing,Unknown,,,52.1660674,21.0698122,OpenStreetMap / Overpass API,https://www.openstreetmap.org/node/13308295785,"Mo-Sa 09:00-21:00; Su ""on appointment"""
4984486644,node,Faces,,Wilanów,,,Beauty salon,Unknown,,,52.1664536,21.072219,OpenStreetMap / Overpass API,https://www.openstreetmap.org/node/4984486644,
12234690718,node,Fancy Hair,,Wilanów,,,Hairdresser; Hair Extensions,Unknown,,,52.1557827,21.1091803,OpenStreetMap / Overpass API,https://www.openstreetmap.org/node/12234690718,Mo-Sa 08:00-21:00; Su off
11795829198,node,Fontanna Młodości,,Wilanów,,,Beauty salon,Unknown,,,52.1572621,21.0769902,OpenStreetMap / Overpass API,https://www.openstreetmap.org/node/11795829198,Mo-Fr 10:00-20:00; Sa 09:00-17:00
9162171110,node,Fryzjer damsko-męski,,Wilanów,,,Hairdresser,Unknown,,,52.1030016,21.2470042,OpenStreetMap / Overpass API,https://www.openstreetmap.org/node/9162171110,
13308401751,node,G Bar,Franciszka Klimczaka 17,Wilanów,,,Beauty salon; Nails;Cosmetics;Eyebrow;Hair,Unknown,,,52.160525,21.0735365,OpenStreetMap / Overpass API,https://www.openstreetmap.org/node/13308401751,Mo-Sa 08:00-20:00; Su 09:00-20:00
12104579520,node,Galeria Odnowy,,Wilanów,,,Beauty salon,Unknown,,,52.1583417,21.0809905,OpenStreetMap / Overpass API,https://www.openstreetmap.org/node/12104579520,Mo-Fr 09:00-21:00; Sa 09:00-16:00
9119594664,node,Galeria Urody,,Wilanów,,https://www.moment.pl/galeria-urody-wilanow,Hairdresser,Unknown,,,52.165861,21.0747894,OpenStreetMap / Overpass API,https://www.openstreetmap.org/node/9119594664,
12302165078,node,Gold Beauty,Aleja Rzeczypospolitej 8,Wilanów,,,Beauty salon; Nails;Eyelash,Unknown,,,52.1588569,21.0747474,OpenStreetMap / Overpass API,https://www.openstreetmap.org/node/12302165078,Mo-Fr 09:00-19:30; Sa 09:00-18:00; Su 10:00-17:00
9173340495,node,Haircut Express,"Aleja Rzeczypospolitej 20, 02-972 Warszawa",Wilanów,,,Hairdresser,Unknown,,,52.1653885,21.0700607,OpenStreetMap / Overpass API,https://www.openstreetmap.org/node/9173340495,Mo-Sa 09:00-21:00; Su 10:00-19:00
11795796523,node,Hairmate,,Wilanów,,,Hairdresser,Unknown,,,52.1573315,21.0800373,OpenStreetMap / Overpass API,https://www.openstreetmap.org/node/11795796523,Mo-Sa 09:00-21:00; Su 10:00-18:00
13308401744,node,Hairmitage,Franciszka Klimczaka 22D,Wilanów,,,Beauty salon; Hair;Aesthetic,Unknown,,,52.1615264,21.0716577,OpenStreetMap / Overpass API,https://www.openstreetmap.org/node/13308401744,Mo-Fr 09:00-20:00; Sa 09:00-16:00
13308362997,node,Hana Nails,Aleja Rzeczypospolitej 12,Wilanów,,,Beauty salon; Nails,Unknown,,,52.1635571,21.0707445,OpenStreetMap / Overpass API,https://www.openstreetmap.org/node/13308362997,Mo-Sa 09:00-20:00; Su 10:00-17:00
13308295787,node,Hoa,Aleja Rzeczypospolitej 20,Wilanów,,,Beauty salon; Nails;Eyelash,Unknown,,,52.1659563,21.0698575,OpenStreetMap / Overpass API,https://www.openstreetmap.org/node/13308295787,09:30-20:00
13308299983,node,Jegier Aesthetic,Aleja Rzeczypospolitej 22,Wilanów,,,Beauty salon; Aesthetic,Unknown,,,52.1670137,21.0694646,OpenStreetMap / Overpass API,https://www.openstreetmap.org/node/13308299983,
11795829212,node,Julilu,,Wilanów,,,Beauty salon; Nails;Cosmetics,Unknown,,,52.1584717,21.0800358,OpenStreetMap / Overpass API,https://www.openstreetmap.org/node/11795829212,Mo-Fr 10:00-20:00; Sa 10:00-16:00
11795796522,node,Kok W Bok,,Wilanów,,,Beauty salon; Nails;Hair;Hair Removal;Skin Care;Eyebrow;Eyelash,Unknown,,,52.1575019,21.080615,OpenStreetMap / Overpass API,https://www.openstreetmap.org/node/11795796522,Mo-Fr 10:00-20:00; Sa 09:00-15:00
340565054,node,La kier rouge,,Wilanów,,,Beauty salon,Unknown,,,52.1687579,21.0763165,OpenStreetMap / Overpass API,https://www.openstreetmap.org/node/340565054,Mo-Fr 09:00-20:00; Sa 10:00-15:00
13308181396,node,Legend Barbershop,Prymasa Augusta Hlonda 2,Wilanów,,,Hairdresser; Barber,Unknown,,,52.1605044,21.0707855,OpenStreetMap / Overpass API,https://www.openstreetmap.org/node/13308181396,Mo-Sa 09:00-21:00
13308246799,node,Livie Beauty,Aleja Rzeczypospolitej 24E,Wilanów,,,Beauty salon; Nails,Unknown,,,52.1683618,21.068938,OpenStreetMap / Overpass API,https://www.openstreetmap.org/node/13308246799,Mo-Fr 09:30-20:30; Sa-Su 10:00-18:00
12302165071,node,Lofti Nails,Aleja Rzeczypospolitej 8,Wilanów,,,Beauty salon; Nails,Unknown,,,52.1592541,21.0742036,OpenStreetMap / Overpass API,https://www.openstreetmap.org/node/12302165071,Mo-Fr 09:00-21:00; Sa-Su 10:00-20:00
12302227027,node,Manifaktura,Adama Branickiego 18,Wilanów,,,Beauty salon; Nails,Unknown,,,52.1558525,21.0728474,OpenStreetMap / Overpass API,https://www.openstreetmap.org/node/12302227027,Mo-Fr 10:00-20:00; Sa 10:00-17:00
4890463754,node,Miasto Włosów,,Wilanów,+48224360320,https://www.lok-and-roll.pl/salon-fryzjerski-wilanow,Hairdresser,Unknown,,,52.165742,21.1107064,OpenStreetMap / Overpass API,https://www.openstreetmap.org/node/4890463754,Mo-Sa 10:00-20:00
5282598925,node,Monika Wojciechowska,,Wilanów,+48501806106,,Hairdresser,Unknown,,,52.1277686,21.0961488,OpenStreetMap / Overpass API,https://www.openstreetmap.org/node/5282598925,Mo-Fr 09:00-20:00; Sa 09:00-15:00
6603240948,node,Nail Clinic,,Wilanów,+48221615488,,Beauty salon,Unknown,,,52.1639593,21.0826536,OpenStreetMap / Overpass API,https://www.openstreetmap.org/node/6603240948,Mo-Fr 08:00-22:00; Sa-Su 09:00-21:00
13308271668,node,Nailed It,Aleja Rzeczypospolitej 24,Wilanów,,,Beauty salon; Nails;Eyelash,Unknown,,,52.1677702,21.0691706,OpenStreetMap / Overpass API,https://www.openstreetmap.org/node/13308271668,
12302147217,node,Nusa Spa,Aleja Rzeczypospolitej 6,Wilanów,,,Massage,Unknown,,,52.1583899,21.0753752,OpenStreetMap / Overpass API,https://www.openstreetmap.org/node/12302147217,Mo-Su 12:00-22:00
13308186572,node,O Włos!,Aleja Rzeczypospolitej 17,Wilanów,,,Hairdresser,Unknown,,,52.1626344,21.0702126,OpenStreetMap / Overpass API,https://www.openstreetmap.org/node/13308186572,
6738523912,node,One Nails,Wiertnicza 115,Wilanów,,,Beauty salon; Nails,Unknown,,,52.1751505,21.0773077,OpenStreetMap / Overpass API,https://www.openstreetmap.org/node/6738523912,
11795796531,node,Perfect Body,,Wilanów,,,Beauty salon; Tanning;Aesthetic;Skin Care,Unknown,,,52.156814,21.0782676,OpenStreetMap / Overpass API,https://www.openstreetmap.org/node/11795796531,Mo-Fr 10:00-21:00
11795829211,node,Revival Clinic,,Wilanów,,,Beauty salon; Cosmetics;Aesthetic;Hair Removal;Waxing;Laser Hair Removal;Massage,Unknown,,,52.1581018,21.079898,OpenStreetMap / Overpass API,https://www.openstreetmap.org/node/11795829211,Mo-Fr 09:00-20:00; Sa 09:00-15:00
4704417761,node,Salon Venus,,Wilanów,+48600945060,https://venussalon.pl,Beauty salon,Unknown,,,52.1750033,21.1132,OpenStreetMap / Overpass API,https://www.openstreetmap.org/node/4704417761,
11109623015,node,Santhiya,Kazachska 7,Wilanów,,,Beauty salon; Nails;Hair;Cosmetics;Massage;Spa,Unknown,,,52.1586702,21.082352,OpenStreetMap / Overpass API,https://www.openstreetmap.org/node/11109623015,Mo-Fr 09:00-21:00; Sa 09:00-16:00
12302227013,node,She Day Spa,"Herbu Janina 3U1, 02-972 Warszawa",Wilanów,,,Beauty salon; Nails;Spa;Hair,Unknown,,,52.1539299,21.0806325,OpenStreetMap / Overpass API,https://www.openstreetmap.org/node/12302227013,Mo-Fr 09:00-21:00; Sa 09:00-18:00
13308063829,node,Skin & Health,Aleja Rzeczypospolitej 6,Wilanów,,,Beauty salon; Aesthetic;Cosmetics;Tanning,Unknown,,,52.158242,21.0759497,OpenStreetMap / Overpass API,https://www.openstreetmap.org/node/13308063829,Mo-Fr 12:00-20:00; Sa 10:00-15:00
11795829203,node,Skin Concept,,Wilanów,,,Beauty salon; Skin Care;Cosmetics;Aesthetic,Unknown,,,52.1575132,21.0778056,OpenStreetMap / Overpass API,https://www.openstreetmap.org/node/11795829203,Mo-Fr 09:00-20:00; Sa 09:00-13:00
11795829205,node,Skinclub,,Wilanów,,,Beauty salon; Hair Removal,Unknown,,,52.1576746,21.0781023,OpenStreetMap / Overpass API,https://www.openstreetmap.org/node/11795829205,Mo-Sa 08:00-21:00; Su 09:00-19:00
11469070759,node,Sky Clinic,Marconich 3,Wilanów,,,Beauty salon,Unknown,,,52.1697705,21.0742369,OpenStreetMap / Overpass API,https://www.openstreetmap.org/node/11469070759,Mo-Fr 09:00-20:00; Sa 10:00-16:00
11795829201,node,Studio Lakier,,Wilanów,,,Beauty salon; Nails,Unknown,,,52.1574299,21.0775026,OpenStreetMap / Overpass API,https://www.openstreetmap.org/node/11795829201,Mo-Fr 10:00-20:00; Sa 09:00-16:00
12302227017,node,Thaim by Tajskie Spa,Adama Branickiego 14/34,Wilanów,+48221212160,,Massage,Unknown,,,52.156508,21.0750859,OpenStreetMap / Overpass API,https://www.openstreetmap.org/node/12302227017,Mo-Su 11:00-22:00
13308295783,node,The Roses,Aleja Rzeczypospolitej 20,Wilanów,,,Hairdresser,Unknown,,,52.1661703,21.0697731,OpenStreetMap / Overpass API,https://www.openstreetmap.org/node/13308295783,Tu-Fr 10:00-20:00; Sa 10:00-19:00
13308201025,node,Time For Wax & Laser,Aleja Rzeczypospolitej 23,Wilanów,,,Beauty salon; Hair Removal;Waxing;Laser Hair Removal,Unknown,,,52.164446,21.0690206,OpenStreetMap / Overpass API,https://www.openstreetmap.org/node/13308201025,Mo-Fr 10:00-21:00; Oct-Mar Sa 10:00-16:00; Apr-Sep Sa 09:00-17:00
13308271664,node,Top League,Aleja Rzeczypospolitej 24D,Wilanów,,,Hairdresser; Barber,Unknown,,,52.1680035,21.0690908,OpenStreetMap / Overpass API,https://www.openstreetmap.org/node/13308271664,Mo-Fr 12:00-20:00; Sa 10:00-18:00
13308301348,node,Trang Nail,Aleja Rzeczypospolitej 18,Wilanów,,,Beauty salon; Nails,Unknown,,,52.165188,21.0702543,OpenStreetMap / Overpass API,https://www.openstreetmap.org/node/13308301348,Mo-Fr 09:30-19:30; Sa 09:30-18:00; Su 10:00-16:00
11660044129,node,Virgo Contour,,Wilanów,,,Beauty salon,Unknown,,,52.1697085,21.0635522,OpenStreetMap / Overpass API,https://www.openstreetmap.org/node/11660044129,Mo-Fr 09:00-17:00
11181372618,node,Yoazo,Przyczółkowa 223,Wilanów,,,Beauty salon; Aesthetic;Hair Removal;Cosmetics,Unknown,,,52.1483684,21.0916107,OpenStreetMap / Overpass API,https://www.openstreetmap.org/node/11181372618,Mo-Fr 10:00-20:00; Sa 10:00-16:00
13308201047,node,Świetny Salonik,Aleja Rzeczypospolitej 31,Wilanów,,,Hairdresser,Unknown,,,52.1679907,21.0681884,OpenStreetMap / Overpass API,https://www.openstreetmap.org/node/13308201047,Mo-Fr 09:00-20:00; Sa 09:00-15:00
10579905675,node,# by Maliszewski,Chłodna 2/18,Wola,,,Hairdresser,Unknown,,,52.2379267,20.9908166,OpenStreetMap / Overpass API,https://www.openstreetmap.org/node/10579905675,
8344221543,node,18 Barber Shop,Złota 65,Wola,,,Hairdresser,Unknown,,,52.2298615,20.9982476,OpenStreetMap / Overpass API,https://www.openstreetmap.org/node/8344221543,
8518890436,node,2Z Studio,Grzybowska 61,Wola,+48668088028,https://2zstudio.com,Beauty salon; Nails;Hair;Eyelash;Eyebrow;Massage,Unknown,,,52.2333441,20.9870162,OpenStreetMap / Overpass API,https://www.openstreetmap.org/node/8518890436,Mo-Sa 10:00-21:00; Su 10:00-15:00
10899734737,node,4 Hands,Chmielna 73B,Wola,,,Beauty salon; Nails,Unknown,,,52.2278553,20.9952815,OpenStreetMap / Overpass API,https://www.openstreetmap.org/node/10899734737,
12115529334,node,4Mani,Płocka 17,Wola,,,Beauty salon,Unknown,,,52.2326931,20.9655388,OpenStreetMap / Overpass API,https://www.openstreetmap.org/node/12115529334,
8419817819,node,8F,Waliców 19,Wola,,,Beauty salon; Nails;Aesthetic;Massage;Eyelash;Eyebrow;Hair Removal;Laser Hair Removal,Unknown,,,52.2361981,20.9912552,OpenStreetMap / Overpass API,https://www.openstreetmap.org/node/8419817819,Mo-Fr 10:00-20:00; Sa 11:00-19:00; Su 12:00-20:00
11114123173,node,A&M gabinet kosmetologii,,Wola,,,Beauty salon,Unknown,,,52.2208931,20.9307656,OpenStreetMap / Overpass API,https://www.openstreetmap.org/node/11114123173,
9920658047,node,A&P Metamorfosi,,Wola,,,Hairdresser,Unknown,,,52.2228144,20.9398755,OpenStreetMap / Overpass API,https://www.openstreetmap.org/node/9920658047,
7947787209,node,AddVoCut,Chmielna 98,Wola,,,Hairdresser,Unknown,,,52.2293037,21.0001427,OpenStreetMap / Overpass API,https://www.openstreetmap.org/node/7947787209,Mo-Fr 08:00-22:00; Sa 08:00-17:00
9448371118,node,ADRI studio,,Wola,,,Beauty salon,Unknown,,,52.2239644,20.9474605,OpenStreetMap / Overpass API,https://www.openstreetmap.org/node/9448371118,
10871374670,node,Adrian Szymański,Aleja Jana Pawła II 41A,Wola,,,Hairdresser,Unknown,,,52.2427503,20.9921281,OpenStreetMap / Overpass API,https://www.openstreetmap.org/node/10871374670,
9977827452,node,Akademia Urody,Jana Olbrachta 29,Wola,,,Hairdresser,Unknown,,,52.2335988,20.9293808,OpenStreetMap / Overpass API,https://www.openstreetmap.org/node/9977827452,Mo-Fr 08:00-20:00; Sa 10:00-15:00
4549417437,node,Alice in HairLand,"Górczewska 41, 01-144 Warszawa",Wola,,,Hairdresser,Unknown,,,52.2374181,20.9602907,OpenStreetMap / Overpass API,https://www.openstreetmap.org/node/4549417437,Tu-Fr 13:00-21:00; Sa 12:30-16:00
9833915853,node,Alicja,Platynowa 8,Wola,,,Hairdresser,Unknown,,,52.2265383,20.9893822,OpenStreetMap / Overpass API,https://www.openstreetmap.org/node/9833915853,Mo-Fr 09:00-19:00; Sa 09:00-15:00
13017555278,node,Amabase,Miedziana 6,Wola,,,Cosmetics,Unknown,,,52.2285316,20.9910439,OpenStreetMap / Overpass API,https://www.openstreetmap.org/node/13017555278,
12531535995,node,Amber Barber,Aleja Prymasa Tysiąclecia 83A,Wola,,,Hairdresser; Barber,Unknown,,,52.2259416,20.957057,OpenStreetMap / Overpass API,https://www.openstreetmap.org/node/12531535995,10:00-21:00
9817526479,node,Ananas Beauty Room,Brylowska 6,Wola,,,Beauty salon; Nails;Eyebrow;Cosmetics,Unknown,,,52.2241063,20.9692954,OpenStreetMap / Overpass API,https://www.openstreetmap.org/node/9817526479,
13883714469,node,Ananta,,Wola,,,Beauty salon,Unknown,,,52.2576779,20.9801395,OpenStreetMap / Overpass API,https://www.openstreetmap.org/node/13883714469,
11018077125,node,Aneste,,Wola,+48507376289,,Beauty salon,Unknown,,,52.2239901,20.9443531,OpenStreetMap / Overpass API,https://www.openstreetmap.org/node/11018077125,Mo-Fr 10:00-20:00; Sa 10:00-15:00
4195378192,node,Anna,"Prosta 2/14, 00-850 Warszawa",Wola,,,Beauty salon; Cosmetics;Nails,Unknown,,,52.2328235,20.9949763,OpenStreetMap / Overpass API,https://www.openstreetmap.org/node/4195378192,"Mo-Fr 10:00-20:00;Sa ""on appointment"""
8853279917,node,Anna Igiełka,Górczewska 24,Wola,+48792290307,,Beauty salon; Skin Care;Nails;Cosmetics,Unknown,,,52.2379522,20.9611938,OpenStreetMap / Overpass API,https://www.openstreetmap.org/node/8853279917,Mo-Fr 09:00-20:00; Sa 08:00-15:00
10295397991,node,Anna Stępień,Jaktorowska 8,Wola,,,Beauty salon; Cosmetics;Nails;Hair Removal,Unknown,,,52.2346078,20.9771957,OpenStreetMap / Overpass API,https://www.openstreetmap.org/node/10295397991,
9922851884,node,Arcobaleno,,Wola,+48577301003,,Beauty salon,Unknown,,,52.2242295,20.9461515,OpenStreetMap / Overpass API,https://www.openstreetmap.org/node/9922851884,Mo-Fr 10:00-20:00; Sa-Su 10:00-18:00
10871141395,node,Arkadius,Towarowa 35,Wola,,,Beauty salon,Unknown,,,52.2346216,20.9802586,OpenStreetMap / Overpass API,https://www.openstreetmap.org/node/10871141395,
13075430825,node,Art Zona,,Wola,+48530424315,,Beauty salon; Nails,Unknown,,,52.2216051,20.9343479,OpenStreetMap / Overpass API,https://www.openstreetmap.org/node/13075430825,08:00-21:00
10077880527,node,Artègo,Grzybowska 90,Wola,,,Hairdresser,Unknown,,,52.2331871,20.9809466,OpenStreetMap / Overpass API,https://www.openstreetmap.org/node/10077880527,
9452853317,node,Atelier,,Wola,,,Hairdresser,Unknown,,,52.2223453,20.9402797,OpenStreetMap / Overpass API,https://www.openstreetmap.org/node/9452853317,Mo-Fr 09:00-20:00; Sa 09:00-15:00
11412809610,node,Atelier Kosmetyczne,,Wola,,,Beauty salon,Unknown,,,52.2312946,20.9339615,OpenStreetMap / Overpass API,https://www.openstreetmap.org/node/11412809610,
5790686631,node,AURA,"Jana Kazimierza 11B, 01-248 Warszawa",Wola,,,Beauty salon; Nails,Unknown,,,52.2243381,20.9486969,OpenStreetMap / Overpass API,https://www.openstreetmap.org/node/5790686631,
12531626666,node,Aurum Beauty,Marcina Kasprzaka 29,Wola,,,Beauty salon; Eyelash;Eyebrow,Unknown,,,52.2274673,20.9549978,OpenStreetMap / Overpass API,https://www.openstreetmap.org/node/12531626666,09:00-20:00
13287710134,node,Babalab,Kolejowa 49A,Wola,,,Beauty salon; Hair Removal;Cosmetics;Aesthetic;Waxing;Laser Hair Removal,Unknown,,,52.2277539,20.9831684,OpenStreetMap / Overpass API,https://www.openstreetmap.org/node/13287710134,
11948174071,node,Bagart,Chłodna 52,Wola,,,Hairdresser,Unknown,,,52.2365888,20.9841758,OpenStreetMap / Overpass API,https://www.openstreetmap.org/node/11948174071,Mo-Fr 08:00-20:00; Sa 08:00-16:00
1039573230,way,Bao Anh,"Aleja „Solidarności” 125B, 00-897 Warszawa",Wola,,,Beauty salon; Nails,Unknown,,,52.2412487,20.9925039,OpenStreetMap / Overpass API,https://www.openstreetmap.org/way/1039573230,Mo-Sa 09:00-20:00; Su 10:00-17:00
12140569601,node,Barber 24,Żelazna 89,Wola,,,Hairdresser,Unknown,,,52.2390897,20.9874311,OpenStreetMap / Overpass API,https://www.openstreetmap.org/node/12140569601,Mo-Fr 10:00-19:00; Sa 10:00-15:00
10788306791,node,Barber Garage,Żelazna 51/53,Wola,,,Hairdresser,Unknown,,,52.2325979,20.9916686,OpenStreetMap / Overpass API,https://www.openstreetmap.org/node/10788306791,
12531556781,node,Barberdzik,Stańczyka 4,Wola,,,Hairdresser; Barber,Unknown,,,52.2222938,20.9571636,OpenStreetMap / Overpass API,https://www.openstreetmap.org/node/12531556781,
9439539717,node,Barbershop Syndicate Warsaw,,Wola,,,Hairdresser,Unknown,,,52.2255709,20.9513109,OpenStreetMap / Overpass API,https://www.openstreetmap.org/node/9439539717,Mo-Fr 10:00-20:00; Sa 10:00-18:00
9922856380,node,Barbershop Unlimited,,Wola,,,Hairdresser; Barber,Unknown,,,52.2249357,20.9524573,OpenStreetMap / Overpass API,https://www.openstreetmap.org/node/9922856380,10:00-21:00
11787396648,node,Bartek Janusz Arka,Grzybowska 43A,Wola,,,Hairdresser,Unknown,,,52.2337032,20.9923605,OpenStreetMap / Overpass API,https://www.openstreetmap.org/node/11787396648,
13571123502,node,BBeauty,,Wola,,,Beauty salon,Unknown,,,52.2221917,20.9346758,OpenStreetMap / Overpass API,https://www.openstreetmap.org/node/13571123502,
10871244507,node,Be Unique,Przyokopowa 43,Wola,,,Beauty salon,Unknown,,,52.2336571,20.9803821,OpenStreetMap / Overpass API,https://www.openstreetmap.org/node/10871244507,Mo-Sa 08:00-20:00
2415841879,node,Beauties,"Złota 65, Warszawa",Wola,,,Beauty salon; Cosmetics;Hair Removal;Eyelash;Eyebrow;Nails,Unknown,,,52.2298209,20.9980663,OpenStreetMap / Overpass API,https://www.openstreetmap.org/node/2415841879,
12977977031,node,Beautish,Ludwiki 4B,Wola,,,Beauty salon; Nails;Hair;Eyebrow,Unknown,,,52.2315042,20.9641351,OpenStreetMap / Overpass API,https://www.openstreetmap.org/node/12977977031,Mo-Fr 10:00-20:00; Sa-Su 10:00-18:00
11210511475,node,Beauty Boss,Żelazna 67,Wola,,,Beauty salon; Nails,Unknown,,,52.2352222,20.9902149,OpenStreetMap / Overpass API,https://www.openstreetmap.org/node/11210511475,
11210511491,node,Beauty Center KM,Żelazna 67,Wola,,,Beauty salon; Nails;Cosmetics;Hair;Eyebrow;Eyelash;Massage;Hair Removal,Unknown,,,52.2355781,20.9894529,OpenStreetMap / Overpass API,https://www.openstreetmap.org/node/11210511491,09:00-20:00
12254565358,node,Beauty Clinic,,Wola,,,Beauty salon,Unknown,,,52.2214008,20.9289683,OpenStreetMap / Overpass API,https://www.openstreetmap.org/node/12254565358,
4588165292,node,Beauty Club,Jana Długosza 19,Wola,+48607037385,,Beauty salon; Nails;Cosmetics,Unknown,,,52.2406296,20.970151,OpenStreetMap / Overpass API,https://www.openstreetmap.org/node/4588165292,Mo-Fr 10:00-18:00; Sa 10:00-14:00
10775974940,node,Beauty Coworking,Kolejowa 45A,Wola,,,Beauty salon,Unknown,,,52.2269755,20.9816152,OpenStreetMap / Overpass API,https://www.openstreetmap.org/node/10775974940,Mo-Fr 09:00-21:00; Sa-Su 10:00-20:00
9804261661,node,Beauty Fabric,Łucka 18,Wola,,,Beauty salon; Cosmetics;Hair;Aesthetic,Unknown,,,52.2324605,20.9875426,OpenStreetMap / Overpass API,https://www.openstreetmap.org/node/9804261661,
10775974970,node,Beauty Fam,"Kolejowa 45, Warszawa",Wola,,,Beauty salon; Nails;Skin Care;Aesthetic,Unknown,,,52.2260373,20.9819552,OpenStreetMap / Overpass API,https://www.openstreetmap.org/node/10775974970,Mo-Sa 12:00-20:00
11983587400,node,Beauty Home,Aleja Prymasa Tysiąclecia 74B,Wola,,,Beauty salon,Unknown,,,52.2403832,20.9576198,OpenStreetMap / Overpass API,https://www.openstreetmap.org/node/11983587400,Mo-Fr 08:00-21:00; Sa-Su 10:00-21:00
9839245655,node,Beauty Mania,Żelazna 31,Wola,,,Nails;Cosmetics,Unknown,,,52.2286846,20.993849,OpenStreetMap / Overpass API,https://www.openstreetmap.org/node/9839245655,Mo-Fr 10:00-20:00
13784620318,node,Beauty Room,Burakowska 16,Wola,,,Beauty salon; Aesthetic;Hair Removal;Laser Hair Removal;Cosmetics;Nails,Unknown,,,52.2570045,20.977966,OpenStreetMap / Overpass API,https://www.openstreetmap.org/node/13784620318,Mo-Fr 09:30-20:00; Sa 10:00-18:00
10673757305,node,Beauty Square,Kolejowa 49A,Wola,,,Beauty salon; Aesthetic;Nails;Cosmetics;Hair,Unknown,,,52.227753,20.9836302,OpenStreetMap / Overpass API,https://www.openstreetmap.org/node/10673757305,Mo-Fr 10:00-21:00; Sa 10:00-16:00
12140529300,node,Beauty Studio Nails,Żelazna 76,Wola,,,Beauty salon; Nails,Unknown,,,52.2382606,20.9887237,OpenStreetMap / Overpass API,https://www.openstreetmap.org/node/12140529300,Mo-Sa 09:00-19:00; Su 09:00-17:00
10540079895,node,Beauty Zoom,Grzybowska 80/82,Wola,,,Beauty salon; Aesthetic,Unknown,,,52.2337127,20.9831662,OpenStreetMap / Overpass API,https://www.openstreetmap.org/node/10540079895,Mo-Fr 09:00-20:00; Sa 09:00-16:00
11969315568,node,Beautylapki Court,Łucka 2/4/6,Wola,,,Beauty salon; Nails,Unknown,,,52.2331928,20.9903785,OpenStreetMap / Overpass API,https://www.openstreetmap.org/node/11969315568,
9799238760,node,Become Natural,Sienna 55,Wola,,,Beauty salon; Aesthetic,Unknown,,,52.2311345,20.998451,OpenStreetMap / Overpass API,https://www.openstreetmap.org/node/9799238760,
11010653567,node,Black Bear Barbershop,Jana Kazimierza 47,Wola,+48606557984,,Hairdresser,Unknown,,,52.2216621,20.9356245,OpenStreetMap / Overpass API,https://www.openstreetmap.org/node/11010653567,"""Pon-Sb: po uzgodnieniu terminu"""
11652761471,node,Blissful Massage,"Wolność 7, Warszawa",Wola,+48731029146,https://blissfulmassagewarsaw.com,Massage,Unknown,,,52.2413832,20.9802146,OpenStreetMap / Overpass API,https://www.openstreetmap.org/node/11652761471,Mo-Su 10:30-05:00
4339396994,node,Body Sense,Chłodna 52,Wola,,,Massage,Unknown,,,52.2362283,20.9839734,OpenStreetMap / Overpass API,https://www.openstreetmap.org/node/4339396994,12:00-22:00
8419817821,node,Body&Spirit Care Studio,,Wola,+48518855252,,Beauty salon,Unknown,,,52.2368232,20.9904779,OpenStreetMap / Overpass API,https://www.openstreetmap.org/node/8419817821,Mo-Su 08:00-23:00
12451110268,node,BS,Górczewska 17C,Wola,,,Beauty salon; Nails;Tanning;Eyelash,Unknown,,,52.2368339,20.9663955,OpenStreetMap / Overpass API,https://www.openstreetmap.org/node/12451110268,Mo-Sa 09:00-19:30
8981030461,node,by Juźwin,Krochmalna 61,Wola,+48723740466,,Beauty salon; Nails,Unknown,,,52.2352849,20.9858162,OpenStreetMap / Overpass API,https://www.openstreetmap.org/node/8981030461,Mo-Fr 10:00-20:00; Sa-Su 10:00-18:00
8854110417,node,Calista,Icchoka Lejba Pereca 2,Wola,+48224237631,,Hairdresser,Unknown,,,52.2343272,20.9962652,OpenStreetMap / Overpass API,https://www.openstreetmap.org/node/8854110417,
10998234429,node,Carolina Beauty Clinic,,Wola,,,Beauty salon,Unknown,,,52.2415436,20.9346977,OpenStreetMap / Overpass API,https://www.openstreetmap.org/node/10998234429,
4095857870,node,Cech Fryzjerów Warszawa,Krochmalna 2,Wola,,,Hairdresser,Unknown,,,52.2373905,20.99493,OpenStreetMap / Overpass API,https://www.openstreetmap.org/node/4095857870,
4959577527,node,Chez Pierre,,Wola,,,Hairdresser,Unknown,,,52.2395554,20.981682,OpenStreetMap / Overpass API,https://www.openstreetmap.org/node/4959577527,
13784620319,node,Chloe Clinic,Burakowska 16,Wola,,,Beauty salon; Cosmetics;Aesthetic,Unknown,,,52.2570211,20.9780405,OpenStreetMap / Overpass API,https://www.openstreetmap.org/node/13784620319,"Mo-Fr 11:00-20:00;Sa ""on appointment"""
11208052596,node,Choice,Marcina Kasprzaka 29,Wola,+48530163501,,Beauty salon; Nails;Eyebrow;Eyelash,Unknown,,,52.2271339,20.9565248,OpenStreetMap / Overpass API,https://www.openstreetmap.org/node/11208052596,10:00-20:00
3813863169,node,Christine,,Wola,,,Hairdresser,Unknown,,,52.2466658,20.9473162,OpenStreetMap / Overpass API,https://www.openstreetmap.org/node/3813863169,
11948345336,node,Ciało By Się,Ogrodowa 3,Wola,,,Massage,Unknown,,,52.2400202,20.9933602,OpenStreetMap / Overpass API,https://www.openstreetmap.org/node/11948345336,Mo-Fr 08:00-21:00; Sa 10:00-18:00
4794748928,node,Coco,Marcina Kasprzaka 24A,Wola,,,Beauty salon,Unknown,,,52.2291638,20.9681558,OpenStreetMap / Overpass API,https://www.openstreetmap.org/node/4794748928,Mo-Fr 10:00-20:00; Sa 09:00-14:00
10702462230,node,Conception Ideale N⁰2,Krochmalna 54,Wola,,,Beauty salon; Hair,Unknown,,,52.2358798,20.9876881,OpenStreetMap / Overpass API,https://www.openstreetmap.org/node/10702462230,
4959577316,node,Constanza,,Wola,,,Cosmetics,Unknown,,,52.2404765,20.9810148,OpenStreetMap / Overpass API,https://www.openstreetmap.org/node/4959577316,
13089509891,node,Constanza,Skierniewicka 34,Wola,,,Cosmetics,Unknown,,,52.2329186,20.9687268,OpenStreetMap / Overpass API,https://www.openstreetmap.org/node/13089509891,Mo-Fr 09:00-17:00; Sa off
12687854506,node,Corner,Siedmiogrodzka 3,Wola,,,Beauty salon; Nails;Hair;Eyebrow;Eyelash;Cosmetics,Unknown,,,52.2316323,20.9742639,OpenStreetMap / Overpass API,https://www.openstreetmap.org/node/12687854506,09:00-21:00
9804261662,node,Cosibella,Łucka 18,Wola,,,Cosmetics,Unknown,,,52.2324414,20.9874587,OpenStreetMap / Overpass API,https://www.openstreetmap.org/node/9804261662,Mo-Fr 09:00-21:00; Sa-Su 10:00-18:00
4245130892,node,Crew Barbershop,Prosta 70,Wola,,,Hairdresser,Unknown,,,52.2298528,20.9794933,OpenStreetMap / Overpass API,https://www.openstreetmap.org/node/4245130892,10:00-21:00
6350181919,node,Cut Mission,"Grzybowska 47A, 00-844 Warszawa",Wola,,,Hairdresser,Unknown,,,52.2343358,20.9895918,OpenStreetMap / Overpass API,https://www.openstreetmap.org/node/6350181919,
10865524041,node,Câlinerie,Aleja Jana Pawła II 65,Wola,,,Beauty salon; Nails,Unknown,,,52.2501873,20.9857871,OpenStreetMap / Overpass API,https://www.openstreetmap.org/node/10865524041,
10295397990,node,Dandys,Jaktorowska 8,Wola,,,Hairdresser; Barber,Unknown,,,52.2345408,20.9772115,OpenStreetMap / Overpass API,https://www.openstreetmap.org/node/10295397990,
9839245659,node,Dariusz Wolski,Żelazna 31,Wola,,,Hairdresser,Unknown,,,52.2286545,20.9937975,OpenStreetMap / Overpass API,https://www.openstreetmap.org/node/9839245659,
8588924068,node,Daya,"Żelazna 76, 00-894 Warszawa",Wola,,,Cosmetics,Unknown,,,52.2380154,20.9889143,OpenStreetMap / Overpass API,https://www.openstreetmap.org/node/8588924068,Mo-Fr 10:00-19:00; Sa 10:00-17:00
9448457417,node,Deerar Studio,,Wola,,,Beauty salon; Nails,Unknown,,,52.2247177,20.9441963,OpenStreetMap / Overpass API,https://www.openstreetmap.org/node/9448457417,
10865790810,node,Deluxe,Aleja Jana Pawła II 43A,Wola,,,Hairdresser,Unknown,,,52.2433728,20.9916605,OpenStreetMap / Overpass API,https://www.openstreetmap.org/node/10865790810,Mo-Fr 10:00-20:00; Sa 10:00-19:00
13627069847,node,DepiPlanet,,Wola,,,Beauty salon,Unknown,,,52.2308118,20.9333465,OpenStreetMap / Overpass API,https://www.openstreetmap.org/node/13627069847,
9388957917,node,Derma Life,,Wola,,,Beauty salon,Unknown,,,52.2302057,20.9545247,OpenStreetMap / Overpass API,https://www.openstreetmap.org/node/9388957917,
11014347956,node,Derma Trichos,Giełdowa 4D,Wola,,,Beauty salon; Cosmetics;Massage;Skin Care,Unknown,,,52.231533,20.9763219,OpenStreetMap / Overpass API,https://www.openstreetmap.org/node/11014347956,Mo-Fr 09:00-21:00; Sa 09:00-15:00
13705683948,node,Dethloff Clinic,Aleja Jana Pawła II 71,Wola,,,Beauty salon,Unknown,,,52.252772,20.9833254,OpenStreetMap / Overpass API,https://www.openstreetmap.org/node/13705683948,
10775974958,node,Diart Studio,Kolejowa 47A,Wola,,,Beauty salon; Nails;Eyebrow;Eyelash;Hair,Unknown,,,52.22723,20.9827003,OpenStreetMap / Overpass API,https://www.openstreetmap.org/node/10775974958,Mo-Sa 09:00-19:00
12115400780,node,Do Lampki,Skierniewicka 34,Wola,,,Beauty salon; Nails,Unknown,,,52.2330943,20.9691891,OpenStreetMap / Overpass API,https://www.openstreetmap.org/node/12115400780,
9806896169,node,Dobre Ręce,Złota 68,Wola,,,Hairdresser,Unknown,,,52.2299974,20.9975273,OpenStreetMap / Overpass API,https://www.openstreetmap.org/node/9806896169,Mo-Fr 09:00-19:00; Sa 10:00-15:00
5284442161,node,Domino,Górczewska 17B,Wola,,,Hairdresser; Barber,Unknown,,,52.2367076,20.9669046,OpenStreetMap / Overpass API,https://www.openstreetmap.org/node/5284442161,"Fr 11:00-22:00; Sa 09:00-16:00; Mo-We ""on appointment"""
9906357142,node,Dorette,,Wola,+48226321358,,Hairdresser,Unknown,,,52.2397758,20.9676368,OpenStreetMap / Overpass API,https://www.openstreetmap.org/node/9906357142,Mo-Fr 09:00-19:00; Sa 09:00-15:00; Su off
7021637089,node,Dorothy,,Wola,,,Hairdresser,Unknown,,,52.2227668,20.939917,OpenStreetMap / Overpass API,https://www.openstreetmap.org/node/7021637089,Mo-Fr 10:00-20:00; Sa 10:00-15:00
10788306790,node,Dr Irena Eris,Żelazna 51/53,Wola,,,Cosmetics,Unknown,,,52.2326915,20.9916114,OpenStreetMap / Overpass API,https://www.openstreetmap.org/node/10788306790,Mo-Sa 10:00-20:00
12531535994,node,Duna,Aleja Prymasa Tysiąclecia 83A,Wola,,,Hairdresser; Barber,Unknown,,,52.2255853,20.9571639,OpenStreetMap / Overpass API,https://www.openstreetmap.org/node/12531535994,09:00-21:00
12842444488,node,Easy Pro,Wolska 68/72,Wola,,,Cosmetics,Unknown,,,52.2331622,20.9625467,OpenStreetMap / Overpass API,https://www.openstreetmap.org/node/12842444488,Mo-Fr 08:30-18:00; Sa 10:00-14:00
7787587342,node,Easy Waxing,Grzybowska 39,Wola,,,Beauty salon; Hair Removal;Waxing;Nails,Unknown,,,52.2343554,20.9940523,OpenStreetMap / Overpass API,https://www.openstreetmap.org/node/7787587342,Mo-Fr 09:00-21:00; Sa 09:00-19:00
9922891568,node,Eco Beauty Salon,,Wola,,https://ecobeautysalon.pl,Beauty salon,Unknown,,,52.22545,20.9508534,OpenStreetMap / Overpass API,https://www.openstreetmap.org/node/9922891568,Mo-Fr 10:00-21:00; Sa 10:00-15:00; Su off
3283572204,node,Efektownia Wola,Sebastiana Klonowicza 2,Wola,,,Beauty salon,Unknown,,,52.2287605,20.962543,OpenStreetMap / Overpass API,https://www.openstreetmap.org/node/3283572204,
4558553208,node,Ego,"Młynarska 29, 01-175 Warszawa",Wola,,,Beauty salon,Unknown,,,52.2385574,20.9711742,OpenStreetMap / Overpass API,https://www.openstreetmap.org/node/4558553208,Mo-Fr 08:30-19:30; Sa 09:00-15:00
9442440617,node,ElBeautyKa,,Wola,,,Beauty salon; Nails,Unknown,,,52.2214843,20.9295953,OpenStreetMap / Overpass API,https://www.openstreetmap.org/node/9442440617,
5286449334,node,Elegante,"Juliana Konstantego Ordona 12, 01-237 Warszawa",Wola,,,Beauty salon,Unknown,,,52.2254194,20.9518721,OpenStreetMap / Overpass API,https://www.openstreetmap.org/node/5286449334,Mo-Fr 09:00-20:00; Sa 08:00-16:00
10775974956,node,Eleon Clinic,Kolejowa 47A,Wola,,,Beauty salon; Massage;Skin Care;Aesthetic;Hair Removal,Unknown,,,52.2271047,20.983051,OpenStreetMap / Overpass API,https://www.openstreetmap.org/node/10775974956,
10749023553,node,Elle Beauty,,Wola,,,Beauty salon,Unknown,,,52.2255655,20.9528233,OpenStreetMap / Overpass API,https://www.openstreetmap.org/node/10749023553,
9959573114,node,Emily Beauty Bar,,Wola,,,Beauty salon,Unknown,,,52.2350116,20.9754318,OpenStreetMap / Overpass API,https://www.openstreetmap.org/node/9959573114,Mo-Sa 08:00-21:00; Su 09:00-21:00
1087027767,way,Emily Nails,,Wola,,,Beauty salon; Nails;Hair,Unknown,,,52.2351913,20.976474,OpenStreetMap / Overpass API,https://www.openstreetmap.org/way/1087027767,Mo-Fr 09:00-20:00; Sa-Su 09:00+
11210511496,node,Emte,Żelazna 69A,Wola,,,Beauty salon; Eyelash,Unknown,,,52.2356084,20.9889782,OpenStreetMap / Overpass API,https://www.openstreetmap.org/node/11210511496,"Mo-Su ""on appointment"""
8429400739,node,Epicuts,,Wola,+48736655630,https://booksy.com/pl-pl/21107_salvador-barbershop_barber-shop_3_warszawa,Hairdresser,Unknown,,,52.2210835,20.9299798,OpenStreetMap / Overpass API,https://www.openstreetmap.org/node/8429400739,
11948345339,node,Esteti-Med,Ogrodowa 7,Wola,,,Beauty salon; Cosmetics;Hair Removal;Laser Hair Removal;Skin Care;Aesthetic,Unknown,,,52.2395505,20.9919289,OpenStreetMap / Overpass API,https://www.openstreetmap.org/node/11948345339,Mo-Fr 09:00-21:00; Sa 09:00-17:00
8429268404,node,EstetiCare,Pańska 98,Wola,,,Beauty salon; Aesthetic,Unknown,,,52.2310382,20.9891486,OpenStreetMap / Overpass API,https://www.openstreetmap.org/node/8429268404,
4195294355,node,Esthetic,Karolkowa 30,Wola,,,Beauty salon; Nails,Unknown,,,52.2319358,20.9778661,OpenStreetMap / Overpass API,https://www.openstreetmap.org/node/4195294355,Mo-Sa 09:00-21:00; Su 10:00-18:00
12420960325,node,Esthetic & Med,Jaktorowska 5,Wola,,,Beauty salon; Cosmetics;Aesthetic,Unknown,,,52.2341717,20.9790156,OpenStreetMap / Overpass API,https://www.openstreetmap.org/node/12420960325,
9806896165,node,Esthetic Passion,Złota 70,Wola,,,Beauty salon; Hair Removal;Cosmetics;Aesthetic,Unknown,,,52.2299324,20.997059,OpenStreetMap / Overpass API,https://www.openstreetmap.org/node/9806896165,
9858657829,node,Evy Nail Bar,Złota 63A,Wola,,,Beauty salon,Unknown,,,52.2299802,20.9988581,OpenStreetMap / Overpass API,https://www.openstreetmap.org/node/9858657829,Mo-Fr 09:30-19:00; Sa 10:00-17:00; Su off
9885525743,node,Expert Barber Shop,,Wola,+48507380883,,Hairdresser,Unknown,,,52.2250121,20.9400983,OpenStreetMap / Overpass API,https://www.openstreetmap.org/node/9885525743,Mo-Fr 09:00-20:00; Sa 09:00-17:00
13655206556,node,Expert PMU,"Marcina Kasprzaka 31, 01-234 Warszawa",Wola,+48576246213,https://expertpmu.booksy.com/a,Beauty salon; Cosmetics;Skin Care;Spa,Unknown,,,52.2273181,20.9533526,OpenStreetMap / Overpass API,https://www.openstreetmap.org/node/13655206556,Mo-Su 09:00-21:00
9887792992,node,Eyebar,Wronia 31,Wola,,,Beauty salon,Unknown,,,52.2322179,20.9852557,OpenStreetMap / Overpass API,https://www.openstreetmap.org/node/9887792992,Mo-Fr 10:00-20:00; Sa 09:00-18:00
10295397994,node,Face Zone,Karolkowa 50,Wola,,,Beauty salon; Cosmetics;Aesthetic,Unknown,,,52.2351623,20.9772145,OpenStreetMap / Overpass API,https://www.openstreetmap.org/node/10295397994,
9737949450,node,Fake Bake,Pańska 98,Wola,,,Beauty salon; Tanning,Unknown,,,52.230768,20.9893643,OpenStreetMap / Overpass API,https://www.openstreetmap.org/node/9737949450,Mo-We 09:00-17:00; Th-Fr 10:00-19:00
1147358517,way,Fast Fryzjer,,Wola,,,Hairdresser,Unknown,,,52.2240872,20.9266807,OpenStreetMap / Overpass API,https://www.openstreetmap.org/way/1147358517,
11018104026,node,Fast Line Studio,,Wola,+48571023309,,Beauty salon,Unknown,,,52.2233895,20.9441449,OpenStreetMap / Overpass API,https://www.openstreetmap.org/node/11018104026,Mo-Fr 09:00-21:00; Sa 10:00-18:00
12451110263,node,Fiorentic,Górczewska 25,Wola,,,Beauty salon; Aesthetic;Massage;Nails;Skin Care;Cosmetics,Unknown,,,52.2370807,20.963904,OpenStreetMap / Overpass API,https://www.openstreetmap.org/node/12451110263,
9887792976,node,Fit For Face,Łucka 20,Wola,,,Beauty salon; Massage;Cosmetics,Unknown,,,52.2326751,20.9869425,OpenStreetMap / Overpass API,https://www.openstreetmap.org/node/9887792976,09:00-21:00
12983034501,node,FLY STUDIO,,Wola,,,Beauty salon,Unknown,,,52.2451885,20.9638184,OpenStreetMap / Overpass API,https://www.openstreetmap.org/node/12983034501,
5284443130,node,For You,Hipolita Wawelberga 1,Wola,,,Hairdresser,Unknown,,,52.235542,20.9672853,OpenStreetMap / Overpass API,https://www.openstreetmap.org/node/5284443130,
12029496545,node,Forma,Przyokopowa 33,Wola,,,Hairdresser,Unknown,,,52.2316922,20.9794006,OpenStreetMap / Overpass API,https://www.openstreetmap.org/node/12029496545,
12857143089,node,Fred masimo barbershop,Dzielna 72,Wola,+48507894519,,Hairdresser,Unknown,,,52.2433691,20.9811129,OpenStreetMap / Overpass API,https://www.openstreetmap.org/node/12857143089,Mo-Sa 10:00-20:00; Su 10:00-19:00
13609147801,node,Fryzjer,"Erazma Ciołka 13, 01-445",Wola,+48515547650,,Hairdresser,Unknown,,,52.2421852,20.9448829,OpenStreetMap / Overpass API,https://www.openstreetmap.org/node/13609147801,Mo-Fr 08:00-19:00; Sa 08:00-13:00
13686624702,node,Fryzjer 25,,Wola,,,Hairdresser,Unknown,,,52.2302583,20.941762,OpenStreetMap / Overpass API,https://www.openstreetmap.org/node/13686624702,
4548561728,node,Fryzjer Kosmetyka,,Wola,,,Hairdresser,Unknown,,,52.2400048,20.9378427,OpenStreetMap / Overpass API,https://www.openstreetmap.org/node/4548561728,
9613435218,node,Fryzjer Męski,,Wola,+48510611690,,Hairdresser,Unknown,,,52.2397413,20.9772346,OpenStreetMap / Overpass API,https://www.openstreetmap.org/node/9613435218,Tu-Fr 10:00-18:00; Sa 08:00-12:00; PH closed
12140515802,node,Fryzjerzy na Chłodnej,Żelazna 75A,Wola,,,Hairdresser,Unknown,,,52.2369836,20.9890164,OpenStreetMap / Overpass API,https://www.openstreetmap.org/node/12140515802,Mo-Fr 10:00-21:00; Sa 09:00-15:00
9782508492,node,Fryzoterapia,,Wola,,,Hairdresser,Unknown,,,52.2298327,20.99113,OpenStreetMap / Overpass API,https://www.openstreetmap.org/node/9782508492,Mo-Fr 10:00-19:00
10095740467,node,G Bar,Przyokopowa 26,Wola,,,Beauty salon; Nails;Hair;Cosmetics,Unknown,,,52.2305349,20.9808926,OpenStreetMap / Overpass API,https://www.openstreetmap.org/node/10095740467,Mo-Sa 08:00-20:00; Su 09:00-20:00
9767664068,node,GAD,Miedziana 16,Wola,,,Hairdresser,Unknown,,,52.2301335,20.9903003,OpenStreetMap / Overpass API,https://www.openstreetmap.org/node/9767664068,
9922910877,node,Garik Baghdaryan,,Wola,,,Hairdresser,Unknown,,,52.2273554,20.9528605,OpenStreetMap / Overpass API,https://www.openstreetmap.org/node/9922910877,Mo-Fr 10:00-20:00; Sa 10:00-16:00
7698592353,node,Ginger Nails Studio,,Wola,,,Beauty salon,Unknown,,,52.2253612,20.9495045,OpenStreetMap / Overpass API,https://www.openstreetmap.org/node/7698592353,Mo-Fr 09:00-21:00; Sa 10:00-18:00; Su off
4761737263,node,Glamlab,"Jana Kazimierza 7, 01-248 Warszawa",Wola,,,Beauty salon,Unknown,,,52.2256352,20.949021,OpenStreetMap / Overpass API,https://www.openstreetmap.org/node/4761737263,Mo-Fr 09:00-21:00; Sa 09:00-14:00; Su off
12063401391,node,Gnatyshyn,Marcina Kasprzaka 7,Wola,,,Hairdresser,Unknown,,,52.2286484,20.9735157,OpenStreetMap / Overpass API,https://www.openstreetmap.org/node/12063401391,"Tu-We 13:00-21:00; Th,Sa 09:00-17:00; Fr 12:00-20:00"
10295397993,node,Gold,Karolkowa 50,Wola,,,Hairdresser,Unknown,,,52.2350652,20.9771256,OpenStreetMap / Overpass API,https://www.openstreetmap.org/node/10295397993,
13883715857,node,Golden Razor,,Wola,,,Hairdresser; Barber,Unknown,,,52.2575828,20.9797244,OpenStreetMap / Overpass API,https://www.openstreetmap.org/node/13883715857,
12115400784,node,Golden Sun,Wolska 45,Wola,,,Beauty salon; Tanning,Unknown,,,52.2334493,20.9689268,OpenStreetMap / Overpass API,https://www.openstreetmap.org/node/12115400784,Mo-Fr 12:00-21:00; Sa 11:00-18:00
10977318440,node,Good Vibes,Wronia 45,Wola,,,Beauty salon; Nails,Unknown,,,52.2349933,20.9849215,OpenStreetMap / Overpass API,https://www.openstreetmap.org/node/10977318440,Mo-Fr 09:30-21:00; Sa 09:00-18:00
11014347955,node,Gram of Beauty,Giełdowa 4E,Wola,,,Beauty salon; Nails,Unknown,,,52.2309356,20.9765237,OpenStreetMap / Overpass API,https://www.openstreetmap.org/node/11014347955,Mo-Fr 10:00-21:00; Sa 10:00-18:00
7787587344,node,Grzybowska 39,Grzybowska 39,Wola,,,Hairdresser,Unknown,,,52.2344844,20.9938397,OpenStreetMap / Overpass API,https://www.openstreetmap.org/node/7787587344,Mo-Fr 09:00-19:00; Sa 09:00-15:00
9972925234,node,Hair Derm,Giełdowa 4A,Wola,,,Beauty salon; Hair,Unknown,,,52.230687,20.9749555,OpenStreetMap / Overpass API,https://www.openstreetmap.org/node/9972925234,"""on appointment"""
12115400782,node,Hair Studio,Skierniewicka 36,Wola,,,Hairdresser,Unknown,,,52.2330332,20.9688132,OpenStreetMap / Overpass API,https://www.openstreetmap.org/node/12115400782,Mo-Fr 10:00-21:00; Sa 09:00-19:00
12420960332,node,Hair Studio,Jaktorowska 4,Wola,,,Hairdresser,Unknown,,,52.23452,20.9794741,OpenStreetMap / Overpass API,https://www.openstreetmap.org/node/12420960332,10:00-21:00
3813855604,node,Haircut Express,"Księcia Janusza 23, 01-452 Warszawa",Wola,,http://haircutexpress.pl,Hairdresser,Unknown,,,52.2405383,20.9417066,OpenStreetMap / Overpass API,https://www.openstreetmap.org/node/3813855604,
5379085439,node,Haircut Express,Siedmiogrodzka 1,Wola,,,Hairdresser,Unknown,,,52.2320709,20.9765486,OpenStreetMap / Overpass API,https://www.openstreetmap.org/node/5379085439,Mo-Sa 09:00-21:00; Su 10:00-19:00
8477005639,node,Haircut Express,,Wola,,,Hairdresser,Unknown,,,52.2250086,20.9560645,OpenStreetMap / Overpass API,https://www.openstreetmap.org/node/8477005639,
8920011017,node,Haircut Express,Aleja Jana Pawła II 41A,Wola,,,Hairdresser,Unknown,,,52.2425578,20.9924139,OpenStreetMap / Overpass API,https://www.openstreetmap.org/node/8920011017,Mo-Sa 09:00-21:00; Su 10:00-19:00
9439446620,node,Haircut Express,,Wola,,,Hairdresser,Unknown,,,52.2236523,20.9429211,OpenStreetMap / Overpass API,https://www.openstreetmap.org/node/9439446620,Mo-Sa 09:00-21:00; Su 10:00-19:00
12140467298,node,Haircut Express,Żelazna 75,Wola,,,Hairdresser,Unknown,,,52.2368453,20.9892015,OpenStreetMap / Overpass API,https://www.openstreetmap.org/node/12140467298,Mo-Sa 09:00-21:00; Su 10:00-19:00
10775974973,node,Hairmate,Kolejowa 47,Wola,,,Hairdresser,Unknown,,,52.2262654,20.9830284,OpenStreetMap / Overpass API,https://www.openstreetmap.org/node/10775974973,Mo-Sa 08:00-21:00
12140467297,node,HaMi,Żelazna 75,Wola,,,Beauty salon; Nails,Unknown,,,52.2367897,20.9892344,OpenStreetMap / Overpass API,https://www.openstreetmap.org/node/12140467297,Mo-Fr 09:00-20:00; Sa 10:00-17:00
12531626665,node,HaMi,Marcina Kasprzaka 29,Wola,,,Beauty salon; Nails,Unknown,,,52.2272025,20.9566968,OpenStreetMap / Overpass API,https://www.openstreetmap.org/node/12531626665,Mo-Fr 10:00-20:00; Sa-Su 10:00-17:00
4796210403,node,Hawry Look,Pańska 96,Wola,,,Beauty salon; Nails;Hair;Eyebrow;Cosmetics;Massage,Unknown,,,52.2312039,20.9899265,OpenStreetMap / Overpass API,https://www.openstreetmap.org/node/4796210403,Mo-Fr 10:00-20:00; Sa 09:00-17:00
10775974951,node,Healthy Beauty,"Kolejowa 43, Warszawa",Wola,,,Beauty salon; Cosmetics;Skin Care;Laser Hair Removal;Hair Removal,Unknown,,,52.2257196,20.9802984,OpenStreetMap / Overpass API,https://www.openstreetmap.org/node/10775974951,Mo-Fr 10:00-20:00; Sa-Su 10:00-16:00
10702462228,node,Herhel x Gasanova,Krochmalna 54,Wola,,,Cosmetics,Unknown,,,52.2358375,20.9874868,OpenStreetMap / Overpass API,https://www.openstreetmap.org/node/10702462228,Mo-Sa 10:30-19:00
9806896174,node,Hey Beauty,Sienna 83,Wola,,,Nails;Hair Removal;Cosmetics,Unknown,,,52.2297151,20.9934092,OpenStreetMap / Overpass API,https://www.openstreetmap.org/node/9806896174,Mo-Fr 09:00-20:00; Sa 10:00-19:00
13607523932,node,Hip Hop,,Wola,,,Hairdresser; Barber,Unknown,,,52.2359211,20.9395468,OpenStreetMap / Overpass API,https://www.openstreetmap.org/node/13607523932,
13691831402,node,HoliBody Therapy,Icchoka Lejba Pereca 13/19,Wola,,,Beauty salon,Unknown,,,52.2332272,20.9941098,OpenStreetMap / Overpass API,https://www.openstreetmap.org/node/13691831402,
6329658938,node,Hultaj,,Wola,,,Hairdresser,Unknown,,,52.2254181,20.9529842,OpenStreetMap / Overpass API,https://www.openstreetmap.org/node/6329658938,Mo-Fr 09:00-20:00; Sa 09:00-16:00
8685258667,node,Humans Barber Shop,"Banderii 4/U8, 01-164 Warszawa",Wola,+48602737221,https://booksy.com/pl-pl/114712_humans-barber-shop_barber-shop_3_warszawa,Hairdresser; Barber,Unknown,,,52.2454571,20.9633301,OpenStreetMap / Overpass API,https://www.openstreetmap.org/node/8685258667,Mo-Su 10:00-21:00
10775974962,node,Hype Hair,Kolejowa 45A,Wola,,,Hairdresser,Unknown,,,52.226761,20.9817544,OpenStreetMap / Overpass API,https://www.openstreetmap.org/node/10775974962,
11463362562,node,I'm,Kolejowa 43,Wola,+48792586339,,Beauty salon,Unknown,,,52.226355,20.9804937,OpenStreetMap / Overpass API,https://www.openstreetmap.org/node/11463362562,08:00-21:00
9972925231,node,Idéal Beauty Clinic,Giełdowa 4,Wola,,,Beauty salon,Unknown,,,52.2307793,20.9757485,OpenStreetMap / Overpass API,https://www.openstreetmap.org/node/9972925231,Mo-Fr 08:00-21:00; Sa 10:00-20:00; Su off
9922906222,node,IGRA,,Wola,,,Beauty salon; Nails;Cosmetics,Unknown,,,52.2247287,20.9554063,OpenStreetMap / Overpass API,https://www.openstreetmap.org/node/9922906222,
10998103620,node,Inglot,,Wola,,,Cosmetics,Unknown,,,52.2414007,20.9322917,OpenStreetMap / Overpass API,https://www.openstreetmap.org/node/10998103620,
9448434117,node,Inna Ja,,Wola,,,Hairdresser,Unknown,,,52.2251235,20.9479936,OpenStreetMap / Overpass API,https://www.openstreetmap.org/node/9448434117,
4959577582,node,Instytut Kosmetyczny Babor,,Wola,,,Beauty salon,Unknown,,,52.2403927,20.9810353,OpenStreetMap / Overpass API,https://www.openstreetmap.org/node/4959577582,
10775974943,node,Instytut Trychologii,Kolejowa 45A,Wola,,,Beauty salon; Hair,Unknown,,,52.2268249,20.9809129,OpenStreetMap / Overpass API,https://www.openstreetmap.org/node/10775974943,
4779745147,node,Irena,,Wola,,,Cosmetics,Unknown,,,52.2466808,20.9436844,OpenStreetMap / Overpass API,https://www.openstreetmap.org/node/4779745147,
11210595503,node,Iza Bun,Krochmalna 2,Wola,,,Beauty salon; Aesthetic;Skin Care,Unknown,,,52.2374356,20.994909,OpenStreetMap / Overpass API,https://www.openstreetmap.org/node/11210595503,"Mo-Fr 08:00-20:00; Sa 09:00-15:00; Su ""on appointment"""
8608090105,node,J'adore Instytut,"Żelazna 59, 00-848 Warszawa",Wola,+48690219855,https://jadoreinstytut.com/warszawa,Beauty salon; Hair;Nails;Aesthetic;Mesotherapy;Laser Therapy;Skin Rejuvenation;Hair Removal;Tanning;Waxing;Massage;Hydrofacial;Botox;Asthetic Medicine;Skin Care;Cosmetology,Unknown,,,52.2336463,20.9911071,OpenStreetMap / Overpass API,https://www.openstreetmap.org/node/8608090105,Mo-Fr 08:00-21:00; Sa 09:00-20:00; Su 12:00-19:00
5922871430,node,Jaga Hupało,"Burakowska, 01-066 Warszawa",Wola,+48226366759,https://www.jagahupalo.pl,Hairdresser,Unknown,,,52.2541066,20.9780442,OpenStreetMap / Overpass API,https://www.openstreetmap.org/node/5922871430,Mo-Fr 09:00-20:00; Sa 09:00-17:00
11983431977,node,Jasber,Leszno 34/36,Wola,,,Beauty salon; Aesthetic;Spa;Skin Care;Massage,Unknown,,,52.2377297,20.9731065,OpenStreetMap / Overpass API,https://www.openstreetmap.org/node/11983431977,Mo-Fr 12:00-20:00; Sa 10:00-16:00
9858657830,node,JC Atelier,Złota 63A,Wola,,,Hairdresser,Unknown,,,52.2300241,20.9990642,OpenStreetMap / Overpass API,https://www.openstreetmap.org/node/9858657830,Mo-Fr 10:00-20:00; Sa 10:00-16:00
10998069977,node,Jean Louis David,,Wola,,,Hairdresser,Unknown,,,52.241946,20.9300823,OpenStreetMap / Overpass API,https://www.openstreetmap.org/node/10998069977,
1147358493,way,Jean Louis David,,Wola,,,Hairdresser,Unknown,,,52.223551,20.927118,OpenStreetMap / Overpass API,https://www.openstreetmap.org/way/1147358493,
8518790606,node,Jetset Clinic,"Grzybowska 63, 00-844 Warszawa",Wola,+48224680808,https://jetsetclinic.pl,Beauty salon; Cosmetics,Unknown,,,52.2329947,20.986163,OpenStreetMap / Overpass API,https://www.openstreetmap.org/node/8518790606,Mo-Fr 08:00-21:00
12531626664,node,Jin Yang,Marcina Kasprzaka 29,Wola,,,Massage,Unknown,,,52.2273881,20.9563086,OpenStreetMap / Overpass API,https://www.openstreetmap.org/node/12531626664,Tu-Su 12:00-23:00
1443527421,node,Joico Effect,Waliców 19,Wola,,,Hairdresser,Unknown,,,52.2361775,20.9911471,OpenStreetMap / Overpass API,https://www.openstreetmap.org/node/1443527421,
9267751717,node,K8,,Wola,,,Beauty salon,Unknown,,,52.2221237,20.9352038,OpenStreetMap / Overpass API,https://www.openstreetmap.org/node/9267751717,"""by appointment"""
10125815087,node,KA HAIR BAR,Jana Kazimierza 11B,Wola,+48518621655,,Hairdresser,Unknown,,,52.2242042,20.9487841,OpenStreetMap / Overpass API,https://www.openstreetmap.org/node/10125815087,Mo-Sa 10:00-21:00
12115546210,node,Kameleon,Wolska 71/73,Wola,,,Beauty salon; Tanning,Unknown,,,52.2325717,20.9634199,OpenStreetMap / Overpass API,https://www.openstreetmap.org/node/12115546210,Mo-Sa 09:00-21:00
12983034504,node,Kamvvi Injects,"Banderii 4/U8, 01-164 Warszawa",Wola,+48517892529,http://kamvviinjects.booksy.com,Beauty salon,Unknown,,,52.2454181,20.9634153,OpenStreetMap / Overpass API,https://www.openstreetmap.org/node/12983034504,Mo-Fr 10:00-20:00; Sa 11:00-18:00
9773027202,node,Karolina Głogowska Studio,Miedziana 10,Wola,,,Beauty salon; Cosmetics;Eyelash;Eyebrow;Nails;Tanning,Unknown,,,52.2291808,20.990755,OpenStreetMap / Overpass API,https://www.openstreetmap.org/node/9773027202,
11850476799,node,Katáro,Jaktorowska 8,Wola,,,Beauty salon,Unknown,,,52.2342032,20.977436,OpenStreetMap / Overpass API,https://www.openstreetmap.org/node/11850476799,10:00-21:00
6754116265,node,KAWS BEAUTY SPACE,"Zawiszy 14/U5, 01-167 Warszawa",Wola,+48880603135,https://www.instagram.com/kaws_beauty_space,Beauty salon,Unknown,,,52.243544,20.9626677,OpenStreetMap / Overpass API,https://www.openstreetmap.org/node/6754116265,Mo-Su 09:00-21:00
10702462229,node,Klinika 54,Krochmalna 54,Wola,,,Beauty salon; Aesthetic;Cosmetics,Unknown,,,52.2358563,20.9875806,OpenStreetMap / Overpass API,https://www.openstreetmap.org/node/10702462229,"Mo-Fr 10:00-21:00; Sa 10:00-16:00; Su ""on appointment"""
4696747290,node,Klinika Ciała,"Wawrzyszewska 3, 01-162",Wola,+48512755912,http://www.klinikaciala.com.pl,Beauty salon,Unknown,,,52.24726,20.9653194,OpenStreetMap / Overpass API,https://www.openstreetmap.org/node/4696747290,
13784968845,node,Klinika Madoń,Jana Ostroroga 21,Wola,,,Beauty salon; Aesthetic,Unknown,,,52.245654,20.9664411,OpenStreetMap / Overpass API,https://www.openstreetmap.org/node/13784968845,Mo-Fr 09:00-21:00; Sa 09:00-14:30; Su off
11034013267,node,Klymazone,,Wola,+48668881701,https://klymazone.com,Hairdresser,Unknown,,,52.2256056,20.9514444,OpenStreetMap / Overpass API,https://www.openstreetmap.org/node/11034013267,Mo-Sa 10:00-20:00
9870764160,node,Konkurencja 2.0,Chmielna 122,Wola,+48695654647,,Hairdresser,Unknown,,,52.2281942,20.9955413,OpenStreetMap / Overpass API,https://www.openstreetmap.org/node/9870764160,Mo-Fr 07:00-22:00; Sa 08:00-17:00
10998234414,node,Kontigo,,Wola,,,Cosmetics,Unknown,,,52.2415649,20.933429,OpenStreetMap / Overpass API,https://www.openstreetmap.org/node/10998234414,
12942263792,node,Korona Barona Barbershop,"Obozowa 22/U11, 01-161 Warszawa",Wola,+48660430023,,Hairdresser; Barber,Unknown,,,52.2465183,20.9627186,OpenStreetMap / Overpass API,https://www.openstreetmap.org/node/12942263792,Mo-Fr 10:00-22:00; Sa-Su 10:00-20:00
9817526466,node,Korsak,Brylowska 6,Wola,,,Beauty salon,Unknown,,,52.2240434,20.9692581,OpenStreetMap / Overpass API,https://www.openstreetmap.org/node/9817526466,10:00-20:00
11033731301,node,Kosmyk,"Smocza 21, 01-051 Warszawa",Wola,+48228384209,,Hairdresser,Unknown,,,52.2480126,20.9835339,OpenStreetMap / Overpass API,https://www.openstreetmap.org/node/11033731301,Mo-Fr 07:00-19:00; Sa 08:00-14:00
12140444336,node,Krasivo,Krochmalna 56,Wola,,,Beauty salon,Unknown,,,52.2359363,20.9870241,OpenStreetMap / Overpass API,https://www.openstreetmap.org/node/12140444336,10:00-21:00
8093829730,node,Kristof,"Krochmalna 3, 00-864 Warszawa",Wola,,,Hairdresser,Unknown,,,52.2368335,20.9937541,OpenStreetMap / Overpass API,https://www.openstreetmap.org/node/8093829730,Mo-Fr 10:00-20:00; Sa 09:00-15:00
13898648040,node,Królowej Trwałej,,Wola,,,Hairdresser,Unknown,,,52.2210524,20.9297562,OpenStreetMap / Overpass API,https://www.openstreetmap.org/node/13898648040,Mo-Fr 12:00-20:00
13883798475,node,Kudantt,,Wola,,,Beauty salon,Unknown,,,52.2577002,20.9802385,OpenStreetMap / Overpass API,https://www.openstreetmap.org/node/13883798475,Mo-Su 10:00-20:00
9442448717,node,Kącik Fryzur,,Wola,+48697261121,,Hairdresser,Unknown,,,52.221456,20.929364,OpenStreetMap / Overpass API,https://www.openstreetmap.org/node/9442448717,Mo-Fr 10:00-21:00; Sa 09:00-16:00
4814829254,node,Kącik Urody,,Wola,,,Beauty salon,Unknown,,,52.2392785,20.9398761,OpenStreetMap / Overpass API,https://www.openstreetmap.org/node/4814829254,
10775974942,node,L Beauty Room,Kolejowa 45A,Wola,,,Beauty salon,Unknown,,,52.2268868,20.9811677,OpenStreetMap / Overpass API,https://www.openstreetmap.org/node/10775974942,
11787396646,node,L'académie Beaute,Grzybowska 43A,Wola,,,Cosmetics,Unknown,,,52.2336038,20.9924169,OpenStreetMap / Overpass API,https://www.openstreetmap.org/node/11787396646,
9790929328,node,L'Erbolario,Żelazna 51/53,Wola,,,Cosmetics,Unknown,,,52.2326141,20.9909871,OpenStreetMap / Overpass API,https://www.openstreetmap.org/node/9790929328,Mo-Sa 10:00-20:00; Su 10:00-19:00
9779808919,node,La Beauté,,Wola,+48503426566,,Beauty salon,Unknown,,,52.2221401,20.9399418,OpenStreetMap / Overpass API,https://www.openstreetmap.org/node/9779808919,Mo-Fr 09:00-20:00; Sa 08:00-15:00
12115573092,node,La Blanche,"Wolska 89, Warszawa",Wola,,,Hairdresser,Unknown,,,52.2319497,20.95988,OpenStreetMap / Overpass API,https://www.openstreetmap.org/node/12115573092,Mo-Fr 08:00-19:00; Sa 08:00-15:00
8588924075,node,La Rozzi,Chłodna 22,Wola,,,Beauty salon; Nails;Cosmetics;Hair Removal;Aesthetic;Skin Care;Massage,Unknown,,,52.2376023,20.989677,OpenStreetMap / Overpass API,https://www.openstreetmap.org/node/8588924075,Mo-Sa 09:00-21:00
9767664065,node,Laboratorium Włosa,Miedziana 18,Wola,,,Hairdresser,Unknown,,,52.2304101,20.9901658,OpenStreetMap / Overpass API,https://www.openstreetmap.org/node/9767664065,
10871374673,node,Ladies Mood,Aleja Jana Pawła II 41A,Wola,,,Beauty salon,Unknown,,,52.2424924,20.9923511,OpenStreetMap / Overpass API,https://www.openstreetmap.org/node/10871374673,Mo-Sa 09:00-21:00
10775974960,node,Lamare Hair,Kolejowa 47,Wola,,,Nails;Eyebrow;Eyelash;Cosmetics;Hair Removal,Unknown,,,52.2264875,20.9832346,OpenStreetMap / Overpass API,https://www.openstreetmap.org/node/10775974960,
10554728975,node,Lana Beauty,,Wola,,,Beauty salon,Unknown,,,52.2258555,20.9444199,OpenStreetMap / Overpass API,https://www.openstreetmap.org/node/10554728975,Mo-Fr 09:00-20:00; Sa-Su 10:00-20:00
13089890252,node,Laser Beauty & Spa,Skwer Kardynała Stefana Wyszyńskiego 7,Wola,,,Beauty salon; Hair Removal;Laser Hair Removal;Skin Care,Unknown,,,52.2398839,20.982545,OpenStreetMap / Overpass API,https://www.openstreetmap.org/node/13089890252,
10082314434,node,Laser Esthetics,,Wola,,,Beauty salon,Unknown,,,52.2231171,20.9369683,OpenStreetMap / Overpass API,https://www.openstreetmap.org/node/10082314434,09:00-21:00
10739131817,node,Laserhouse,,Wola,+48732100820,https://www.lazerhouse.pl,Beauty salon; Hair Removal,Unknown,,,52.225679,20.943813,OpenStreetMap / Overpass API,https://www.openstreetmap.org/node/10739131817,09:00-21:00
4604699943,node,LaserVille,Aleja Jana Pawła II 27,Wola,,,Beauty salon; Hair Removal,Unknown,,,52.2380211,20.9956734,OpenStreetMap / Overpass API,https://www.openstreetmap.org/node/4604699943,09:00-21:00
10775974968,node,LaserVille,"Kolejowa 45, Warszawa",Wola,,,Beauty salon; Hair Removal;Laser Hair Removal,Unknown,,,52.2259861,20.9817416,OpenStreetMap / Overpass API,https://www.openstreetmap.org/node/10775974968,09:00-21:00
4792416457,node,Lash in a Flash,Płocka 17,Wola,,,Beauty salon; Nails;Eyelash;Cosmetics;Hair Removal;Laser Hair Removal,Unknown,,,52.2325846,20.965066,OpenStreetMap / Overpass API,https://www.openstreetmap.org/node/4792416457,Mo-Fr 09:00-20:00; Sa 10:00-15:00
9793015388,node,Lash.Prof,,Wola,,,Beauty salon,Unknown,,,52.2235945,20.9361442,OpenStreetMap / Overpass API,https://www.openstreetmap.org/node/9793015388,
6023094187,node,Lavine Clinic,Kolejowa 47,Wola,,,Beauty salon,Unknown,,,52.2265127,20.9824335,OpenStreetMap / Overpass API,https://www.openstreetmap.org/node/6023094187,
9947221427,node,Le Cher,,Wola,+48222438087,,Hairdresser,Unknown,,,52.2308572,20.935478,OpenStreetMap / Overpass API,https://www.openstreetmap.org/node/9947221427,Mo-Fr 09:00-20:00; Sa 09:00-15:00
12451009191,node,Leo Beauty Club,Ogrodowa 58,Wola,,,Beauty salon; Nails;Eyelash;Eyebrow;Hair,Unknown,,,52.2371791,20.9815981,OpenStreetMap / Overpass API,https://www.openstreetmap.org/node/12451009191,09:00-21:00
9235715118,node,LH Clinic,Łucka 20,Wola,,,Beauty salon; Aesthetic,Unknown,,,52.2325131,20.9862582,OpenStreetMap / Overpass API,https://www.openstreetmap.org/node/9235715118,09:00-21:00
12450989151,node,Libro Academy,Aleja „Solidarności” 163,Wola,,,Beauty salon; Cosmetics;Eyelash;Eyebrow,Unknown,,,52.2386637,20.9850273,OpenStreetMap / Overpass API,https://www.openstreetmap.org/node/12450989151,09:00-20:00
10793215075,node,Linea,Grzybowska 85A,Wola,,,Beauty salon,Unknown,,,52.2319388,20.9787246,OpenStreetMap / Overpass API,https://www.openstreetmap.org/node/10793215075,Mo-Fr 09:00-21:00; Sa 10:00-19:00
10865790815,node,Lio Nail Art,Aleja Jana Pawła II 43A,Wola,,,Beauty salon; Nails,Unknown,,,52.2435828,20.9914769,OpenStreetMap / Overpass API,https://www.openstreetmap.org/node/10865790815,Mo-Fr 10:00-19:00; Sa 10:00-18:00
9922937324,node,loft,,Wola,,,Beauty salon,Unknown,,,52.2257609,20.9437945,OpenStreetMap / Overpass API,https://www.openstreetmap.org/node/9922937324,Mo-Su 09:00-20:00
8863265924,node,Look,Grzybowska 30,Wola,,,Beauty salon; Tanning;Aesthetic;Hair Removal;Skin Care;Massage;Nails;Cosmetics,Unknown,,,52.2361884,20.9955536,OpenStreetMap / Overpass API,https://www.openstreetmap.org/node/8863265924,Mo-Fr 10:00-20:00; Sa 08:00-15:00
10865524046,node,Look Studio,Aleja Jana Pawła II 61,Wola,,,Beauty salon; Nails;Hair;Hair Removal;Cosmetics;Tanning;Skin Care,Unknown,,,52.2483495,20.9873177,OpenStreetMap / Overpass API,https://www.openstreetmap.org/node/10865524046,Mo-Fr 09:00-20:00; Sa 09:00-16:00
10295397989,node,Love Epil,Jaktorowska 8,Wola,,,Beauty salon; Hair Removal;Waxing,Unknown,,,52.2344456,20.9772353,OpenStreetMap / Overpass API,https://www.openstreetmap.org/node/10295397989,08:00-20:00
12942263796,node,Love my hair,"Obozowa 22, 01-161 Warszawa",Wola,,,Beauty salon,Unknown,,,52.2459607,20.9637352,OpenStreetMap / Overpass API,https://www.openstreetmap.org/node/12942263796,Mo-Sa 10:00-21:00; Su 10:30-20:00
9452842517,node,Love Nails,,Wola,+48733333503,,Beauty salon; Nails,Unknown,,,52.2224015,20.94023,OpenStreetMap / Overpass API,https://www.openstreetmap.org/node/9452842517,Mo-Fr 10:00-21:00; Sa-Su 10:00-20:00
9906352322,node,Luksi Studio,,Wola,,,Beauty salon,Unknown,,,52.2393678,20.9672942,OpenStreetMap / Overpass API,https://www.openstreetmap.org/node/9906352322,
11850482786,node,Lumio Skin,Aleja „Solidarności” 173,Wola,,,Beauty salon,Unknown,,,52.235595,20.9781675,OpenStreetMap / Overpass API,https://www.openstreetmap.org/node/11850482786,
10775974938,node,Luna Beauty,Kolejowa 47B,Wola,,,Beauty salon; Nails;Eyelash;Eyebrow;Massage,Unknown,,,52.2274876,20.9824369,OpenStreetMap / Overpass API,https://www.openstreetmap.org/node/10775974938,09:00-21:00
12607336968,node,Luna Skin,Marcina Kasprzaka 6,Wola,,,Beauty salon,Unknown,,,52.2294708,20.9750109,OpenStreetMap / Overpass API,https://www.openstreetmap.org/node/12607336968,
486663680,way,Luxy Nails,,Wola,,,Beauty salon; Nails,Unknown,,,52.232614,20.9639304,OpenStreetMap / Overpass API,https://www.openstreetmap.org/way/486663680,
9887792980,node,Madam Padu,Łucka 20,Wola,,,Hairdresser,Unknown,,,52.2326167,20.9862118,OpenStreetMap / Overpass API,https://www.openstreetmap.org/node/9887792980,Mo-Fr 09:00-20:00; Sa 10:00-17:00
10865524022,node,Mademoiselle,Aleja Jana Pawła II 61,Wola,,,Hairdresser,Unknown,,,52.2476452,20.9878311,OpenStreetMap / Overpass API,https://www.openstreetmap.org/node/10865524022,Mo-Fr 09:00-19:00; Sa 09:00-15:00
13071065796,node,Maganda - Sklep z naturalnymi kosmetykami,"Górczewska 179, 01-459 Warszawa",Wola,+48604066668,,Cosmetics,Unknown,,,52.2400999,20.9300474,OpenStreetMap / Overpass API,https://www.openstreetmap.org/node/13071065796,Mo-Fr 09:00-15:00
10788306792,node,Magia Blondu,Żelazna 51/53,Wola,,,Beauty salon,Unknown,,,52.2324187,20.9916944,OpenStreetMap / Overpass API,https://www.openstreetmap.org/node/10788306792,Mo 12:00-20:00; Tu-Fr 09:00-20:00
6755813773,node,Magic Nails,,Wola,,,Beauty salon; Nails,Unknown,,,52.2474965,20.9478157,OpenStreetMap / Overpass API,https://www.openstreetmap.org/node/6755813773,
10998103605,node,Makeup Beauty Atelier,,Wola,,,Beauty salon,Unknown,,,52.2415666,20.9301406,OpenStreetMap / Overpass API,https://www.openstreetmap.org/node/10998103605,
993208610,way,Malinovska,Icchoka Lejba Pereca 11,Wola,,,Hairdresser,Unknown,,,52.2334996,20.9943881,OpenStreetMap / Overpass API,https://www.openstreetmap.org/way/993208610,Mo-Fr 09:00-20:00; Sa 09:00-14:00; Su off
13231462259,node,Mami Clinic,,Wola,,,Beauty salon,Unknown,,,52.2206977,20.9298871,OpenStreetMap / Overpass API,https://www.openstreetmap.org/node/13231462259,
12497954394,node,Mango Spa,,Wola,+48789669774,,Massage,Unknown,,,52.2355471,20.9878603,OpenStreetMap / Overpass API,https://www.openstreetmap.org/node/12497954394,Mo-Sa 11:00-22:00; Su 12:00-22:00
10265831989,node,Maniewski,Chmielna 71,Wola,,,Hairdresser; Nails;Hair,Unknown,,,52.2284817,20.9991401,OpenStreetMap / Overpass API,https://www.openstreetmap.org/node/10265831989,Mo-Fr 09:00-21:00; Sa 09:00-18:00
9483622218,node,ManiFik,,Wola,,,Beauty salon,Unknown,,,52.2244662,20.9421508,OpenStreetMap / Overpass API,https://www.openstreetmap.org/node/9483622218,Mo-Fr 09:00-20:00; Sa 09:00-15:00
9442963511,node,manilook,,Wola,+48512300550,,Beauty salon,Unknown,,,52.2217562,20.929194,OpenStreetMap / Overpass API,https://www.openstreetmap.org/node/9442963511,Mo-Fr 09:00-20:00; Sa 08:00-14:00
9839245653,node,Mariposa,Twarda 62A,Wola,,,Hairdresser,Unknown,,,52.2282817,20.9925995,OpenStreetMap / Overpass API,https://www.openstreetmap.org/node/9839245653,Mo-Fr 09:00-20:00; Sa 09:00-16:00
9972977394,node,Marmari,Siedmiogrodzka 3,Wola,+48572729266,,Beauty salon; Nails;Cosmetics;Hair,Unknown,,,52.2318025,20.9750895,OpenStreetMap / Overpass API,https://www.openstreetmap.org/node/9972977394,Mo-Fr 09:00-21:00; Sa-Su 10:00-18:00
12739293182,node,MarMax,,Wola,,,Beauty salon,Unknown,,,52.2238782,20.9408265,OpenStreetMap / Overpass API,https://www.openstreetmap.org/node/12739293182,Mo-Sa 09:00-21:00; Su 10:00-19:00
11207971811,node,Marselle,Marcina Kasprzaka 29,Wola,,,Hairdresser,Unknown,,,52.227347,20.9562386,OpenStreetMap / Overpass API,https://www.openstreetmap.org/node/11207971811,09:00-21:00
266897617,way,Marta Atelier,"Okocimska 11A, 01-114 Warszawa",Wola,+48509121403,,Beauty salon,Unknown,,,52.2381503,20.9371291,OpenStreetMap / Overpass API,https://www.openstreetmap.org/way/266897617,Mo-Fr 09:00-20:00; Sa 09:00-15:00
9959578423,node,Martelle,Grzybowska 85,Wola,,,Beauty salon; Cosmetics;Nails;Eyebrow;Hair,Unknown,,,52.2326532,20.979328,OpenStreetMap / Overpass API,https://www.openstreetmap.org/node/9959578423,Mo-Sa 09:00-21:00; Su 10:00-20:00
9689801817,node,Masaże Thai Bali,,Wola,,,Massage,Unknown,,,52.2251677,20.9479515,OpenStreetMap / Overpass API,https://www.openstreetmap.org/node/9689801817,
6548462708,node,Mastell,"Spokojna 5, 01-044 Warszawa",Wola,+48222557027,https://www.mastell.pl,Massage,Unknown,,,52.25168,20.9794741,OpenStreetMap / Overpass API,https://www.openstreetmap.org/node/6548462708,"Mo-Fr 10:00-21:00; Sa, Su 10:00-19:00"
12941178962,node,MAVI Beauty House,,Wola,,,Beauty salon,Unknown,,,52.2209304,20.9307604,OpenStreetMap / Overpass API,https://www.openstreetmap.org/node/12941178962,
5285741923,node,Melissa,,Wola,,,Beauty salon,Unknown,,,52.2376638,20.9696953,OpenStreetMap / Overpass API,https://www.openstreetmap.org/node/5285741923,
13089509889,node,MG Boss,Skierniewicka 34,Wola,,,Hairdresser; Barber,Unknown,,,52.2328129,20.9687594,OpenStreetMap / Overpass API,https://www.openstreetmap.org/node/13089509889,Mo-Sa 10:00-21:00; Su 10:00-20:00
12093884397,node,MGI,Wolska 50A,Wola,,,Beauty salon; Nails;Hair,Unknown,,,52.234106,20.9682684,OpenStreetMap / Overpass API,https://www.openstreetmap.org/node/12093884397,
9864369613,node,Ministerstwo Dobrego Mydła,"Dzielna 15, 01-029 Warszawa",Wola,,https://www.ministerstwodobregomydla.pl,Cosmetics,Unknown,,,52.2435655,20.9840676,OpenStreetMap / Overpass API,https://www.openstreetmap.org/node/9864369613,Mo-Fr 10:00-19:00; Sa 10:00-17:00
12420960324,node,Miss Ann,Jaktorowska 4,Wola,,,Beauty salon; Nails;Eyelash;Eyebrow;Hair Removal,Unknown,,,52.2344548,20.9789681,OpenStreetMap / Overpass API,https://www.openstreetmap.org/node/12420960324,
3400368642,node,Monaliza,,Wola,+48222997779,,Hairdresser,Unknown,,,52.2440778,20.9482869,OpenStreetMap / Overpass API,https://www.openstreetmap.org/node/3400368642,
10998234426,node,Monchéri Nails,,Wola,,,Beauty salon; Nails,Unknown,,,52.2416906,20.9339923,OpenStreetMap / Overpass API,https://www.openstreetmap.org/node/10998234426,
10865524032,node,Muse,Aleja Jana Pawła II 61,Wola,,,Beauty salon; Nails,Unknown,,,52.2491684,20.9867566,OpenStreetMap / Overpass API,https://www.openstreetmap.org/node/10865524032,Mo-Sa 09:00-22:00; Su 11:00-18:00
11463362561,node,Muse Clinic,Kolejowa 49A,Wola,,,Beauty salon; Cosmetics;Aesthetic;Hair Removal;Laser Hair Removal,Unknown,,,52.2277014,20.9834187,OpenStreetMap / Overpass API,https://www.openstreetmap.org/node/11463362561,09:00-21:00
9972958848,node,My Place,Giełdowa 4E,Wola,,,Beauty salon,Unknown,,,52.2309218,20.9763337,OpenStreetMap / Overpass API,https://www.openstreetmap.org/node/9972958848,"Mo-Fr 10:00-20:00; Sa ""on appointment"""
9953160019,node,Męski Punkt,Górczewska 123,Wola,,,Hairdresser,Unknown,,,52.2391324,20.9416636,OpenStreetMap / Overpass API,https://www.openstreetmap.org/node/9953160019,Mo-Fr 08:00-20:00; Sa 08:00-15:00
9922891571,node,Nails,,Wola,,,Beauty salon; Nails,Unknown,,,52.2253816,20.9520319,OpenStreetMap / Overpass API,https://www.openstreetmap.org/node/9922891571,
10865524029,node,Nathalie,Aleja Jana Pawła II 65,Wola,,,Beauty salon; Nails;Cosmetics;Hair,Unknown,,,52.2499563,20.9859827,OpenStreetMap / Overpass API,https://www.openstreetmap.org/node/10865524029,Mo-Fr 08:00-20:00; Sa 08:00-15:00
4959577551,node,Nefretete,,Wola,,,Beauty salon,Unknown,,,52.2402189,20.9807861,OpenStreetMap / Overpass API,https://www.openstreetmap.org/node/4959577551,
10998070004,node,Neonail,,Wola,,,Cosmetics,Unknown,,,52.2419065,20.9296471,OpenStreetMap / Overpass API,https://www.openstreetmap.org/node/10998070004,
2279473612,node,New Look,Leszno 19,Wola,,,Beauty salon; Cosmetics;Massage;Piercing,Unknown,,,52.2372297,20.9744353,OpenStreetMap / Overpass API,https://www.openstreetmap.org/node/2279473612,
11948345335,node,New Visage,Ogrodowa 10/26,Wola,,,Beauty salon; Nails;Cosmetics;Hair;Eyelash,Unknown,,,52.2394125,20.9903128,OpenStreetMap / Overpass API,https://www.openstreetmap.org/node/11948345335,Mo 12:00-19:00; Tu-Fr 09:30-19:00; Sa 08:00-14:00
10871141391,node,Noosphere,Towarowa 35,Wola,,,Beauty salon; Hair;Massage;Aesthetic,Unknown,,,52.2349843,20.980337,OpenStreetMap / Overpass API,https://www.openstreetmap.org/node/10871141391,Mo-Sa 09:00-20:00
10775974941,node,Norm,Kolejowa 45A,Wola,,,Beauty salon; Nails,Unknown,,,52.2268555,20.981039,OpenStreetMap / Overpass API,https://www.openstreetmap.org/node/10775974941,
11207971816,node,Not Only Hair,Aleja Prymasa Tysiąclecia 83A,Wola,,,Beauty salon,Unknown,,,52.2261527,20.9569982,OpenStreetMap / Overpass API,https://www.openstreetmap.org/node/11207971816,Mo-Fr 09:00-20:00; Sa 09:00-18:00
9744122802,node,Not Only Nails,Pańska 75,Wola,,,Beauty salon; Nails,Unknown,,,52.2311648,20.9922751,OpenStreetMap / Overpass API,https://www.openstreetmap.org/node/9744122802,Mo-Fr 10:00-19:00; Sa 09:00-17:00
9977827448,node,Oblivion,Jana Olbrachta 23,Wola,,,Hairdresser; Barber,Unknown,,,52.2338395,20.932908,OpenStreetMap / Overpass API,https://www.openstreetmap.org/node/9977827448,Mo-Fr 11:00-21:00; Sa-Su 10:00-20:00
8419817820,node,OdNowa,,Wola,+48502250041,https://salon-odnowa-anna-godlewska.business.site,Beauty salon,Unknown,,,52.2369204,20.9904394,OpenStreetMap / Overpass API,https://www.openstreetmap.org/node/8419817820,Mo-Fr 08:00-21:00; Sa 08:00-16:00
11948345352,node,Orchidea Med,Ogrodowa 32,Wola,,,Beauty salon; Cosmetics;Aesthetic,Unknown,,,52.2390009,20.9888715,OpenStreetMap / Overpass API,https://www.openstreetmap.org/node/11948345352,Mo-Fr 10:00-20:00
10998234415,node,Organique,,Wola,,,Cosmetics,Unknown,,,52.2417735,20.9330146,OpenStreetMap / Overpass API,https://www.openstreetmap.org/node/10998234415,
9925259789,node,Oricea,,Wola,,,Beauty salon,Unknown,,,52.2346364,20.9593241,OpenStreetMap / Overpass API,https://www.openstreetmap.org/node/9925259789,
13645564695,node,Paulina Mojsiuszko,Złota 73,Wola,,,Beauty salon; Cosmetics;Skin Care,Unknown,,,52.2295501,20.9968277,OpenStreetMap / Overpass API,https://www.openstreetmap.org/node/13645564695,Mo-Fr 10:00-19:00; Sa 09:00-14:00
11983431976,node,Piotr Czyżak,Leszno 34/36,Wola,,,Hairdresser,Unknown,,,52.2377118,20.9729951,OpenStreetMap / Overpass API,https://www.openstreetmap.org/node/11983431976,Mo-Fr 10:00-20:00; Sa 10:00-15:00
4794748917,node,Piękna Ty,Marcina Kasprzaka 24,Wola,,,Beauty salon,Unknown,,,52.229216,20.96893,OpenStreetMap / Overpass API,https://www.openstreetmap.org/node/4794748917,Mo-Sa 09:00-19:00
6744488066,node,Piękność Jest Tu,"Redutowa 52, 01-131 Warszawa",Wola,,,Beauty salon; Cosmetics;Eyelash;Eyebrow;Hair;Nails,Unknown,,,52.2350695,20.9405537,OpenStreetMap / Overpass API,https://www.openstreetmap.org/node/6744488066,"Mo-Sa 09:00-20:00; Su 09:00-15:00 ""on appointment"""
10737151149,node,Platinum Solarium,Aleja Prymasa Tysiąclecia 83A,Wola,+48516575570,,Beauty salon; Tanning,Unknown,,,52.2257218,20.9571248,OpenStreetMap / Overpass API,https://www.openstreetmap.org/node/10737151149,Mo-Fr 11:00-22:00; Sa 11:00-18:00; Su 12:00-18:00
11948173020,node,Pompadour,"Ogrodowa 55, Warszawa",Wola,,,Hairdresser,Unknown,,,52.2375189,20.984744,OpenStreetMap / Overpass API,https://www.openstreetmap.org/node/11948173020,Mo-Fr 09:00-20:00; Sa 09:00-18:00
12115400785,node,Pompi's Place,Wolska 45,Wola,,,Beauty salon; Nails;Eyebrow;Eyelash,Unknown,,,52.2333795,20.9691565,OpenStreetMap / Overpass API,https://www.openstreetmap.org/node/12115400785,
13555956696,node,Pracownia Piękna,Brylowska 6,Wola,,,Hairdresser,Unknown,,,52.2241865,20.969346,OpenStreetMap / Overpass API,https://www.openstreetmap.org/node/13555956696,
13898632876,node,Pracownia Urody,,Wola,,,Beauty salon,Unknown,,,52.2210658,20.9298534,OpenStreetMap / Overpass API,https://www.openstreetmap.org/node/13898632876,Mo-Fr 09:00-20:00; Sa 08:00-14:00
4958066758,node,Pracownia Wrona Grzegorz,,Wola,+48798030915,,Hairdresser,Unknown,,,52.2396083,20.9769957,OpenStreetMap / Overpass API,https://www.openstreetmap.org/node/4958066758,
9972925235,node,Prawda,Giełdowa 4A,Wola,,,Beauty salon,Unknown,,,52.2306283,20.9744003,OpenStreetMap / Overpass API,https://www.openstreetmap.org/node/9972925235,Mo-Fr 10:00-21:00; Sa-Su 10:00-20:00
4978707074,node,Prestige,,Wola,,,Hairdresser,Unknown,,,52.2273914,20.9716371,OpenStreetMap / Overpass API,https://www.openstreetmap.org/node/4978707074,
10702462215,node,Prive,Krochmalna 56,Wola,,,Beauty salon; Hair Removal;Massage;Cosmetics,Unknown,,,52.2357338,20.9860869,OpenStreetMap / Overpass API,https://www.openstreetmap.org/node/10702462215,Mo-Fr 09:00-21:00; Sa 09:00-15:00
12115529327,node,Projekt Beauty Lab,Płocka 17,Wola,,,Beauty salon,Unknown,,,52.2326057,20.9655763,OpenStreetMap / Overpass API,https://www.openstreetmap.org/node/12115529327,
9799238765,node,Przystanek Cięcie,Sienna 93 u2,Wola,,,Hairdresser,Unknown,,,52.229429,20.9913345,OpenStreetMap / Overpass API,https://www.openstreetmap.org/node/9799238765,
9887792999,node,pt. „Włosy”,Łucka 18,Wola,,,Hairdresser,Unknown,,,52.2327318,20.9880935,OpenStreetMap / Overpass API,https://www.openstreetmap.org/node/9887792999,
11948345347,node,Rasta,Ogrodowa 26A,Wola,,,Hairdresser,Unknown,,,52.2393027,20.9899705,OpenStreetMap / Overpass API,https://www.openstreetmap.org/node/11948345347,
9804261663,node,Razors Barber Shop,Łucka 18,Wola,,,Hairdresser,Unknown,,,52.2325844,20.9880843,OpenStreetMap / Overpass API,https://www.openstreetmap.org/node/9804261663,
4782623526,node,Re Fresh,Gostyńska 43,Wola,,,Beauty salon; Skin Care;Aesthetic;Massage,Unknown,,,52.2438483,20.9658485,OpenStreetMap / Overpass API,https://www.openstreetmap.org/node/4782623526,Mo-Fr 09:00-20:00; Sa 10:00-18:00; Su 10:00-17:00
9782508483,node,Relax in Spa,Sienna 86,Wola,,,Beauty salon; Hair;Spa;Cosmetics,Unknown,,,52.2301149,20.9922736,OpenStreetMap / Overpass API,https://www.openstreetmap.org/node/9782508483,
2025694084,node,Roberto,"Józefa Bema 91, Warszawa",Wola,,,Hairdresser,Unknown,,,52.2300763,20.9588961,OpenStreetMap / Overpass API,https://www.openstreetmap.org/node/2025694084,"Mo,Th-Fr 10:00-20:00; Tu 11:40-20:00; We 11:40-19:40; Sa 08:40-18:00"
12717710411,node,Royal Barber,,Wola,,,Hairdresser; Barber,Unknown,,,52.2229807,20.9334213,OpenStreetMap / Overpass API,https://www.openstreetmap.org/node/12717710411,Mo-Su 09:00-20:00
9799238768,node,Royal Vital,Sienna 93,Wola,,,Beauty salon; Spa;Skin Care,Unknown,,,52.2293089,20.9915575,OpenStreetMap / Overpass API,https://www.openstreetmap.org/node/9799238768,
9389039517,node,Rozczochrany Harry,,Wola,+48533664200,,Hairdresser,Unknown,,,52.2362413,20.9589762,OpenStreetMap / Overpass API,https://www.openstreetmap.org/node/9389039517,Mo-Fr 09:00-20:00; Sa 09:00-15:00
10899734739,node,Rustam,Chmielna 106,Wola,,,Hairdresser,Unknown,,,52.2288355,20.9983472,OpenStreetMap / Overpass API,https://www.openstreetmap.org/node/10899734739,Mo-Fr 10:00-20:00; Sa 10:00-22:00; Su 10:00-15:00
12420960326,node,Rybak Clinics,Jaktorowska 5,Wola,,,Beauty salon,Unknown,,,52.2342122,20.9793047,OpenStreetMap / Overpass API,https://www.openstreetmap.org/node/12420960326,Mo-Fr 10:00-20:00; Sa 10:00-16:00
4176146564,node,S. Majek,"Hrubieszowska 7, Warszawa",Wola,,,Hairdresser,Unknown,,,52.2299284,20.9791494,OpenStreetMap / Overpass API,https://www.openstreetmap.org/node/4176146564,Mo-Fr 09:00-21:00; Sa 09:00-16:00; Su off
11983476643,node,S.I. Beauty House,Szlenkierów 1,Wola,,,Beauty salon; Nails;Hair;Eyelash;Eyebrow;Cosmetics;Massage,Unknown,,,52.2371166,20.9701343,OpenStreetMap / Overpass API,https://www.openstreetmap.org/node/11983476643,
4265652156,node,Salon Agnieszka,,Wola,,,Hairdresser,Unknown,,,52.2399491,20.9411512,OpenStreetMap / Overpass API,https://www.openstreetmap.org/node/4265652156,
9833925538,node,Salon Beauty,Okopowa 29b,Wola,,,Beauty salon,Unknown,,,52.2407192,20.9771587,OpenStreetMap / Overpass API,https://www.openstreetmap.org/node/9833925538,
13413488749,node,Salon Design New Art,Nowolipie 23,Wola,,,Beauty salon; Nails;Cosmetics;Eyelash;Hair,Unknown,,,52.2426299,20.9912368,OpenStreetMap / Overpass API,https://www.openstreetmap.org/node/13413488749,Mo-Fr 10:00-19:00
3625607987,node,Salon fryzjerski damsko-męski,,Wola,,,Hairdresser,Unknown,,,52.2475853,20.9501439,OpenStreetMap / Overpass API,https://www.openstreetmap.org/node/3625607987,
10865524031,node,Salon Fryzjerski Montibello,Aleja Jana Pawła II 67,Wola,,,Hairdresser,Unknown,,,52.2506302,20.9854702,OpenStreetMap / Overpass API,https://www.openstreetmap.org/node/10865524031,Mo-Fr 09:00-19:00; Sa 09:00-14:00
4313488189,node,Salon fryzjersko-kosmetyczny Gabriel,"Świętego Stanisława 14, 01-162 Warszawa",Wola,+48227403778,https://m.facebook.com/pages/category/Hair-Salon/Gabriel-Salon-fryzjersko-kosmetyczny-1383730915085170,Hairdresser,Unknown,,,52.2472433,20.9642887,OpenStreetMap / Overpass API,https://www.openstreetmap.org/node/4313488189,Mo-Fr 10:00-20:00; Sa 10:00-17:00
13089507048,node,Salon Kencin,Młynarska 9,Wola,,,Beauty salon,Unknown,,,52.235623,20.972335,OpenStreetMap / Overpass API,https://www.openstreetmap.org/node/13089507048,"""7 dni w tygodniu po zapisie"""
4052133198,node,Salon Monika,"Okopowa 25, 01-059 Warszawa",Wola,+48503657411,http://www.salonmonikaokopowa25.pl,Beauty salon; Cosmetics;Hair,Unknown,,,52.2398461,20.9772098,OpenStreetMap / Overpass API,https://www.openstreetmap.org/node/4052133198,Mo-Fr 08:00-19:00; Sa 08:00-14:00; PH closed
8691354015,node,Salon Pańska 65,,Wola,+48507430240,https://moment.pl/salon-panska-65,Beauty salon,Unknown,,,52.2316449,20.9944803,OpenStreetMap / Overpass API,https://www.openstreetmap.org/node/8691354015,Mo-Fr 09:00-21:00; Sa 09:00-15:00
6753415585,node,Salon Urody Diamond,,Wola,,,Beauty salon; Nails,Unknown,,,52.2476804,20.9523017,OpenStreetMap / Overpass API,https://www.openstreetmap.org/node/6753415585,
9833925544,node,Salon Urody Emma,,Wola,,,Beauty salon; Cosmetics;Hair;Tanning,Unknown,,,52.2410232,20.9770992,OpenStreetMap / Overpass API,https://www.openstreetmap.org/node/9833925544,Mo-Fr 09:00-20:00; Sa 08:00-15:00
5325997915,node,Salon Urody M. Sierakowska,,Wola,,,Beauty salon,Unknown,,,52.2305939,20.9528844,OpenStreetMap / Overpass API,https://www.openstreetmap.org/node/5325997915,
9972958850,node,Sandroom,Giełdowa 4E,Wola,,,Beauty salon; Aesthetic,Unknown,,,52.2310414,20.9764746,OpenStreetMap / Overpass API,https://www.openstreetmap.org/node/9972958850,
9254608470,node,Secret Beauty House,,Wola,,,Beauty salon,Unknown,,,52.2390829,20.9474877,OpenStreetMap / Overpass API,https://www.openstreetmap.org/node/9254608470,Mo-Fr 10:00-20:30; Sa 10:00-15:00
12873558701,node,Selena Beauty,Jana Kazimierza 30,Wola,,,Beauty salon,Unknown,,,52.2245463,20.9436643,OpenStreetMap / Overpass API,https://www.openstreetmap.org/node/12873558701,
6556216108,node,Sephora,,Wola,,,Cosmetics,Unknown,,,52.2464995,20.9788584,OpenStreetMap / Overpass API,https://www.openstreetmap.org/node/6556216108,
10998234435,node,Sephora,,Wola,,,Cosmetics,Unknown,,,52.2414483,20.9309131,OpenStreetMap / Overpass API,https://www.openstreetmap.org/node/10998234435,
9804261657,node,Shambala,Łucka 18,Wola,,,Massage,Unknown,,,52.2325048,20.9876392,OpenStreetMap / Overpass API,https://www.openstreetmap.org/node/9804261657,
10775974932,node,Shokk,"Kolejowa 43, Warszawa",Wola,,,Hairdresser; Barber,Unknown,,,52.2264477,20.9800752,OpenStreetMap / Overpass API,https://www.openstreetmap.org/node/10775974932,10:00-21:00
11014357955,node,Si Salon,Siedmiogrodzka 7,Wola,,,Beauty salon; Nails;Hair;Cosmetics,Unknown,,,52.2311567,20.9708718,OpenStreetMap / Overpass API,https://www.openstreetmap.org/node/11014357955,Mo-Fr 10:00-19:00; Sa 10:00-15:00
12599147242,node,Sia Nail,,Wola,,,Beauty salon; Nails,Unknown,,,52.2247519,20.9402058,OpenStreetMap / Overpass API,https://www.openstreetmap.org/node/12599147242,Mo-Sa 09:00-19:30; Su 10:00-17:00
13883702341,node,Skinic,,Wola,,,Beauty salon,Unknown,,,52.2573261,20.9788958,OpenStreetMap / Overpass API,https://www.openstreetmap.org/node/13883702341,Mo-Su 10:00-22:00
12254565362,node,SkinLab,,Wola,,,Beauty salon,Unknown,,,52.2213589,20.9288763,OpenStreetMap / Overpass API,https://www.openstreetmap.org/node/12254565362,
9448374217,node,Spa 43,,Wola,+48608544200,https://www.spa43.pl,Beauty salon,Unknown,,,52.2233879,20.9445839,OpenStreetMap / Overpass API,https://www.openstreetmap.org/node/9448374217,Mo-Fr 09:00-21:00; Sa 09:00-19:00; Su 11:00-19:00
9972978010,node,Spire Clinic,Siedmiogrodzka 1,Wola,,https://spireclinic.pl,Beauty salon; Aesthetic,Unknown,,,52.2318663,20.9773171,OpenStreetMap / Overpass API,https://www.openstreetmap.org/node/9972978010,Mo-Fr 08:00-21:00; Sa 09:00-18:00
4324204071,node,ST Nails Art,"Banderii 4/U6, 01-164 Warszawa",Wola,,http://stnailart.booksy.com,Beauty salon; Nails,Unknown,,,52.2452668,20.9636812,OpenStreetMap / Overpass API,https://www.openstreetmap.org/node/4324204071,Mo-Fr 09:00-20:00; Sa 09:00-18:00; Su 10:00-18:00
13173217483,node,StarBeauty,,Wola,,,Beauty salon,Unknown,,,52.2207372,20.9339323,OpenStreetMap / Overpass API,https://www.openstreetmap.org/node/13173217483,
11210511483,node,Store Center KM,Żelazna 67,Wola,,,Cosmetics,Unknown,,,52.235153,20.9899039,OpenStreetMap / Overpass API,https://www.openstreetmap.org/node/11210511483,09:00-20:00
8588924080,node,Strefa Cięcia,Elektoralna 28,Wola,,https://strefaciecia.pl,Hairdresser,Unknown,,,52.2386524,20.9928882,OpenStreetMap / Overpass API,https://www.openstreetmap.org/node/8588924080,
9949783354,node,Strefa Urody,,Wola,,,Beauty salon,Unknown,,,52.2505566,20.9796253,OpenStreetMap / Overpass API,https://www.openstreetmap.org/node/9949783354,
9887792982,node,Studio,Łucka 20,Wola,,,Beauty salon; Nails;Eyebrow;Eyelash,Unknown,,,52.2324207,20.9862794,OpenStreetMap / Overpass API,https://www.openstreetmap.org/node/9887792982,Mo-Fr 08:00-19:00; Sa 08:00-14:00
4549148266,node,Studio 25,"Górczewska 25, 01-139 Warszawa",Wola,,,Hairdresser,Unknown,,,52.2370971,20.9637311,OpenStreetMap / Overpass API,https://www.openstreetmap.org/node/4549148266,Mo-Fr 09:00-20:00; Sa 09:00-14:00
13043226329,node,Studio Diva,,Wola,,,Hairdresser,Unknown,,,52.2234937,20.9460941,OpenStreetMap / Overpass API,https://www.openstreetmap.org/node/13043226329,
4250812122,node,Studio fryzjersko-kosmetyczne,,Wola,,,Beauty salon,Unknown,,,52.2371641,20.9443584,OpenStreetMap / Overpass API,https://www.openstreetmap.org/node/4250812122,
4548183032,node,Studio Paznokci,,Wola,,,Beauty salon,Unknown,,,52.2397132,20.935174,OpenStreetMap / Overpass API,https://www.openstreetmap.org/node/4548183032,
3488026216,node,Studio Piękności,,Wola,,,Beauty salon,Unknown,,,52.2472013,20.955786,OpenStreetMap / Overpass API,https://www.openstreetmap.org/node/3488026216,
3488026217,node,Studio Urody,,Wola,,,Hairdresser,Unknown,,,52.2471565,20.9546458,OpenStreetMap / Overpass API,https://www.openstreetmap.org/node/3488026217,
1352200032,node,Studio Urody La Biosthetique,,Wola,,,Hairdresser,Unknown,,,52.244334,20.9625105,OpenStreetMap / Overpass API,https://www.openstreetmap.org/node/1352200032,"Mo 11:00-20:00; Tu,We 08:00-20:00; Th 10:00-20:00; Fr 08:00-20:00; Sa 08:00-15:00"
9483622617,node,Stylowy Flaming,,Wola,,,Beauty salon,Unknown,,,52.2245225,20.9423561,OpenStreetMap / Overpass API,https://www.openstreetmap.org/node/9483622617,Mo-Fr 09:00-21:00; Sa 09:00-20:00
11787401410,node,Sunny,Grzybowska 37,Wola,,,Beauty salon; Nails;Eyelash;Eyebrow;Cosmetics,Unknown,,,52.2352255,20.9942376,OpenStreetMap / Overpass API,https://www.openstreetmap.org/node/11787401410,Mo-Fr 09:00-20:00; Sa 10:00-18:00; Su 11:00-18:00
4324204078,node,Sunrise,"Banderii 4, 01-164 Warszawa",Wola,+48728566356,,Beauty salon,Unknown,,,52.2455354,20.9632026,OpenStreetMap / Overpass API,https://www.openstreetmap.org/node/4324204078,Mo-Fr 11:00-20:00; Sa 10:00-15:00
8617187626,node,Sylwia Gietler,Żelazna 29,Wola,,,Beauty salon; Nails;Cosmetics,Unknown,,,52.2285988,20.9943831,OpenStreetMap / Overpass API,https://www.openstreetmap.org/node/8617187626,Mo-Fr 09:00-20:00; Sa 09:00-15:00
4945646300,node,Syndicate,Marcina Kasprzaka 7,Wola,,,Hairdresser,Unknown,,,52.228674,20.9739084,OpenStreetMap / Overpass API,https://www.openstreetmap.org/node/4945646300,
4966946231,node,Syrenka Nail Art,Sebastiana Klonowicza 2,Wola,,,Beauty salon; Nails,Unknown,,,52.2286463,20.9627213,OpenStreetMap / Overpass API,https://www.openstreetmap.org/node/4966946231,Tu-Fr 10:00-19:00; Sa-Su 10:00-17:00
4549417456,node,Szok-Lok,"Górczewska 27/35, 01-147 Warszawa",Wola,,,Hairdresser,Unknown,,,52.2372485,20.9620793,OpenStreetMap / Overpass API,https://www.openstreetmap.org/node/4549417456,
12450976475,node,T9,Aleja „Solidarności” 129/131,Wola,,,Beauty salon; Nails;Eyelash;Eyebrow;Cosmetics,Unknown,,,52.2404526,20.9899338,OpenStreetMap / Overpass API,https://www.openstreetmap.org/node/12450976475,Mo-Sa 10:00-20:00; Su 10:00-15:00
11018107016,node,Tajski Raj,,Wola,,,Massage,Unknown,,,52.2237317,20.944402,OpenStreetMap / Overpass API,https://www.openstreetmap.org/node/11018107016,
4195294356,node,Taka Studio,Karolkowa 30,Wola,,,Beauty salon,Unknown,,,52.2318571,20.977889,OpenStreetMap / Overpass API,https://www.openstreetmap.org/node/4195294356,Mo-Sa 10:00-20:00
5693296912,node,TaniFryz,,Wola,+48505546803,http://www.tanifryz.pl,Hairdresser,Unknown,,,52.2404303,20.9669528,OpenStreetMap / Overpass API,https://www.openstreetmap.org/node/5693296912,Mo-Fr 09:00-19:00; Sa 09:00-15:00
9735998815,node,Thai Bali Massage,Marcina Kasprzaka 31,Wola,,,Massage,Unknown,,,52.227397,20.9536422,OpenStreetMap / Overpass API,https://www.openstreetmap.org/node/9735998815,12:00-22:00
11257758444,node,Thai Bali Spa,,Wola,+48669081092,https://thaibalispa.pl,Massage,Unknown,,,52.2225075,20.9388279,OpenStreetMap / Overpass API,https://www.openstreetmap.org/node/11257758444,11:00-22:00
9804261667,node,Thai Sun,Łucka 20,Wola,,,Massage,Unknown,,,52.232457,20.9870705,OpenStreetMap / Overpass API,https://www.openstreetmap.org/node/9804261667,10:00-22:00
13413488741,node,Thai World Spa,Aleja Jana Pawła II 43A,Wola,,,Massage,Unknown,,,52.2431561,20.9918442,OpenStreetMap / Overpass API,https://www.openstreetmap.org/node/13413488741,11:00-22:00
13784620312,node,The Krasa,Burakowska 16,Wola,,,Beauty salon; Nails;Eyelash;Eyebrow,Unknown,,,52.2566561,20.9777558,OpenStreetMap / Overpass API,https://www.openstreetmap.org/node/13784620312,Mo-Fr 10:00-20:00; Sa 12:00-16:00
9790713895,node,The Open Place,Prosta 36,Wola,,,Beauty salon; Nails;Hair,Unknown,,,52.2310405,20.9860463,OpenStreetMap / Overpass API,https://www.openstreetmap.org/node/9790713895,Mo-Fr 09:00-20:00; Sa-Su 09:00-16:00
11948175226,node,The Pedicure Spa,Chłodna 48,Wola,,,Beauty salon; Nails;Cosmetics;Massage;Eyelash;Eyebrow;Tanning,Unknown,,,52.2365764,20.9847302,OpenStreetMap / Overpass API,https://www.openstreetmap.org/node/11948175226,Mo-Fr 09:00-21:00; Sa 09:00-18:00
4308863338,node,The Star,Siedmiogrodzka 1,Wola,,,Hairdresser; Barber,Unknown,,,52.230956,20.9772409,OpenStreetMap / Overpass API,https://www.openstreetmap.org/node/4308863338,"Mo,Su 11:00-18:00; Tu-Sa 10:00-21:00"
11018104025,node,This is Love,,Wola,+48577575208,,Beauty salon,Unknown,,,52.2234758,20.9440554,OpenStreetMap / Overpass API,https://www.openstreetmap.org/node/11018104025,Mo-Sa 09:00-21:00; Su 10:00-19:00
8422163586,node,Time for Wax,Prosta 51,Wola,,,Beauty salon,Unknown,,,52.2305094,20.9869614,OpenStreetMap / Overpass API,https://www.openstreetmap.org/node/8422163586,Mo-Fr 10:00-20:00; Oct-Mar Sa 10:00-16:00;Apr-Sep Sa 09:00-17:00
10998234427,node,Time for Wax,,Wola,,,Beauty salon; Hair Removal,Unknown,,,52.241698,20.9340768,OpenStreetMap / Overpass API,https://www.openstreetmap.org/node/10998234427,
12865015502,node,TK Laser,"Kolejowa 43, Warszawa",Wola,,,Beauty salon,Unknown,,,52.2263779,20.9798232,OpenStreetMap / Overpass API,https://www.openstreetmap.org/node/12865015502,Mo-Sa 09:00-22:00
8344136016,node,Top Fade Barber Shop,,Wola,,,Hairdresser,Unknown,,,52.2302268,20.9985979,OpenStreetMap / Overpass API,https://www.openstreetmap.org/node/8344136016,Mo-Sa 09:00-20:00; Su 12:00-19:00
6510679135,node,Top Fryzjer,,Wola,,,Hairdresser,Unknown,,,52.2354779,20.9384992,OpenStreetMap / Overpass API,https://www.openstreetmap.org/node/6510679135,
9765625427,node,Totem,Giełdowa 4A,Wola,,,Hairdresser; Barber,Unknown,,,52.2307282,20.9753065,OpenStreetMap / Overpass API,https://www.openstreetmap.org/node/9765625427,Mo-Fr 08:00-20:00; Sa 09:00-16:00
10540133843,node,Towarzystwo,Łucka 2/4/6,Wola,,,Hairdresser,Unknown,,,52.2330701,20.9912108,OpenStreetMap / Overpass API,https://www.openstreetmap.org/node/10540133843,Mo-Fr 10:00-20:00; Sa 10:00-16:00
10775974952,node,Trendi,"Kolejowa 43, Warszawa",Wola,,,Beauty salon; Skin Care,Unknown,,,52.2256743,20.9803475,OpenStreetMap / Overpass API,https://www.openstreetmap.org/node/10775974952,
11948173022,node,Trendy Line,Ogrodowa 50A,Wola,,,Beauty salon; Cosmetics;Hair;Tanning;Massage,Unknown,,,52.2378106,20.984984,OpenStreetMap / Overpass API,https://www.openstreetmap.org/node/11948173022,
12115400781,node,U Edyty,Skierniewicka 34,Wola,,,Hairdresser,Unknown,,,52.2330769,20.9690827,OpenStreetMap / Overpass API,https://www.openstreetmap.org/node/12115400781,Mo-Fr 09:00-20:00; Sa 09:00-15:00
9972925233,node,U Werki,Giełdowa 4A,Wola,,,Beauty salon; Aesthetic;Hair Removal;Laser Hair Removal,Unknown,,,52.2307054,20.975128,OpenStreetMap / Overpass API,https://www.openstreetmap.org/node/9972925233,
13090104557,node,Urban Skin,Nowolipie 31,Wola,,,Beauty salon,Unknown,,,52.2412286,20.9869391,OpenStreetMap / Overpass API,https://www.openstreetmap.org/node/13090104557,11:00-20:00
12531626663,node,Vibe Barbershop,Marcina Kasprzaka 29A,Wola,,,Hairdresser; Barber,Unknown,,,52.2270388,20.9561594,OpenStreetMap / Overpass API,https://www.openstreetmap.org/node/12531626663,09:00-21:00
12687986964,node,Vibrate Warsaw,Skierniewicka 14,Wola,,,Hairdresser,Unknown,,,52.2300609,20.9695584,OpenStreetMap / Overpass API,https://www.openstreetmap.org/node/12687986964,
12983034508,node,VIKI BEAUTY SPACE,"Banderii 4/U12, 01-164 Warszawa",Wola,+48574571676,https://booksy.com/pl-pl/154235_viki-beauty-space_salon-kosmetyczny_3_warszawa,Beauty salon,Unknown,,,52.2457971,20.9627139,OpenStreetMap / Overpass API,https://www.openstreetmap.org/node/12983034508,Mo-Sa 10:00-20:00
10611775870,node,Viktoria Beauty Room,"Radziwie 3/U1, 01-164 Warszawa",Wola,+48604420425,https://viktoriabeautyroom43.booksy.com,Beauty salon,Unknown,,,52.2446799,20.9615022,OpenStreetMap / Overpass API,https://www.openstreetmap.org/node/10611775870,Mo-Fr 08:00-20:00; Sa 08:00-18:00
1147358490,way,Vin Nails,,Wola,,,Beauty salon,Unknown,,,52.2237106,20.9274325,OpenStreetMap / Overpass API,https://www.openstreetmap.org/way/1147358490,Mo-Sa 10:00-21:00; PH off
9773027207,node,Viola,Miedziana 4A,Wola,,,Hairdresser,Unknown,,,52.2283708,20.9911221,OpenStreetMap / Overpass API,https://www.openstreetmap.org/node/9773027207,Mo-Fr 10:00-17:00; Sa 08:00-14:00
13883698077,node,Vèritè,,Wola,,,Beauty salon,Unknown,,,52.2573069,20.9788196,OpenStreetMap / Overpass API,https://www.openstreetmap.org/node/13883698077,
10113772111,node,W kółko golony,"Żytnia 75/77, 01-149 Warszawa",Wola,+48224240948,,Hairdresser,Unknown,,,52.2386153,20.9631111,OpenStreetMap / Overpass API,https://www.openstreetmap.org/node/10113772111,"Mo-Fr 09:00-20:00,Su 10:00-15:00"
10113763010,node,W ząbek czesany,"Górczewska 22, 01-147 Warszawa",Wola,+48883322649,,Hairdresser,Unknown,,,52.2378204,20.9625428,OpenStreetMap / Overpass API,https://www.openstreetmap.org/node/10113763010,Mo-Fr 09:00-20:00; Su 09:00-15:00
10095724691,node,Wars i Sawa Clinic,,Wola,+48603067576,https://warsisawaclinic.pl,Beauty salon,Unknown,,,52.2250698,20.9441058,OpenStreetMap / Overpass API,https://www.openstreetmap.org/node/10095724691,Mo-Fr 09:00-21:00; Sa 10:00-16:00
10865524027,node,Warsaw Nails,Aleja Jana Pawła II 61,Wola,,,Beauty salon; Nails,Unknown,,,52.2478435,20.9878419,OpenStreetMap / Overpass API,https://www.openstreetmap.org/node/10865524027,
3283572205,node,Warsztat Cięcia,Sebastiana Klonowicza 2,Wola,,,Hairdresser,Unknown,,,52.2288793,20.9625765,OpenStreetMap / Overpass API,https://www.openstreetmap.org/node/3283572205,
4796210397,node,Wax & Nail Bar,Pańska 96,Wola,,,Nails;Hair Removal;Waxing,Unknown,,,52.231282,20.9903328,OpenStreetMap / Overpass API,https://www.openstreetmap.org/node/4796210397,
8810760482,node,WeLove iKeratin,Żelazna 67,Wola,+48530986000,https://welovekeratin.pl,Hairdresser,Unknown,,,52.2352886,20.9897327,OpenStreetMap / Overpass API,https://www.openstreetmap.org/node/8810760482,"Mo-Fr 10:00-19:00; Fr,Sa 10:00-14:00"
13883711886,node,Westbil,,Wola,,,Hairdresser; Barber,Unknown,,,52.2572427,20.9786335,OpenStreetMap / Overpass API,https://www.openstreetmap.org/node/13883711886,Mo-Sa 10:00-20:00; Su 10:00-18:00
1774637466,node,Wiesia,Wolska 68/72,Wola,,,Hairdresser,Unknown,,,52.2332143,20.9623716,OpenStreetMap / Overpass API,https://www.openstreetmap.org/node/1774637466,Mo-Fr 08:00-19:00; Sa 08:00-13:00
9804261668,node,Wiśniewski,,Wola,,,Hairdresser,Unknown,,,52.2325182,20.9878862,OpenStreetMap / Overpass API,https://www.openstreetmap.org/node/9804261668,Mo-Fr 08:30-21:00; Sa 09:00-20:00
11210522173,node,Wola Włosów,Żelazna 64,Wola,,,Hairdresser,Unknown,,,52.2359579,20.9901403,OpenStreetMap / Overpass API,https://www.openstreetmap.org/node/11210522173,
10082314433,node,Wspaniale,,Wola,,,Beauty salon,Unknown,,,52.2230408,20.9369904,OpenStreetMap / Overpass API,https://www.openstreetmap.org/node/10082314433,
9448453617,node,X Nail Wola,,Wola,+48574811954,,Beauty salon,Unknown,,,52.2248892,20.9447955,OpenStreetMap / Overpass API,https://www.openstreetmap.org/node/9448453617,Mo-Su 09:00-21:00
12140566166,node,X-Tan,Ogrodowa 32,Wola,,,Beauty salon; Tanning,Unknown,,,52.2390057,20.9881096,OpenStreetMap / Overpass API,https://www.openstreetmap.org/node/12140566166,Mo-Fr 10:00-22:00; Sa 10:00-20:00; Su 12:00-18:00
5224797766,node,Xena,Górczewska 15,Wola,+48226310849,,Hairdresser,Unknown,,,52.2366251,20.9676228,OpenStreetMap / Overpass API,https://www.openstreetmap.org/node/5224797766,Mo-Fr 09:00-20:00; Sa 09:00-15:00
9887792972,node,Xoxo Academy,Łucka 18,Wola,,,Beauty salon,Unknown,,,52.2329185,20.9878953,OpenStreetMap / Overpass API,https://www.openstreetmap.org/node/9887792972,Mo-Sa 10:00-20:00
10865524025,node,Yo!Zen,Aleja Jana Pawła II 61,Wola,,,Massage,Unknown,,,52.2477221,20.987949,OpenStreetMap / Overpass API,https://www.openstreetmap.org/node/10865524025,Mo-Fr 08:00-21:00; Sa-Su 11:00-19:00
11787396655,node,Yuliya Stadnik,Waliców 11,Wola,,,Beauty salon; Nails;Eyebrow,Unknown,,,52.2342371,20.9923884,OpenStreetMap / Overpass API,https://www.openstreetmap.org/node/11787396655,09:00-21:00
10998103626,node,Yves Rocher,,Wola,,,Cosmetics,Unknown,,,52.241537,20.9331956,OpenStreetMap / Overpass API,https://www.openstreetmap.org/node/10998103626,
12842396287,node,Zaharevich Nails,Płocka 15,Wola,,,Beauty salon; Nails,Unknown,,,52.2322426,20.9657095,OpenStreetMap / Overpass API,https://www.openstreetmap.org/node/12842396287,
12978140297,node,Zdrowy System,Józefa Bema 83,Wola,,,Massage,Unknown,,,52.2289097,20.95862,OpenStreetMap / Overpass API,https://www.openstreetmap.org/node/12978140297,
9925358998,node,Zen Thai Spa,,Wola,,,Massage,Unknown,,,52.234088,20.9599933,OpenStreetMap / Overpass API,https://www.openstreetmap.org/node/9925358998,
10998234424,node,Ziaja,,Wola,,,Cosmetics,Unknown,,,52.2419657,20.9332882,OpenStreetMap / Overpass API,https://www.openstreetmap.org/node/10998234424,
9915203970,node,Zielony Warkocz,,Wola,,,Cosmetics,Unknown,,,52.2211023,20.9301008,OpenStreetMap / Overpass API,https://www.openstreetmap.org/node/9915203970,
9060802144,node,Zmalowana Wola salon kosmetyczny,"Radziwie 7/U05, 01-164 Warszawa",Wola,+48662392161,https://www.facebook.com/ZmalowanaWola,Beauty salon; Nails;Pedicure;Waxing;Hair Removal;Eyebrow;Eyelash;Manicure,Unknown,,,52.2456226,20.9609525,OpenStreetMap / Overpass API,https://www.openstreetmap.org/node/9060802144,Mo-Sa 09:00-21:00
11983470342,node,Złote Babki,Górczewska 4,Wola,,,Beauty salon; Nails;Cosmetics;Eyebrow;Eyelash,Unknown,,,52.2372229,20.9713601,OpenStreetMap / Overpass API,https://www.openstreetmap.org/node/11983470342,Mo-Fr 08:00-20:00; Sa 08:00-16:00
12071382469,node,Świat Masażu i Relaksu,,Wola,,,Massage,Unknown,,,52.2406697,20.9805183,OpenStreetMap / Overpass API,https://www.openstreetmap.org/node/12071382469,
7187147405,node,014 Barbershop,,Włochy,,,Hairdresser; Barber,Unknown,,,52.2059589,20.8931765,OpenStreetMap / Overpass API,https://www.openstreetmap.org/node/7187147405,Mo-Sa 10:00-20:00; PH off
11434349335,node,Aelia Beauty,Żwirki i Wigury 1,Włochy,,,Cosmetics,Unknown,,,52.1706483,20.972379,OpenStreetMap / Overpass API,https://www.openstreetmap.org/node/11434349335,
9952896558,node,Art of Nails,Popularna 14,Włochy,,,Beauty salon; Nails,Unknown,,,52.204813,20.9188607,OpenStreetMap / Overpass API,https://www.openstreetmap.org/node/9952896558,
1684580925,node,Artur,,Włochy,,,Hairdresser,Unknown,,,52.2039314,20.92471,OpenStreetMap / Overpass API,https://www.openstreetmap.org/node/1684580925,Mo-Fr 11:00-20:00; Sa 09:00-15:00
11164600584,node,Astezis,Popularna 51,Włochy,,,Hairdresser,Unknown,,,52.2035737,20.9266539,OpenStreetMap / Overpass API,https://www.openstreetmap.org/node/11164600584,Mo-Sa 09:00-21:00; Su 10:00-19:00
9942708503,node,Azja Spa,"Pola Karolińskie 2, 02-401 Warszawa",Włochy,+48570505556,,Massage,Unknown,,,52.2091138,20.8925966,OpenStreetMap / Overpass API,https://www.openstreetmap.org/node/9942708503,Mo-Fr 12:00-21:00; Sa-Su 11:00-22:00; PH off
7187147416,node,Beauty Addicted,,Włochy,,,Beauty salon,Unknown,,,52.2061922,20.893395,OpenStreetMap / Overpass API,https://www.openstreetmap.org/node/7187147416,Mo-Fr 10:00-20:00; Sa 10:00-18:00; PH off
13098980359,node,Beauty Flash,,Włochy,+48576722440,https://beautyflash.pl,Beauty salon; Aesthetic;Eyebrow;Eyelash;Hair Removal;Massage,Unknown,,,52.1964335,20.9630327,OpenStreetMap / Overpass API,https://www.openstreetmap.org/node/13098980359,Mo-Su 09:00-21:00
10693100090,node,Beauty Studio,Zdobnicza 2,Włochy,,,Beauty salon; Nails;Cosmetics;Hair;Eyebrow;Massage,Unknown,,,52.2088779,20.9130866,OpenStreetMap / Overpass API,https://www.openstreetmap.org/node/10693100090,
11704568117,node,Bee,Kleszczowa 3A,Włochy,,,Beauty salon; Nails;Eyelash;Eyebrow,Unknown,,,52.199699,20.9151891,OpenStreetMap / Overpass API,https://www.openstreetmap.org/node/11704568117,Mo-Fr 09:00-20:00; Sa 11:00-18:00
2661610612,node,Bożena,Konewki 1,Włochy,,,Hairdresser,Unknown,,,52.2041665,20.921901,OpenStreetMap / Overpass API,https://www.openstreetmap.org/node/2661610612,"Mo,Tu 11:00-19:00; We-Fr 09:00-19:00; Sa 09:00-15:00"
9952896520,node,BS Nail & Spa,Popularna 8/10,Włochy,,,Beauty salon; Nails,Unknown,,,52.2050687,20.9175097,OpenStreetMap / Overpass API,https://www.openstreetmap.org/node/9952896520,Mo-Sa 09:00-19:00
13363704545,node,Cami Beauty,,Włochy,+48572010562,,Beauty salon; Cosmetics;Eyelash;Nails,Unknown,,,52.200457,20.9406732,OpenStreetMap / Overpass API,https://www.openstreetmap.org/node/13363704545,Mo-Fr 09:00-20:00; Sa 09:00-15:00
11164600580,node,City Beauty,,Włochy,,,Beauty salon,Unknown,,,52.2028137,20.9285948,OpenStreetMap / Overpass API,https://www.openstreetmap.org/node/11164600580,
7865795725,node,Cutcore,,Włochy,,,Hairdresser,Unknown,,,52.1977055,20.9598683,OpenStreetMap / Overpass API,https://www.openstreetmap.org/node/7865795725,"Mo-Fr 10:00-20:00; Sa,Su 09:00-19:00"
1315082046,way,D'zai,,Włochy,,,Beauty salon; Eyelash;Nails,Unknown,,,52.1935208,20.952077,OpenStreetMap / Overpass API,https://www.openstreetmap.org/way/1315082046,Mo-Sa 09:00-21:00; Su 10:00-17:00
12137787072,node,DAB Studio,,Włochy,,,Hairdresser; Barber,Unknown,,,52.196282,20.9629262,OpenStreetMap / Overpass API,https://www.openstreetmap.org/node/12137787072,Mo-Sa 10:00-20:00; Su 10:00-19:00
9942708504,node,Diazurro,"Pola Karolińskie 2A, 02-401 Warszawa",Włochy,+48664274389,,Beauty salon,Unknown,,,52.2090109,20.8924919,OpenStreetMap / Overpass API,https://www.openstreetmap.org/node/9942708504,Mo-Fr 10:00-20:00; Sa 08:00-14:00; PH off
107182983,way,Donald Shop,Aleja krakowska 268,Włochy,,,Beauty salon,Unknown,,,52.1931182,20.9612779,OpenStreetMap / Overpass API,https://www.openstreetmap.org/way/107182983,Mo-Su 07:30-19:30
12219108155,node,Dziewczyny z pazurem,,Włochy,+48512458328,https://dziewczynyzpazurem.pl,Beauty salon; Eyelash;Nails;Waxing,Unknown,,,52.1913758,20.9672056,OpenStreetMap / Overpass API,https://www.openstreetmap.org/node/12219108155,Mo-Fr 10:00-20:00; Sa 09:00-15:00
3475508570,node,Edyta,Bolesława Chrobrego 14,Włochy,,,Hairdresser,Unknown,,,52.2037598,20.9150802,OpenStreetMap / Overpass API,https://www.openstreetmap.org/node/3475508570,Mo-Fr 09:00-19:00; Sa 09:00-15:00
11164797605,node,Factory Style,Ryżowa 4,Włochy,,,Beauty salon; Nails;Hair;Massage,Unknown,,,52.1992895,20.9134393,OpenStreetMap / Overpass API,https://www.openstreetmap.org/node/11164797605,Mo-Fr 10:00-20:00; Sa-Su 10:00-18:00
11704629428,node,Fitcalist,Kleszczowa 18,Włochy,,,Beauty salon,Unknown,,,52.1983659,20.9174881,OpenStreetMap / Overpass API,https://www.openstreetmap.org/node/11704629428,
11164600578,node,Fryzjernia,Popularna 64,Włochy,,,Hairdresser,Unknown,,,52.2026785,20.9290595,OpenStreetMap / Overpass API,https://www.openstreetmap.org/node/11164600578,Mo-Fr 10:00-20:00; Sa 09:00-15:00
11899184569,node,Gestalt Barbershop,02-232,Włochy,+48453354786,https://booksy.com/pl-pl/dl/show-business/224410,Hairdresser; Barber,Unknown,,,52.1939123,20.9368302,OpenStreetMap / Overpass API,https://www.openstreetmap.org/node/11899184569,Mo-Su 10:00-21:00
1315082025,way,Glam Time,,Włochy,,,Hairdresser,Unknown,,,52.1935246,20.9517274,OpenStreetMap / Overpass API,https://www.openstreetmap.org/way/1315082025,Mo-Sa 10:00-21:00
12378558006,node,Hair91,"Wschodu Słońca 7, 02-226 Warszawa",Włochy,+48690949900,https://hair91.pl,Hairdresser; Hair Colour,Unknown,,,52.2005295,20.9404032,OpenStreetMap / Overpass API,https://www.openstreetmap.org/node/12378558006,Mo-Fr 09:00-18:00
13897265402,node,Hamak SPA Chill&Beauty salon kosmetyczny Warszawa,"Naukowa 16/3, 02-463 Warszawa",Włochy,+48509116028,https://hamakspa.pl,Beauty salon; Nails;Cosmetics;Spa;Skin Care;Waxing;Hair Removal;Massage;Aesthetic;Eyebrow,Unknown,,,52.2044584,20.9324959,OpenStreetMap / Overpass API,https://www.openstreetmap.org/node/13897265402,Mo-Fr 08:00-22:00; Sa-Su 09:00-18:00
9942708506,node,Happyman,"Pola Karolińskie 2A, 02-401 Warszawa",Włochy,+48797800161,,Hairdresser,Unknown,,,52.2089237,20.8923989,OpenStreetMap / Overpass API,https://www.openstreetmap.org/node/9942708506,Mo-Sa 09:00-21:00; PH off
12291770248,node,HX Nails & Lashes,,Włochy,+48530686868,,Beauty salon; Eyelash;Nails,Unknown,,,52.198041,20.9584528,OpenStreetMap / Overpass API,https://www.openstreetmap.org/node/12291770248,"Mo-Fr 09:00-20:00; Sa,Su 09:00-18:00"
11165026025,node,ItalStyle,Potrzebna 1,Włochy,,,Hairdresser,Unknown,,,52.2071566,20.9163848,OpenStreetMap / Overpass API,https://www.openstreetmap.org/node/11165026025,Mo-Fr 09:00-19:00; Sa 08:00-15:00
9952825206,node,Jagoda,Popularna 1,Włochy,,,Beauty salon; Nails;Hair;Cosmetics,Unknown,,,52.2061234,20.9166797,OpenStreetMap / Overpass API,https://www.openstreetmap.org/node/9952825206,Mo-Fr 09:00-20:00; Sa 08:00-16:00
9997857831,node,Kama,,Włochy,+48606107178,,Hairdresser,Unknown,,,52.1525926,20.9317057,OpenStreetMap / Overpass API,https://www.openstreetmap.org/node/9997857831,
11164739112,node,Kącik Urody,Bolesława Chrobrego 23,Włochy,,,Beauty salon; Nails;Cosmetics;Eyelash,Unknown,,,52.2021201,20.915143,OpenStreetMap / Overpass API,https://www.openstreetmap.org/node/11164739112,
13234333706,node,La Belle,,Włochy,+48573999234,https://labelle.waw.pl,Beauty salon; Cosmetics,Unknown,,,52.1930394,20.9417373,OpenStreetMap / Overpass API,https://www.openstreetmap.org/node/13234333706,
9952825209,node,La Estetica,Popularna 1,Włochy,,,Beauty salon,Unknown,,,52.205816,20.9167214,OpenStreetMap / Overpass API,https://www.openstreetmap.org/node/9952825209,
11736539320,node,Love Story,,Włochy,,,Beauty salon,Unknown,,,52.2060497,20.8932739,OpenStreetMap / Overpass API,https://www.openstreetmap.org/node/11736539320,Mo-Sa 10:00-20:00; PH off
9128661540,node,Manufaktura Urody,,Włochy,+48608074301,https://www.facebook.com/manufakturaurodyiwonarebis,Beauty salon,Unknown,,,52.204831,20.8936822,OpenStreetMap / Overpass API,https://www.openstreetmap.org/node/9128661540,Mo-Fr 09:00-19:00; Sa 09:00-15:00; PH off
13606312312,node,Marie,,Włochy,,https://www.salonmarie.pl,Hairdresser,Unknown,,,52.1951211,20.9618977,OpenStreetMap / Overpass API,https://www.openstreetmap.org/node/13606312312,
8538187593,node,MB Beauty Clinic,,Włochy,,,Beauty salon; Aesthetic;Hair Removal,Unknown,,,52.1994469,20.9522653,OpenStreetMap / Overpass API,https://www.openstreetmap.org/node/8538187593,Mo 09:00-21:00; Tu 09:00-21:00; We 08:00-19:00; Th 09:00-10:00; Fr 08:00-20:00; Sa 09:00-16:00; Su off
12073426645,node,Meg Estetica Clinic,,Włochy,+48575933560,https://megesteticaclinic.pl,Beauty salon; Aesthetic,Unknown,,,52.1924128,20.9551624,OpenStreetMap / Overpass API,https://www.openstreetmap.org/node/12073426645,Mo-Th 15:30-20:00; Fr 08:00-20:00
12645421226,node,Meo,,Włochy,,,Hairdresser; Barber,Unknown,,,52.200586,20.9401304,OpenStreetMap / Overpass API,https://www.openstreetmap.org/node/12645421226,Mo-Sa 09:00-20:00; Su 10:00-18:00
12956032836,node,Mister Cut,,Włochy,,,Hairdresser; Barber,Unknown,,,52.1995905,20.9515923,OpenStreetMap / Overpass API,https://www.openstreetmap.org/node/12956032836,Mo-Fr 11:00-21:00; Sa-Su 09:00-19:00
12291770251,node,Mniej na głowie,,Włochy,,,Hairdresser; Barber,Unknown,,,52.1981426,20.9580445,OpenStreetMap / Overpass API,https://www.openstreetmap.org/node/12291770251,Mo-Fr 12:00-20:00; Sa 10:00-17:00; Su off
7865795722,node,Oxy Bio Med,,Włochy,,https://oxybiomed.pl,Beauty salon; Hiperbaric,Unknown,,,52.197833,20.9593854,OpenStreetMap / Overpass API,https://www.openstreetmap.org/node/7865795722,Mo-Fr 09:00-19:00; Sa 09:00-15:00
9309152797,node,Pour Moi,,Włochy,,,Beauty salon; Eyebrow;Eyelash;Hair Removal;Massage;Nails,Unknown,,,52.1980467,20.9546966,OpenStreetMap / Overpass API,https://www.openstreetmap.org/node/9309152797,"Mo-Fr 09:00-21:30; Sa,Su 09:00-21:00"
9097407463,node,Prestige,,Włochy,,,Beauty salon; Nails,Unknown,,,52.1952099,20.9630917,OpenStreetMap / Overpass API,https://www.openstreetmap.org/node/9097407463,Mo-Fr 10:00-19:00; Sa 09:00-15:00
13556354983,node,R&S,Kazimierza Wielkiego 2,Włochy,,,Beauty salon; Nails;Eyebrow;Cosmetics;Hair;Massage,Unknown,,,52.1906022,20.9549468,OpenStreetMap / Overpass API,https://www.openstreetmap.org/node/13556354983,
10135538089,node,Rach Ciach,,Włochy,,,Hairdresser,Unknown,,,52.1588247,20.9249956,OpenStreetMap / Overpass API,https://www.openstreetmap.org/node/10135538089,
8345759872,node,Rafał Kurlej Atelier,,Włochy,,,Hairdresser,Unknown,,,52.1975672,20.9533968,OpenStreetMap / Overpass API,https://www.openstreetmap.org/node/8345759872,Mo-Fr 09:00-20:00; Sa 09:00-16:00
9891360651,node,Rakowski Fryzjer,,Włochy,,,Hairdresser,Unknown,,,52.1981376,20.9528514,OpenStreetMap / Overpass API,https://www.openstreetmap.org/node/9891360651,
9128661539,node,Royal Beauty Clinic,,Włochy,+48791095199,https://www.royalbeautyclinic.pl,Beauty salon,Unknown,,,52.2051104,20.8938085,OpenStreetMap / Overpass API,https://www.openstreetmap.org/node/9128661539,Mo-Fr 09:00-21:00; Sa 09:00-15:00; PH off
9952896535,node,Saiyn Studio,Popularna 50,Włochy,,,Beauty salon; Nails;Eyelash;Cosmetics,Unknown,,,52.2031607,20.9266145,OpenStreetMap / Overpass API,https://www.openstreetmap.org/node/9952896535,Mo-Fr 09:00-19:30; Sa 09:00-18:00
11382101982,node,Salon Fryzjerski Piotr Kozłowski,"Równoległa 7, 02-235 Warszawa",Włochy,,,Hairdresser,Unknown,,,52.2008302,20.9453339,OpenStreetMap / Overpass API,https://www.openstreetmap.org/node/11382101982,Mo-Fr 10:00-20:00; Sa 09:00-15:00; Su off
2796464201,node,Studio Urody Feel Good,"Aleja Krakowska 35, 05-090 Raszyn",Włochy,+48661431649,,Hairdresser,Unknown,,,52.155724,20.9216002,OpenStreetMap / Overpass API,https://www.openstreetmap.org/node/2796464201,9:00-20:00
6586519822,node,Studio Urody Renata,"Księdza Juliana Chrościckiego 20, 02-421 Warszawa",Włochy,,,Hairdresser,Unknown,,,52.207729,20.9053805,OpenStreetMap / Overpass API,https://www.openstreetmap.org/node/6586519822,Mo-Fr 08:00-20:00; Sa 08:00-15:00
12291770249,node,Styl Twist,,Włochy,,,Hairdresser,Unknown,,,52.1981012,20.9582107,OpenStreetMap / Overpass API,https://www.openstreetmap.org/node/12291770249,"Mo-Tu, Th-Fr 10:15-19:00; We 12:00-19:00; Sa 10:15-15:00; Su off"
13363704551,node,Thai Bali Spa,,Włochy,+48789839279,https://thaibalispa.pl/salony/lopuszanska,Massage,Unknown,,,52.1936125,20.938355,OpenStreetMap / Overpass API,https://www.openstreetmap.org/node/13363704551,Mo-Su 11:00-21:00
1491645054,node,Vin Nails,,Włochy,,,Beauty salon; Nails,Unknown,,,52.1993923,20.9372844,OpenStreetMap / Overpass API,https://www.openstreetmap.org/node/1491645054,
1315082013,way,Vin Nails,,Włochy,,,Beauty salon; Eyebrow;Eyelash;Nails;Hair,Unknown,,,52.1937431,20.9517911,OpenStreetMap / Overpass API,https://www.openstreetmap.org/way/1315082013,
11164495915,node,Wyczesana Baśka,Naukowa 4,Włochy,,,Beauty salon; Hair;Hair Removal,Unknown,,,52.2024972,20.9318572,OpenStreetMap / Overpass API,https://www.openstreetmap.org/node/11164495915,Mo-Fr 08:00-20:00; Sa 09:00-14:00
3554613913,node,Włos z Pazurem,"Obywatelska 5, 02-409 warszawa",Włochy,,https://www.moment.pl/wlos-z-pazurem,Hairdresser,Unknown,,,52.2058944,20.8930852,OpenStreetMap / Overpass API,https://www.openstreetmap.org/node/3554613913,Mo-Fr 10:00-20:00; Sa 09:00-15:00
1315082039,way,Ziaja,,Włochy,,,Cosmetics,Unknown,,,52.1930778,20.9514831,OpenStreetMap / Overpass API,https://www.openstreetmap.org/way/1315082039,
11055281446,node,1909,Hoża 42,Śródmieście,,,Hairdresser,Unknown,,,52.2265041,21.0148971,OpenStreetMap / Overpass API,https://www.openstreetmap.org/node/11055281446,
8880739222,node,1second Cut,Marszałkowska 85,Śródmieście,,,Hairdresser; Barber,Unknown,,,52.2264843,21.0132523,OpenStreetMap / Overpass API,https://www.openstreetmap.org/node/8880739222,
13272709593,node,365 Laser,Warecka 4/6,Śródmieście,,,Beauty salon; Hair Removal;Laser Hair Removal;Massage,Unknown,,,52.2365942,21.0167682,OpenStreetMap / Overpass API,https://www.openstreetmap.org/node/13272709593,"Mo-Sa 09:00-14:00,15:00-20:00; Su 10:00-18:00"
10075368443,node,4 Hands,Poznańska 3,Śródmieście,,,Beauty salon; Nails,Unknown,,,52.2235724,21.0125151,OpenStreetMap / Overpass API,https://www.openstreetmap.org/node/10075368443,09:00-21:00
5828763956,node,5th Star,"Zygmunta Słomińskiego 7, 00-195 Warszawa",Śródmieście,,https://www.facebook.com/SOLARIUM5thSTAR,Beauty salon; Tanning;Nails;Eyelash;Cosmetics;Hair Removal;Waxing,Unknown,,,52.2570305,20.9923755,OpenStreetMap / Overpass API,https://www.openstreetmap.org/node/5828763956,Mo-Fr 08:30-23:00; Sa 09:00-22:00; Su 10:00-22:00
11062114322,node,Aesthetics,Bonifraterska 10A,Śródmieście,,,Beauty salon,Unknown,,,52.2529924,21.0011755,OpenStreetMap / Overpass API,https://www.openstreetmap.org/node/11062114322,
338661551,node,Afrodyta,"Plac Defilad 1, Warszawa",Śródmieście,,https://afrodytasalon.pl,Beauty salon,Unknown,,,52.2310752,21.0061311,OpenStreetMap / Overpass API,https://www.openstreetmap.org/node/338661551,
11862417546,node,Airtouch Salon,Aleja 3 Maja 7,Śródmieście,,,Beauty salon,Unknown,,,52.2339232,21.0327542,OpenStreetMap / Overpass API,https://www.openstreetmap.org/node/11862417546,
4439856988,node,Akademia Perfect Hair,"Świętokrzyska 32, 00-116 Warszawa",Śródmieście,,https://aph1.pl,Hairdresser,Unknown,,,52.234704,21.0041383,OpenStreetMap / Overpass API,https://www.openstreetmap.org/node/4439856988,
10578284669,node,Akcent,Aleja Jana Pawła II 80,Śródmieście,+48792279283,,Beauty salon; Hair Removal;Hair;Skin Care;Waxing;Eyelash;Eyebrow,Unknown,,,52.2541975,20.9838236,OpenStreetMap / Overpass API,https://www.openstreetmap.org/node/10578284669,Mo-Sa 10:00-20:00
12146536516,node,Alchemic,Stawki 8,Śródmieście,,,Hairdresser,Unknown,,,52.2531277,20.9906926,OpenStreetMap / Overpass API,https://www.openstreetmap.org/node/12146536516,Mo-Fr 09:00-21:00; Sa 09:00-19:00
11194033059,node,Aleksandra Płużyńska,"Tamka 45, Warszawa",Śródmieście,,,Hairdresser,Unknown,,,52.2364615,21.0221468,OpenStreetMap / Overpass API,https://www.openstreetmap.org/node/11194033059,
10004769293,node,Altin Art,Wspólna 51,Śródmieście,,,Hairdresser; Barber,Unknown,,,52.2266688,21.011719,OpenStreetMap / Overpass API,https://www.openstreetmap.org/node/10004769293,10:00-20:00
10837675733,node,AM Beauty,Polna 42,Śródmieście,,,Beauty salon; Nails;Cosmetics,Unknown,,,52.218656,21.0143837,OpenStreetMap / Overpass API,https://www.openstreetmap.org/node/10837675733,
11177403682,node,Ambasada Urody,Wilcza 9A,Śródmieście,,,Beauty salon; Spa,Unknown,,,52.2257465,21.0203353,OpenStreetMap / Overpass API,https://www.openstreetmap.org/node/11177403682,
9904754365,node,Andrzej Frania,Mokotowska 61,Śródmieście,,,Hairdresser,Unknown,,,52.2260545,21.0218143,OpenStreetMap / Overpass API,https://www.openstreetmap.org/node/9904754365,
8894959817,node,Angel,Solec 97,Śródmieście,,,Hairdresser,Unknown,,,52.2360444,21.0303165,OpenStreetMap / Overpass API,https://www.openstreetmap.org/node/8894959817,
10178409952,node,Angelika Avramceva,"Długa 27, Warszawa",Śródmieście,,,Beauty salon; Aesthetic,Unknown,,,52.2473626,21.0051037,OpenStreetMap / Overpass API,https://www.openstreetmap.org/node/10178409952,Mo-Fr 09:00-21:00; Sa 09:00-17:00
9995498173,node,Anna Kubiak,Wspólna 54A,Śródmieście,,,Hairdresser,Unknown,,,52.2268686,21.0111531,OpenStreetMap / Overpass API,https://www.openstreetmap.org/node/9995498173,Mo-Fr 08:00-19:00; Sa 08:00-16:00
9864412332,node,Annabelle Minerals,Mokotowska 42/44,Śródmieście,,,Cosmetics,Unknown,,,52.2243387,21.0211787,OpenStreetMap / Overpass API,https://www.openstreetmap.org/node/9864412332,11:00-19:00
11990773028,node,Arcycięcie,"Mokotowska 3, 00-640 Warszawa",Śródmieście,+48575601333,https://arcyciecie.pl,Hairdresser,Unknown,,,52.2177917,21.0163201,OpenStreetMap / Overpass API,https://www.openstreetmap.org/node/11990773028,Mo-Fr 08:00-20:00; Sa 09:00-17:00
13462366029,node,Arleta Pisarek,Fabryczna 2,Śródmieście,,,Beauty salon; Hair;Nails,Unknown,,,52.2251621,21.0408907,OpenStreetMap / Overpass API,https://www.openstreetmap.org/node/13462366029,
12422551583,node,Art Space,Grzybowska 4,Śródmieście,,,Beauty salon; Hair;Eyelash;Eyebrow;Nails,Unknown,,,52.2376302,21.0011267,OpenStreetMap / Overpass API,https://www.openstreetmap.org/node/12422551583,Mo-Fr 11:00-21:00; Sa 10:00-16:00
10827506988,node,Artisan Dima,Wspólna 71,Śródmieście,,,Hairdresser,Unknown,,,52.2257379,21.0074812,OpenStreetMap / Overpass API,https://www.openstreetmap.org/node/10827506988,Mo-Fr 11:00-19:00; Sa 10:00-15:00
11850799263,node,Asia Spa,Generała Władysława Andersa 15,Śródmieście,,,Beauty salon; Nails;Hair;Spa;Cosmetics;Massage,Unknown,,,52.2486119,20.9972108,OpenStreetMap / Overpass API,https://www.openstreetmap.org/node/11850799263,
9051468466,node,Atelier,,Śródmieście,,,Beauty salon; Cosmetics;Hair,Unknown,,,52.228339,21.0096785,OpenStreetMap / Overpass API,https://www.openstreetmap.org/node/9051468466,
11787517207,node,Atelier Beaute,Grzybowska 9,Śródmieście,,,Beauty salon; Cosmetics,Unknown,,,52.2357727,20.999131,OpenStreetMap / Overpass API,https://www.openstreetmap.org/node/11787517207,Mo-Fr 09:00-20:00; Sa 09:00-15:00
13272632813,node,Aura,Świętokrzyska 18,Śródmieście,,,Massage,Unknown,,,52.2361408,21.0118199,OpenStreetMap / Overpass API,https://www.openstreetmap.org/node/13272632813,
10029627824,node,Babski Concept,Koszykowa 47,Śródmieście,,,Beauty salon; Cosmetics;Nails;Massage,Unknown,,,52.2219481,21.0146847,OpenStreetMap / Overpass API,https://www.openstreetmap.org/node/10029627824,Mo-Fr 09:00-21:00; Sa 09:00-16:00
11062114329,node,Baff Beauty,Bonifraterska 10A,Śródmieście,,,Beauty salon; Nails,Unknown,,,52.2530541,21.0013491,OpenStreetMap / Overpass API,https://www.openstreetmap.org/node/11062114329,09:00-21:00
3185290675,node,Baku City,"Marszałkowska 84/92, Warszawa",Śródmieście,,,Hairdresser,Unknown,,,52.2281973,21.0134565,OpenStreetMap / Overpass API,https://www.openstreetmap.org/node/3185290675,Mo-Sa 09:00-21:00; Su 10:00-19:00
10241276317,node,Balance,Lwowska 2A,Śródmieście,,,Hairdresser,Unknown,,,52.2204439,21.0123825,OpenStreetMap / Overpass API,https://www.openstreetmap.org/node/10241276317,Mo-Sa 10:00-20:00
7770147446,node,Banana Nails,"Chmielna 26, 00-020 Warszawa",Śródmieście,,,Beauty salon; Nails,Unknown,,,52.2324149,21.013248,OpenStreetMap / Overpass API,https://www.openstreetmap.org/node/7770147446,Tu-Fr 11:00-21:00; Sa-Su 12:00-20:00
10979328062,node,Bancerovsky,Wspólna 29/33,Śródmieście,,,Hairdresser,Unknown,,,52.2272941,21.0155079,OpenStreetMap / Overpass API,https://www.openstreetmap.org/node/10979328062,Mo-Fr 12:00-20:00; Sa 10:00-14:00
8894961220,node,Barbara,Solec 103,Śródmieście,,,Hairdresser,Unknown,,,52.2363213,21.0294542,OpenStreetMap / Overpass API,https://www.openstreetmap.org/node/8894961220,Mo-Fr 08:00-19:00; Sa 08:00-15:00
9955517336,node,Barber Couple,Marszałkowska 37A,Śródmieście,,,Hairdresser; Barber,Unknown,,,52.2187382,21.0179992,OpenStreetMap / Overpass API,https://www.openstreetmap.org/node/9955517336,Mo-Fr 10:00-21:00; Sa 10:00-16:00; Su off
10802082220,node,Barberian,Emilii Plater 25,Śródmieście,,,Hairdresser,Unknown,,,52.2252593,21.0070236,OpenStreetMap / Overpass API,https://www.openstreetmap.org/node/10802082220,Mo-Fr 07:00-22:00; Sa 09:00-15:00
10119382903,node,Barbers,Radna 10,Śródmieście,,,Hairdresser,Unknown,,,52.240922,21.0236554,OpenStreetMap / Overpass API,https://www.openstreetmap.org/node/10119382903,
10162330005,node,Barbers.two,"Piękna 24/26A, Warszawa",Śródmieście,,,Hairdresser; Barber,Unknown,,,52.2235606,21.0177789,OpenStreetMap / Overpass API,https://www.openstreetmap.org/node/10162330005,Mo-Fr 08:00-20:00; Sa 08:00-16:00
4161729317,node,Barbershop,"Jana i Jędrzeja Śniadeckich 1/15, 00-654 Warszawa",Śródmieście,,,Hairdresser,Unknown,,,52.221102,21.0145654,OpenStreetMap / Overpass API,https://www.openstreetmap.org/node/4161729317,
5349873298,node,Beata,"Senatorska 28, 00-095 Warszawa",Śródmieście,,,Beauty salon; Hair;Nails;Cosmetics,Unknown,,,52.2431131,21.0049117,OpenStreetMap / Overpass API,https://www.openstreetmap.org/node/5349873298,Mo-Fr 08:00-20:00; Sa 08:00-15:00
9620819317,node,Beautebar,Solec 83,Śródmieście,,,Beauty salon; Nails;Cosmetics;Skin Care;Tanning;Hair,Unknown,,,52.2348683,21.0328156,OpenStreetMap / Overpass API,https://www.openstreetmap.org/node/9620819317,Mo-Fr 09:00-20:00; Sa 09:00-15:00
12647453718,node,Beauty Address,Inflancka 4B,Śródmieście,,,Beauty salon; Cosmetics;Aesthetic,Unknown,,,52.2553124,20.9929928,OpenStreetMap / Overpass API,https://www.openstreetmap.org/node/12647453718,Mo-Fr 09:00-21:00; Sa 09:00-14:00
11916148930,node,Beauty Bazaar,Czerniakowska 176,Śródmieście,,,Beauty salon; Nails;Skin Care;Eyelash;Waxing;Hair Removal;Eyebrow;Cosmetics;Laser Hair Removal;Aesthetic,Unknown,,,52.2265936,21.0395462,OpenStreetMap / Overpass API,https://www.openstreetmap.org/node/11916148930,
7708059817,node,Beauty Butterfly,"Smolna 16, 00-375 Warszawa",Śródmieście,,,Beauty salon; Nails,Unknown,,,52.2333603,21.0238419,OpenStreetMap / Overpass API,https://www.openstreetmap.org/node/7708059817,
9597948478,node,Beauty Center,,Śródmieście,,,Beauty salon; Cosmetics;Hair;Spa;Nails,Unknown,,,52.243577,20.9995985,OpenStreetMap / Overpass API,https://www.openstreetmap.org/node/9597948478,Mo-Fr 08:00-20:00; Sa 09:00-16:00
10830352304,node,Beauty Concept,Lwowska 4,Śródmieście,,,Beauty salon; Nails;Cosmetics;Aesthetic,Unknown,,,52.2208268,21.0124637,OpenStreetMap / Overpass API,https://www.openstreetmap.org/node/10830352304,
10178550888,node,Beauty Crush,Długa 8/14,Śródmieście,,,Beauty salon; Nails;Hair;Massage;Skin Care,Unknown,,,52.25022,21.0078195,OpenStreetMap / Overpass API,https://www.openstreetmap.org/node/10178550888,09:00-19:00
12949224211,node,Beauty Empire,,Śródmieście,,,Beauty salon,Unknown,,,52.2457432,20.9950149,OpenStreetMap / Overpass API,https://www.openstreetmap.org/node/12949224211,
12949206788,node,Beauty Gaja,,Śródmieście,,,Beauty salon,Unknown,,,52.2456834,20.994869,OpenStreetMap / Overpass API,https://www.openstreetmap.org/node/12949206788,
11090172730,node,Beauty Heyday,Smolna 18,Śródmieście,,,Massage,Unknown,,,52.2334914,21.0238695,OpenStreetMap / Overpass API,https://www.openstreetmap.org/node/11090172730,
10011896833,node,Beauty Institute,Królewska 11,Śródmieście,,,Beauty salon,Unknown,,,52.2400042,21.0138672,OpenStreetMap / Overpass API,https://www.openstreetmap.org/node/10011896833,Mo-Fr 11:00-19:00; Sa 09:00-16:00
11194158024,node,Beauty Point,Solec 103,Śródmieście,,,Beauty salon,Unknown,,,52.2363434,21.0294046,OpenStreetMap / Overpass API,https://www.openstreetmap.org/node/11194158024,
7123081777,node,Beauty Salon Hoża,Krucza 21,Śródmieście,,,Beauty salon; Nails;Eyebrow;Eyelash,Unknown,,,52.2266664,21.0181728,OpenStreetMap / Overpass API,https://www.openstreetmap.org/node/7123081777,Mo-Sa 09:00-21:00; Su 10:00-21:00
11055366009,node,Beauty Stuff,Wilcza 32,Śródmieście,,,Cosmetics,Unknown,,,52.225035,21.015998,OpenStreetMap / Overpass API,https://www.openstreetmap.org/node/11055366009,Mo-Fr 11:00-19:00; Sa 12:00-16:00
4621890678,node,Belle Coupe,Emilii Plater 36,Śródmieście,,,Hairdresser,Unknown,,,52.2347769,21.0021487,OpenStreetMap / Overpass API,https://www.openstreetmap.org/node/4621890678,Mo-Fr 09:00-20:00; Sa 09:00-15:00
746513259,node,Berendowicz & Kublin,"Nowy Świat 60, 00-357 Warszawa",Śródmieście,+48799289146,https://www.berendowicz-kublin.pl/salon-fryzjerski-warszawa-tamka,Hairdresser,Unknown,,,52.2358048,21.0188685,OpenStreetMap / Overpass API,https://www.openstreetmap.org/node/746513259,Mo-Fr 09:00-21:00; Sa 09:00-17:00
10169026487,node,Black Duck Barbershop,"Dobra 29, 00-344 Warszawa",Śródmieście,,,Hairdresser,Unknown,,,52.2386836,21.0276297,OpenStreetMap / Overpass API,https://www.openstreetmap.org/node/10169026487,
9885807214,node,Blicharski,"Chmielna 10, Warszawa",Śródmieście,,,Hairdresser,Unknown,,,52.2333477,21.0176597,OpenStreetMap / Overpass API,https://www.openstreetmap.org/node/9885807214,
11061931884,node,Blossom Hair,Świętojerska 4/10,Śródmieście,,,Hairdresser,Unknown,,,52.2515441,21.0075158,OpenStreetMap / Overpass API,https://www.openstreetmap.org/node/11061931884,
9032860116,node,Brand,Aleje Jerozolimskie 55,Śródmieście,,,Hairdresser,Unknown,,,52.2286573,21.0073933,OpenStreetMap / Overpass API,https://www.openstreetmap.org/node/9032860116,Mo-Fr 09:00-21:00; Sa-Su 10:00-20:00
10753856725,node,Brendowicz & Kublin,Złota 48/54,Śródmieście,,,Hairdresser,Unknown,,,52.2306891,21.0006879,OpenStreetMap / Overpass API,https://www.openstreetmap.org/node/10753856725,Mo-Fr 09:00-21:00; Sa 10:00-17:00
12036298301,node,Bright & Light,Zygmunta Słomińskiego 19,Śródmieście,,,Beauty salon; Nails;Eyelash;Eyebrow;Hair;Cosmetics;Skin Care;Massage,Unknown,,,52.2543208,20.985409,OpenStreetMap / Overpass API,https://www.openstreetmap.org/node/12036298301,Mo-Fr 09:00-21:00; Sa 09:00-16:00
12422537094,node,Candle,Grzybowska 12/14,Śródmieście,,,Beauty salon; Spa;Massage;Cosmetics;Hair Removal;Laser Hair Removal,Unknown,,,52.2372369,20.9996898,OpenStreetMap / Overpass API,https://www.openstreetmap.org/node/12422537094,Mo-Sa 09:00-21:00
9949678943,node,Chanel,,Śródmieście,,,Cosmetics,Unknown,,,52.2567022,20.9840418,OpenStreetMap / Overpass API,https://www.openstreetmap.org/node/9949678943,
10965022904,node,Charakter,"Bracka 22, 00-028 Warszawa",Śródmieście,+48228272335,,Hairdresser,Unknown,,,52.232467,21.0160683,OpenStreetMap / Overpass API,https://www.openstreetmap.org/node/10965022904,Mo-Fr 09:00-19:30; Sa 09:00-14:30
11047037006,node,Chill Out,Żurawia 24,Śródmieście,,,Hairdresser,Unknown,,,52.2285259,21.0152891,OpenStreetMap / Overpass API,https://www.openstreetmap.org/node/11047037006,
12422551582,node,Chok Dee,Grzybowska 4,Śródmieście,,,Massage,Unknown,,,52.2375569,21.0011613,OpenStreetMap / Overpass API,https://www.openstreetmap.org/node/12422551582,11+
12509996457,node,Chokdee,"Chmielna 9, Warszawa",Śródmieście,,,Massage,Unknown,,,52.2328177,21.0176678,OpenStreetMap / Overpass API,https://www.openstreetmap.org/node/12509996457,11:00-22:00
13178978307,node,Ciało W Centrum Uwagi,"Bracka 20, 00-028 Warszawa",Śródmieście,+48511789625,https://bodyinfocusmassgewarsaw.carrd.co,Massage,Unknown,,,52.2321095,21.0162911,OpenStreetMap / Overpass API,https://www.openstreetmap.org/node/13178978307,
11262498236,node,Ciołkowska Hair & Body Clinic,,Śródmieście,,,Hairdresser,Unknown,,,52.2135083,21.0230203,OpenStreetMap / Overpass API,https://www.openstreetmap.org/node/11262498236,
10721637679,node,Clarena,Wilcza 72,Śródmieście,,,Beauty salon; Cosmetics,Unknown,,,52.2232695,21.007614,OpenStreetMap / Overpass API,https://www.openstreetmap.org/node/10721637679,Mo-Fr 08:00-18:00
12323884916,node,Cosmos Massage,"Marszałkowska 140, 00-061 Warszawa",Śródmieście,+48787733450,https://cosmosmassage.pl,Massage,Unknown,,,52.2373644,21.0077737,OpenStreetMap / Overpass API,https://www.openstreetmap.org/node/12323884916,24/7
4936182408,node,Creamy,"Chmielna 6, 00-020 Warszawa",Śródmieście,+48572728528,https://creamy.pl,Cosmetics,Unknown,,,52.2331165,21.0180944,OpenStreetMap / Overpass API,https://www.openstreetmap.org/node/4936182408,
8944696594,node,Creative Hair,,Śródmieście,,,Hairdresser,Unknown,,,52.2334565,21.0107848,OpenStreetMap / Overpass API,https://www.openstreetmap.org/node/8944696594,"Mo,We,Fr 12:00-20:00; Tu,Th 09:00-18:00; Sa 09:00-15:00"
4934432742,node,Cut It,"Dobra 29, 00-344 Warszawa",Śródmieście,+48881782305,https://www.cutitstudio.com,Hairdresser,Unknown,,,52.2385673,21.0277516,OpenStreetMap / Overpass API,https://www.openstreetmap.org/node/4934432742,Mo-Su 09:00-21:00
13078343882,node,D&M,Aleja Jana Pawła II 22,Śródmieście,,,Hairdresser,Unknown,,,52.2358613,20.9981257,OpenStreetMap / Overpass API,https://www.openstreetmap.org/node/13078343882,
11197694716,node,D'Alchemy,Niecała 10,Śródmieście,,,Cosmetics,Unknown,,,52.2422237,21.0083281,OpenStreetMap / Overpass API,https://www.openstreetmap.org/node/11197694716,Tu-Fr 13:00-19:00
10311341121,node,D'Zai,,Śródmieście,,,Beauty salon; Nails,Unknown,,,52.2280392,21.0042618,OpenStreetMap / Overpass API,https://www.openstreetmap.org/node/10311341121,
12912205126,node,Daily.be,,Śródmieście,,,Beauty salon,Unknown,,,52.2268719,21.0114298,OpenStreetMap / Overpass API,https://www.openstreetmap.org/node/12912205126,
10887466414,node,Damski Punkt,Aleja Jana Pawła II 64,Śródmieście,,,Beauty salon,Unknown,,,52.2470502,20.9897182,OpenStreetMap / Overpass API,https://www.openstreetmap.org/node/10887466414,
12422530098,node,DC Clinic,Grzybowska 2,Śródmieście,,,Beauty salon; Aesthetic,Unknown,,,52.2375716,21.0026369,OpenStreetMap / Overpass API,https://www.openstreetmap.org/node/12422530098,
9949713854,node,Denique,,Śródmieście,,,Hairdresser,Unknown,,,52.2574565,20.9842385,OpenStreetMap / Overpass API,https://www.openstreetmap.org/node/9949713854,
11062250431,node,Depil Concept,Elektoralna 12A,Śródmieście,,,Beauty salon; Hair Removal,Unknown,,,52.2406795,20.9968241,OpenStreetMap / Overpass API,https://www.openstreetmap.org/node/11062250431,Mo-Fr 09:00-21:00; Sa 09:00-15:00
12384646392,node,Dermapure,Grzybowska 3,Śródmieście,,,Beauty salon; Aesthetic,Unknown,,,52.2370299,21.0025461,OpenStreetMap / Overpass API,https://www.openstreetmap.org/node/12384646392,
339924928,node,Desert Rose,"Tytusa Chałubińskiego 8, 00-613 Warszawa",Śródmieście,+48737983218,https://www.desertrose.pl/en,Massage,Unknown,,,52.2262667,21.003617,OpenStreetMap / Overpass API,https://www.openstreetmap.org/node/339924928,Mo-Su 10:00-22:00
9980312981,node,Desert Rose,"Jasna 7, 00-007 Warszawa",Śródmieście,+48736735518,https://www.desertrose.pl/en,Massage,Unknown,,,52.2350339,21.0111003,OpenStreetMap / Overpass API,https://www.openstreetmap.org/node/9980312981,Mo-Su 10:00-22:00
10012052430,node,Dessange,,Śródmieście,,,Beauty salon,Unknown,,,52.2423902,21.0128712,OpenStreetMap / Overpass API,https://www.openstreetmap.org/node/10012052430,
11062114325,node,Di. Secret Extension,Bonifraterska 10,Śródmieście,,,Hairdresser,Unknown,,,52.252488,21.0017059,OpenStreetMap / Overpass API,https://www.openstreetmap.org/node/11062114325,
11055281468,node,Diadem,Hoża 27,Śródmieście,,,Hairdresser,Unknown,,,52.2265069,21.0159136,OpenStreetMap / Overpass API,https://www.openstreetmap.org/node/11055281468,
10253216026,node,Divine Curl,,Śródmieście,,,Cosmetics,Unknown,,,52.2451673,21.0010182,OpenStreetMap / Overpass API,https://www.openstreetmap.org/node/10253216026,Mo-Fr 11:00-20:00; Sa 11:00-15:00
9983907191,node,Dr Anna Bucka,Belwederska 44,Śródmieście,,,Beauty salon; Spa;Aesthetics,Unknown,,,52.2096439,21.0288368,OpenStreetMap / Overpass API,https://www.openstreetmap.org/node/9983907191,Mo-Fr 10:00-20:00
5140300131,node,Dr Beata Dethloff,"Nowogrodzka 21, 00-511 Warszawa",Śródmieście,+48791010000,https://drbeatadethloff.pl,Beauty salon; Aesthetic,Unknown,,,52.2292943,21.0151847,OpenStreetMap / Overpass API,https://www.openstreetmap.org/node/5140300131,Mo-Fr 09:30-20:30; Sa 10:00-14:30
10682741193,node,Dr Chlebus,"Marszałkowska 58, Warszawa",Śródmieście,,,Beauty salon; Skin Care;Aesthetic;Cosmetics;Spa,Unknown,,,52.2239378,21.0157317,OpenStreetMap / Overpass API,https://www.openstreetmap.org/node/10682741193,Mo-Fr 10:00-20:00
9828574918,node,Dr Irena Eris,Freta 41/43,Śródmieście,,,Beauty salon; Spa,Unknown,,,52.252994,21.007169,OpenStreetMap / Overpass API,https://www.openstreetmap.org/node/9828574918,Mo-Fr 09:00-20:00; Sa 09:00-19:00
11062250430,node,Dr. Roxi,Elektoralna 12A,Śródmieście,,,Beauty salon; Skin Care;Aesthetic;Massage;Hair Removal,Unknown,,,52.2407263,20.9969558,OpenStreetMap / Overpass API,https://www.openstreetmap.org/node/11062250430,
10916466159,node,Dream,Solec 28,Śródmieście,,,Hairdresser,Unknown,,,52.2339514,21.0355815,OpenStreetMap / Overpass API,https://www.openstreetmap.org/node/10916466159,Mo-Sa 10:00-20:00; Su 10:00-16:00
12146536514,node,Dubai,Stawki 8,Śródmieście,,,Beauty salon; Cosmetics;Aesthetic,Unknown,,,52.2531253,20.9901947,OpenStreetMap / Overpass API,https://www.openstreetmap.org/node/12146536514,
10830383305,node,Duda,Lwowska 2,Śródmieście,,,Hairdresser,Unknown,,,52.2207679,21.0124504,OpenStreetMap / Overpass API,https://www.openstreetmap.org/node/10830383305,
11062250432,node,Dudek,"Elektoralna 11, Warszawa",Śródmieście,,,Beauty salon; Cosmetics;Eyebrow;Eyelash,Unknown,,,52.241014,21.0001914,OpenStreetMap / Overpass API,https://www.openstreetmap.org/node/11062250432,
11862284158,node,DW Shop,Rozbrat 34/36,Śródmieście,,,Cosmetics,Unknown,,,52.226413,21.0342408,OpenStreetMap / Overpass API,https://www.openstreetmap.org/node/11862284158,Mo-Fr 11:00-19:00; Sa 11:00-16:00
10029627827,node,Dzikie Piękno,Koszykowa 49A,Śródmieście,,,Beauty salon,Unknown,,,52.2221898,21.0142762,OpenStreetMap / Overpass API,https://www.openstreetmap.org/node/10029627827,
5347541382,node,Dłonie i Stopy,Nowogrodzka 8,Śródmieście,,,Beauty salon; Nails,Unknown,,,52.2299844,21.0174863,OpenStreetMap / Overpass API,https://www.openstreetmap.org/node/5347541382,Mo-Fr 08:00-20:00; Sa 09:00-15:00
11047037007,node,Effecto,Żurawia 24,Śródmieście,,,Beauty salon; Nails;Hair;Eyelash;Hair Removal;Massage;Cosmetics,Unknown,,,52.2285489,21.0154115,OpenStreetMap / Overpass API,https://www.openstreetmap.org/node/11047037007,
11055300999,node,El Nail,Wilcza 17,Śródmieście,,,Beauty salon; Nails,Unknown,,,52.225387,21.0185977,OpenStreetMap / Overpass API,https://www.openstreetmap.org/node/11055300999,Mo-Sa 09:00-22:00; Su 09:00-20:00
9820547972,node,Elwira Jarosz,Czerniakowska 155,Śródmieście,,,Beauty salon; Cosmetics;Aesthetic,Unknown,,,52.214731,21.0452233,OpenStreetMap / Overpass API,https://www.openstreetmap.org/node/9820547972,
11061730568,node,Estell,Bielańska 12,Śródmieście,,,Beauty salon; Aesthetic,Unknown,,,52.2454807,21.0056845,OpenStreetMap / Overpass API,https://www.openstreetmap.org/node/11061730568,
3427907054,node,Estetican,"Generała Władysława Andersa 23, Warszawa",Śródmieście,,,Beauty salon; Hair Removal;Cosmetics,Unknown,,,52.251114,20.9979264,OpenStreetMap / Overpass API,https://www.openstreetmap.org/node/3427907054,Mo-Fr 08:00-21:00; Sa 08:00-17:00
12087581680,node,Evora Dream,Emilii Plater 36,Śródmieście,,,Beauty salon,Unknown,,,52.2346388,21.0022247,OpenStreetMap / Overpass API,https://www.openstreetmap.org/node/12087581680,Tu-Sa 09:00+
10887440458,node,Expert Studio,Aleja Jana Pawła II 68,Śródmieście,,,Beauty salon; Nails,Unknown,,,52.2492374,20.987761,OpenStreetMap / Overpass API,https://www.openstreetmap.org/node/10887440458,
13254531441,node,Express,,Śródmieście,,,Hairdresser,Unknown,,,52.2295453,21.0115104,OpenStreetMap / Overpass API,https://www.openstreetmap.org/node/13254531441,Mo-Sa 08:00-22:00; Su 08:00-20:00
955962409,way,Eye Now!,,Śródmieście,,,Beauty salon; Waxing,Unknown,,,52.227613,21.0022964,OpenStreetMap / Overpass API,https://www.openstreetmap.org/way/955962409,Mo-Fr 10:00-20:00; Sa 10:00-16:00; PH off
12647453720,node,Eyebar,Inflancka 4B,Śródmieście,,,Beauty salon; Eyebrow;Eyelash;Nails;Hair,Unknown,,,52.2558458,20.9938617,OpenStreetMap / Overpass API,https://www.openstreetmap.org/node/12647453720,Mo-Fr 08:00-21:00; Sa 09:00-19:00
13078343883,node,Eyebar,Aleja Jana Pawła II 22,Śródmieście,,,Beauty salon; Eyebrow;Eyelash,Unknown,,,52.2357716,20.9981584,OpenStreetMap / Overpass API,https://www.openstreetmap.org/node/13078343883,Mo-Fr 10:00-20:00
9586087472,node,Face Co,,Śródmieście,,,Beauty salon; Skin Care,Unknown,,,52.2430017,20.997696,OpenStreetMap / Overpass API,https://www.openstreetmap.org/node/9586087472,
10753856750,node,Faliński,"Sienna 39, Warszawa",Śródmieście,,,Hairdresser,Unknown,,,52.2315946,21.0017793,OpenStreetMap / Overpass API,https://www.openstreetmap.org/node/10753856750,
10753856736,node,Feniks,"Sienna 43, Warszawa",Śródmieście,,,Beauty salon; Nails,Unknown,,,52.231654,21.0008693,OpenStreetMap / Overpass API,https://www.openstreetmap.org/node/10753856736,Mo-Fr 09:00-20:00; Sa 09:00-15:00
3317409488,node,Ferajna,,Śródmieście,,,Hairdresser,Unknown,,,52.2499104,20.9992197,OpenStreetMap / Overpass API,https://www.openstreetmap.org/node/3317409488,Mo-Fr 09:00-18:00; Sa 09:00-15:00
9995498185,node,Fifty Fifty Concept,Wspólna 50,Śródmieście,,,Hairdresser,Unknown,,,52.2270078,21.0124416,OpenStreetMap / Overpass API,https://www.openstreetmap.org/node/9995498185,Mo-Fr 10:00-21:00; Sa 09:00-17:00
10753856731,node,Figaro,"Sienna 45, Warszawa",Śródmieście,,,Hairdresser,Unknown,,,52.2315048,21.000228,OpenStreetMap / Overpass API,https://www.openstreetmap.org/node/10753856731,Mo-Fr 12:00-20:00; Sa 09:00-14:00
12422543806,node,Figaro,Graniczna 4,Śródmieście,,,Beauty salon; Hair;Tanning;Hair Removal;Waxing;Eyebrow;Eyelash,Unknown,,,52.2385863,21.0028555,OpenStreetMap / Overpass API,https://www.openstreetmap.org/node/12422543806,Mo-Fr 08:00-20:00; Sa 08:00-16:00
11981452781,node,Finger Spa,Leszczyńska 12,Śródmieście,,,Beauty salon; Nails,Unknown,,,52.2400582,21.0234216,OpenStreetMap / Overpass API,https://www.openstreetmap.org/node/11981452781,Mo-Fr 09:00-21:00; Sa 11:00-16:00
10682990073,node,Fique Beauty,Marszałkowska 45/49,Śródmieście,,,Cosmetics,Unknown,,,52.2213306,21.0166589,OpenStreetMap / Overpass API,https://www.openstreetmap.org/node/10682990073,Mo-Fr 10:00-19:00
3696801851,node,Floral Nails & Lashes,,Śródmieście,,,Beauty salon,Unknown,,,52.2295852,21.0114125,OpenStreetMap / Overpass API,https://www.openstreetmap.org/node/3696801851,Mo-Fr 09:00-19:00; Sa 10:00-18:00; Su 11:00-17:00
9949713857,node,Frederic Moreno,,Śródmieście,,,Hairdresser,Unknown,,,52.2574569,20.9841542,OpenStreetMap / Overpass API,https://www.openstreetmap.org/node/9949713857,
7707088702,node,Fridge,"Mikołaja Kopernika 6, 00-367 Warszawa",Śródmieście,+48798089178,https://fridge.pl,Cosmetics,Unknown,,,52.234477,21.0212708,OpenStreetMap / Overpass API,https://www.openstreetmap.org/node/7707088702,Mo-Fr 11:00-19:00; Sa 11:00-15:00
9864412341,node,Fridge x yDe,"Mokotowska 49, 00-542 Warszawa",Śródmieście,,,Cosmetics,Unknown,,,52.2247614,21.0214512,OpenStreetMap / Overpass API,https://www.openstreetmap.org/node/9864412341,Mo-Fr 11:00-19:00; Sa 11:00-16:00
4562626836,node,Fryzjer Mojej Siostry,"Grzybowska 16/22, 00-132 Warszawa",Śródmieście,,,Hairdresser,Unknown,,,52.2375378,20.9991076,OpenStreetMap / Overpass API,https://www.openstreetmap.org/node/4562626836,
11862255373,node,Fryzjernia Michalski,Przemysłowa 35,Śródmieście,,,Hairdresser,Unknown,,,52.2227876,21.0362427,OpenStreetMap / Overpass API,https://www.openstreetmap.org/node/11862255373,
289091524,way,Fryzurka,,Śródmieście,,,Hairdresser,Unknown,,,52.229484,21.0037721,OpenStreetMap / Overpass API,https://www.openstreetmap.org/way/289091524,Mo-Fr 07:00-17:00; Sa 09:00-14:00
11733491783,node,Fullface,Koszykowa 69,Śródmieście,,,Beauty salon,Unknown,,,52.2226224,21.0097633,OpenStreetMap / Overpass API,https://www.openstreetmap.org/node/11733491783,
8300678106,node,G Bar,Grzybowska 4,Śródmieście,,,Beauty salon; Cosmetics;Hair;Nails,Unknown,,,52.2374438,21.0019047,OpenStreetMap / Overpass API,https://www.openstreetmap.org/node/8300678106,Mo-Sa 08:00-20:00; Su 09:00-20:00
9811325461,node,G Bar,"Nowogrodzka 6A, 00-513 Warszawa",Śródmieście,,,Beauty salon; Nails,Unknown,,,52.2300295,21.0177049,OpenStreetMap / Overpass API,https://www.openstreetmap.org/node/9811325461,Mo-Sa 08:00-20:00; Su 09:00-20:00
9904834300,node,G Bar,Marszałkowska 32,Śródmieście,,,Beauty salon; Nails;Eyebrow;Eyelash;Cosmetics;Hair,Unknown,,,52.2205622,21.0177579,OpenStreetMap / Overpass API,https://www.openstreetmap.org/node/9904834300,Mo-Sa 08:00-20:00; Su 09:00-20:00
10887440451,node,Galeria Fryzur,Aleja Jana Pawła II 72,Śródmieście,,,Hairdresser,Unknown,,,52.2500863,20.9870229,OpenStreetMap / Overpass API,https://www.openstreetmap.org/node/10887440451,
11062114330,node,Galeria Sztuki Kosmetycznej,Sapieżyńska 8,Śródmieście,,,Beauty salon; Cosmetics;Skin Care;Hair Removal,Unknown,,,52.2539563,21.0032443,OpenStreetMap / Overpass API,https://www.openstreetmap.org/node/11062114330,Mo-Fr 12:00-19:00; Sa 10:00-15:00
4841779821,node,Galilu,Mokotowska 63,Śródmieście,,,Cosmetics,Unknown,,,52.2262658,21.021861,OpenStreetMap / Overpass API,https://www.openstreetmap.org/node/4841779821,Mo-Fr 11:00-19:00; Sa 10:00-18:00
10846532854,node,GD Studio,Warecka 5/7,Śródmieście,,,Beauty salon; Nails,Unknown,,,52.2350917,21.0164814,OpenStreetMap / Overpass API,https://www.openstreetmap.org/node/10846532854,Mo-Fr 08:00-20:00; Sa 08:00-17:00
11916148909,node,Gioconda,Czerniakowska 203,Śródmieście,,,Beauty salon; Hair Removal;Laser Hair Removal;Skin Care;Aesthetic;Massage;Cosmetics;Piercing,Unknown,,,52.2269277,21.0382096,OpenStreetMap / Overpass API,https://www.openstreetmap.org/node/11916148909,
12244453349,node,Girl Space,Chmielna 26,Śródmieście,,,Beauty salon; Nails,Unknown,,,52.2325332,21.0131663,OpenStreetMap / Overpass API,https://www.openstreetmap.org/node/12244453349,
10853097193,node,Gizińska Nahurska,Krucza 6/14B,Śródmieście,,,Hairdresser,Unknown,,,52.2251146,21.0200837,OpenStreetMap / Overpass API,https://www.openstreetmap.org/node/10853097193,
11981292307,node,Glam House,Zajęcza 7,Śródmieście,,,Beauty salon,Unknown,,,52.2386802,21.0267146,OpenStreetMap / Overpass API,https://www.openstreetmap.org/node/11981292307,Mo-Fr 08:00-19:00; Sa 09:00-15:00
12949162275,node,Gracias,,Śródmieście,,,Hairdresser,Unknown,,,52.2459086,20.9955041,OpenStreetMap / Overpass API,https://www.openstreetmap.org/node/12949162275,
4406164401,node,Gracja,,Śródmieście,,,Beauty salon,Unknown,,,52.2354389,21.0060845,OpenStreetMap / Overpass API,https://www.openstreetmap.org/node/4406164401,Mo-Fr 08:30-20:30; Sa 09:00-15:00
10853161518,node,Grail Cut,Koszykowa 33,Śródmieście,,,Hairdresser,Unknown,,,52.2221351,21.0182067,OpenStreetMap / Overpass API,https://www.openstreetmap.org/node/10853161518,Mo-Fr 10:00-19:00; Sa 10:00-15:00
4862311602,node,Groovy Baby,"Nowogrodzka 38, 00-691 Warszawa",Śródmieście,,,Hairdresser,Unknown,,,52.2286081,21.01097,OpenStreetMap / Overpass API,https://www.openstreetmap.org/node/4862311602,Mo-Fr 10:00-20:00; Sa-Su 09:00-21:00
10162330006,node,Grzech Hair,"Piękna 24/26A, Warszawa",Śródmieście,,,Hairdresser,Unknown,,,52.2235811,21.018055,OpenStreetMap / Overpass API,https://www.openstreetmap.org/node/10162330006,Mo-Fr 09:00-17:00; Sa 10:00-14:00
7779404117,node,Głowy do Góry,"Koszykowa 10, 00-564 Warszawa",Śródmieście,+48501815100,http://www.glowydogory.com,Hairdresser,Unknown,,,52.2209543,21.022486,OpenStreetMap / Overpass API,https://www.openstreetmap.org/node/7779404117,Mo-Fr 10:00-20:00; Sa 09:00-16:00; Su off
7762597370,node,Hair Atelier,"Mikołaja Kopernika 25, 00-359 Warszawa",Śródmieście,+48226924275,,Hairdresser,Unknown,,,52.2361877,21.0202577,OpenStreetMap / Overpass API,https://www.openstreetmap.org/node/7762597370,
4244306302,node,Hair House,"Widok 22, Warszawa",Śródmieście,,,Hairdresser,Unknown,,,52.2311205,21.0131426,OpenStreetMap / Overpass API,https://www.openstreetmap.org/node/4244306302,Mo-Fr 08:00-20:00; Sa 08:00-16:00
5849385967,node,Hair Republic,Leszczyńska 6,Śródmieście,,,Hairdresser,Unknown,,,52.2408795,21.025397,OpenStreetMap / Overpass API,https://www.openstreetmap.org/node/5849385967,Mo-Fr 10:00-20:00; Sa 10:00-15:00
7517813131,node,Hair Spot,Generała Władysława Andersa 18,Śródmieście,,http://www.hairspot.pl,Hairdresser,Unknown,,,52.2517703,20.9988272,OpenStreetMap / Overpass API,https://www.openstreetmap.org/node/7517813131,
9984033028,node,Hair Style Professional,Marszałkowska 17,Śródmieście,,,Hairdresser; Barber,Unknown,,,52.2165562,21.019612,OpenStreetMap / Overpass API,https://www.openstreetmap.org/node/9984033028,Mo-Fr 09:00-20:00; Sa 08:00-15:00
5347391581,node,Haircut Express,"Chmielna 34, 00-020 Warszawa",Śródmieście,,https://www.haircutexpress.eu,Hairdresser,Unknown,,,52.2320162,21.0122783,OpenStreetMap / Overpass API,https://www.openstreetmap.org/node/5347391581,Mo-Sa 09:00-21:00; Su 10:00-19:00
10825268480,node,Hairmate,Wybrzeże Kościuszkowskie 45,Śródmieście,,https://hairmate.pl/fryzjer-warszawa/powisle,Hairdresser,Unknown,,,52.2414527,21.0276627,OpenStreetMap / Overpass API,https://www.openstreetmap.org/node/10825268480,Mo-Sa 08:00-21:00
9032878126,node,Hairplay,Aleje Jerozolimskie 45,Śródmieście,,,Hairdresser,Unknown,,,52.2289721,21.0100426,OpenStreetMap / Overpass API,https://www.openstreetmap.org/node/9032878126,Mo-Fr 09:00-20:00; Sa 09:00-17:00
10802029318,node,Happycurls,Wspólna 75/79,Śródmieście,,,Hairdresser,Unknown,,,52.2254013,21.0059526,OpenStreetMap / Overpass API,https://www.openstreetmap.org/node/10802029318,
11862536869,node,Hayk Hair,Czerwonego Krzyża 6,Śródmieście,,,Hairdresser,Unknown,,,52.2353928,21.0296337,OpenStreetMap / Overpass API,https://www.openstreetmap.org/node/11862536869,
12887135359,node,Hdréy,Aleje Jerozolimskie 44,Śródmieście,,,Cosmetics,Unknown,,,52.2304074,21.0129065,OpenStreetMap / Overpass API,https://www.openstreetmap.org/node/12887135359,Mo-Sa 09:00-21:00
11055366010,node,Helena,Wilcza 32,Śródmieście,,,Beauty salon; Cosmetics;Hair;Hair Removal;Nails,Unknown,,,52.2250164,21.0159053,OpenStreetMap / Overpass API,https://www.openstreetmap.org/node/11055366010,Mo-Fr 10:00-19:00; Sa 08:00-15:00
11062114332,node,Hidden Massage,Sapieżyńska 8,Śródmieście,,,Massage,Unknown,,,52.2537984,21.0027952,OpenStreetMap / Overpass API,https://www.openstreetmap.org/node/11062114332,11:00-23:00
11634411718,node,Holi,"Oboźna 11, Warszawa",Śródmieście,,,Beauty salon; Skin Care;Aesthetic;Massage,Unknown,,,52.2385181,21.0190228,OpenStreetMap / Overpass API,https://www.openstreetmap.org/node/11634411718,
1779241475,node,Hollywood Hair,"Belwederska 44, Warszawa",Śródmieście,,,Hairdresser,Unknown,,,52.2094019,21.029055,OpenStreetMap / Overpass API,https://www.openstreetmap.org/node/1779241475,Mo-Fr 10:00-18:00; Sa 10:00-16:00
10811856063,node,Hollywood Hair,Wilcza 2/4,Śródmieście,,,Hairdresser,Unknown,,,52.2265055,21.0230106,OpenStreetMap / Overpass API,https://www.openstreetmap.org/node/10811856063,
11862395620,node,Holy,Okrąg 1A,Śródmieście,,,Beauty salon; Aesthetic;Cosmetics;Laser Hair Removal;Hair Removal,Unknown,,,52.2290375,21.0355014,OpenStreetMap / Overpass API,https://www.openstreetmap.org/node/11862395620,Mo-Fr 08:00-21:30; Sa 09:00-16:00; Su 09:30-16:30
12422543819,node,Hop-Chop,Królewska 18,Śródmieście,,,Hairdresser; Barber,Unknown,,,52.2376711,21.0041241,OpenStreetMap / Overpass API,https://www.openstreetmap.org/node/12422543819,
11055281462,node,Hoża Uroda,Hoża 21/23,Śródmieście,,,Beauty salon; Nails;Cosmetics;Hair,Unknown,,,52.2267245,21.0169335,OpenStreetMap / Overpass API,https://www.openstreetmap.org/node/11055281462,Mo-Fr 08:30-19:00
10827749228,node,Hugz,Wilcza 66/68,Śródmieście,,,Beauty salon; Hair;Cosmetics,Unknown,,,52.2235107,21.0084437,OpenStreetMap / Overpass API,https://www.openstreetmap.org/node/10827749228,Mo-Fr 09:00-21:00; Sa 09:00-17:00; Su off
11177403677,node,i-Hairmed,Wilcza 5,Śródmieście,,,Beauty salon; Hair,Unknown,,,52.2259802,21.0214372,OpenStreetMap / Overpass API,https://www.openstreetmap.org/node/11177403677,
12647703868,node,Ilona,Bednarska 23,Śródmieście,,,Beauty salon; Massage;Hair,Unknown,,,52.2448369,21.0159519,OpenStreetMap / Overpass API,https://www.openstreetmap.org/node/12647703868,"Mo,We,Fr 12:00-20:00; Tu,Th 08:00-16:00; Sa 08:00-14:00"
10011990142,node,Image & Style,Królewska 2,Śródmieście,,,Beauty salon; Nails;Cosmetics;Hair;Spa;Massage,Unknown,,,52.2407938,21.0152956,OpenStreetMap / Overpass API,https://www.openstreetmap.org/node/10011990142,Mo-Fr 09:00-20:00; Sa 09:00-16:00
5828763958,node,Imperial Clinic,"Zygmunta Słomińskiego 7, 00-195 Warszawa",Śródmieście,,,Beauty salon; Skin Care;Aesthetic;Cosmetics,Unknown,,,52.2569544,20.9919032,OpenStreetMap / Overpass API,https://www.openstreetmap.org/node/5828763958,Mo-Fr 09:00-21:00; Sa 09:00-17:00
3980635967,node,Inglot,,Śródmieście,,,Cosmetics,Unknown,,,52.2301473,21.0025942,OpenStreetMap / Overpass API,https://www.openstreetmap.org/node/3980635967,Mo-Sa 09:00-22:00
7107762000,node,Inglot,"Mikołaja Kopernika 5, 00-367 Warszawa",Śródmieście,+48698975625,,Cosmetics,Unknown,,,52.2344582,21.0206727,OpenStreetMap / Overpass API,https://www.openstreetmap.org/node/7107762000,Mo-Fr 10:00-18:00; Sa 09:00-14:00
9028144146,node,Inglot,,Śródmieście,,,Cosmetics,Unknown,,,52.2568169,20.9858625,OpenStreetMap / Overpass API,https://www.openstreetmap.org/node/9028144146,
10759575663,node,Inhalatorium Solne,Aleja „Solidarności” 82,Śródmieście,,,Beauty salon; Spa,Unknown,,,52.2425822,20.9944194,OpenStreetMap / Overpass API,https://www.openstreetmap.org/node/10759575663,
2639810753,node,Inhype,"Aleja Jana Pawła II 20, 00-133 Warszawa",Śródmieście,,,Beauty salon; Cosmetics,Unknown,,,52.2348903,20.9983286,OpenStreetMap / Overpass API,https://www.openstreetmap.org/node/2639810753,
10979328063,node,Instytut Urody,Wspólna 27A,Śródmieście,,,Beauty salon; Hair;Cosmetics,Unknown,,,52.2273083,21.0158086,OpenStreetMap / Overpass API,https://www.openstreetmap.org/node/10979328063,
5222812524,node,Iso Studio,"Nowogrodzka 7/9, 00-513",Śródmieście,,,Beauty salon; Nails;Eyebrow;Eyelash;Cosmetics;Hair;Massage;Aesthetic,Unknown,,,52.2298707,21.017966,OpenStreetMap / Overpass API,https://www.openstreetmap.org/node/5222812524,08:00-22:00
12887184075,node,Itte,Nowogrodzka 18,Śródmieście,,,Hairdresser; Barber,Unknown,,,52.2294857,21.0150601,OpenStreetMap / Overpass API,https://www.openstreetmap.org/node/12887184075,Mo-Fr 12:00-20:00; Sa 06:00-15:00; Su off
9955623217,node,Izis,Marszałkowska 4,Śródmieście,,,Beauty salon; Nails;Cosmetics;Hair,Unknown,,,52.2143936,21.0214277,OpenStreetMap / Overpass API,https://www.openstreetmap.org/node/9955623217,Mo-Fr 08:00-20:00
4422838701,node,J'adore Instytut,Aleje Jerozolimskie 42,Śródmieście,,,Aesthetic;Cosmetics;Spa;Hair;Skin Care,Unknown,,,52.2308826,21.0153979,OpenStreetMap / Overpass API,https://www.openstreetmap.org/node/4422838701,Mo-Sa 08:00-21:00; Su 10:00-20:00
10830107204,node,Jadwiga,Wilcza 55/63,Śródmieście,,,Hairdresser,Unknown,,,52.2236083,21.0101718,OpenStreetMap / Overpass API,https://www.openstreetmap.org/node/10830107204,"Mo-Tu,Th-Fr 10:00-18:00; Sa 10:00-14:00"
3985025969,node,Jean Louis David,,Śródmieście,,,Hairdresser,Unknown,,,52.2303261,21.0151727,OpenStreetMap / Overpass API,https://www.openstreetmap.org/node/3985025969,Mo-Fr 09:00-21:00; Sa 08:00-20:00
4582943805,node,Jean Louis David,Grzybowska 4,Śródmieście,,,Hairdresser; Cosmetics;Hair;Hair Removal,Unknown,,,52.237391,21.0014504,OpenStreetMap / Overpass API,https://www.openstreetmap.org/node/4582943805,Mo-Fr 09:00-20:00; Sa 08:00-20:00
11862591174,node,Julia,Dobra 9,Śródmieście,,,Beauty salon; Cosmetics,Unknown,,,52.236867,21.0299757,OpenStreetMap / Overpass API,https://www.openstreetmap.org/node/11862591174,Mo-Fr 09:00-19:00; Sa 09:00-13:00
13007132565,node,Juszczak Hair,Mokotowska 12,Śródmieście,,,Hairdresser,Unknown,,,52.2202709,21.018542,OpenStreetMap / Overpass API,https://www.openstreetmap.org/node/13007132565,
9890359296,node,K&L,Krucza 50,Śródmieście,,,Hairdresser,Unknown,,,52.2316179,21.0167753,OpenStreetMap / Overpass API,https://www.openstreetmap.org/node/9890359296,Mo-Fr 08:00-20:00; Sa 08:00-18:00
12087594452,node,K&P Studio,,Śródmieście,,,Beauty salon; Nails;Hair;Hair Removal;Cosmetics,Unknown,,,52.2364425,21.0039001,OpenStreetMap / Overpass API,https://www.openstreetmap.org/node/12087594452,Mo-Fr 09:00-20:00; Sa 09:00-17:00
10827749219,node,Kalinowski & Kawecki,Emilii Plater 10,Śródmieście,,,Beauty salon; Nails;Hair;Cosmetics;Eyelash;Hair Removal;Aesthetic,Unknown,,,52.2239649,21.0081146,OpenStreetMap / Overpass API,https://www.openstreetmap.org/node/10827749219,
10759575658,node,Kameleon,Aleja „Solidarności” 82,Śródmieście,,,Hairdresser,Unknown,,,52.2424574,20.994534,OpenStreetMap / Overpass API,https://www.openstreetmap.org/node/10759575658,Mo-Fr 08:00-20:00; Sa off
11047081446,node,Kasta,Wspólna 27,Śródmieście,,,Hairdresser,Unknown,,,52.2275478,21.0164842,OpenStreetMap / Overpass API,https://www.openstreetmap.org/node/11047081446,Mo-Fr 09:00-21:00; Sa 09:00-20:00; Su 10:00-18:00
10119382904,node,Kate Roxs,Radna 10,Śródmieście,,,Hairdresser,Unknown,,,52.2409538,21.0237628,OpenStreetMap / Overpass API,https://www.openstreetmap.org/node/10119382904,Mo-Fr 11:00-19:00; Sa 11:00-17:00
8951859651,node,Kencin House,Złota 6,Śródmieście,,,Beauty salon; Nails,Unknown,,,52.2330654,21.0114228,OpenStreetMap / Overpass API,https://www.openstreetmap.org/node/8951859651,Mo-We 11:00-21:30; Th-Fr 11:00-22:30; Sa-Su 12:00-22:30
5392359925,node,Kiehl's,,Śródmieście,,,Cosmetics,Unknown,,,52.2564644,20.9846394,OpenStreetMap / Overpass API,https://www.openstreetmap.org/node/5392359925,Mo-Sa 10:00-22:00
8927356844,node,Kim Nails,Emilii Plater 36,Śródmieście,,,Beauty salon; Nails,Unknown,,,52.2347191,21.0021769,OpenStreetMap / Overpass API,https://www.openstreetmap.org/node/8927356844,Mo-Fr 09:00-20:00; Sa 09:00-18:00; Su 10:00-16:00
10827506987,node,Kingsize,Wspólna 71,Śródmieście,,,Hairdresser,Unknown,,,52.2257207,21.0074083,OpenStreetMap / Overpass API,https://www.openstreetmap.org/node/10827506987,
11055301002,node,Klinika La Perla,Wilcza 22A,Śródmieście,,,Beauty salon; Skin Care;Aesthetic,Unknown,,,52.22545,21.0179622,OpenStreetMap / Overpass API,https://www.openstreetmap.org/node/11055301002,Mo-Fr 09:00-21:00; Sa 10:00-14:00
12422543804,node,Klinika Miracki,Królewska 18,Śródmieście,,,Beauty salon; Aesthetic,Unknown,,,52.2375667,21.0036099,OpenStreetMap / Overpass API,https://www.openstreetmap.org/node/12422543804,Mo-Fr 09:00-21:00; Sa 09:00-16:00
12160524750,node,Komo Beauty,Leszczyńska 4,Śródmieście,,,Beauty salon; Nails;Hair;Cosmetics;Eyelash,Unknown,,,52.2410677,21.0264662,OpenStreetMap / Overpass API,https://www.openstreetmap.org/node/12160524750,Mo-Fr 09:00-21:00; Sa 10:00-17:00
8993486175,node,KosmOS,,Śródmieście,,,Beauty salon,Unknown,,,52.2519667,20.9977079,OpenStreetMap / Overpass API,https://www.openstreetmap.org/node/8993486175,
10802029322,node,Krasivo,Wspólna 70,Śródmieście,,,Beauty salon,Unknown,,,52.2254952,21.0052453,OpenStreetMap / Overpass API,https://www.openstreetmap.org/node/10802029322,
10830145331,node,Kryolan,Piękna 58,Śródmieście,,,Cosmetics,Unknown,,,52.2230754,21.0116408,OpenStreetMap / Overpass API,https://www.openstreetmap.org/node/10830145331,Mo-Fr 10:00-18:00; Sep-Jun Sa 11:00-15:00
13078409915,node,KS,Ptasia 6,Śródmieście,,,Hairdresser,Unknown,,,52.2398428,21.0004648,OpenStreetMap / Overpass API,https://www.openstreetmap.org/node/13078409915,Mo-Fr 08:00-20:00; Sa 08:00-14:00
10846611031,node,Kunc & Dziedzic,Wojciecha Górskiego 6,Śródmieście,,,Hairdresser,Unknown,,,52.2342885,21.0162161,OpenStreetMap / Overpass API,https://www.openstreetmap.org/node/10846611031,
12244544578,node,La Bomba,Koszykowa 22,Śródmieście,,,Cosmetics,Unknown,,,52.2221396,21.0198361,OpenStreetMap / Overpass API,https://www.openstreetmap.org/node/12244544578,Mo-Fr 10:00-19:00; Sa 11:00-18:00
10802082218,node,La Pharmacie Française,Emilii Plater 25,Śródmieście,,,Cosmetics,Unknown,,,52.2253176,21.0069902,OpenStreetMap / Overpass API,https://www.openstreetmap.org/node/10802082218,
8044576442,node,Label Des Sens,"Nowy Świat 49, 00-042 Warszawa",Śródmieście,,https://labeldessens.com,Cosmetics,Unknown,,,52.2352819,21.0182364,OpenStreetMap / Overpass API,https://www.openstreetmap.org/node/8044576442,Mo-Fr 11:00+
10827552007,node,Laki,Wspólna 67,Śródmieście,,,Beauty salon; Nails,Unknown,,,52.2258756,21.0080933,OpenStreetMap / Overpass API,https://www.openstreetmap.org/node/10827552007,Mo-Fr 10:00-20:00; Sa-Su 10:00-17:00
11862812913,node,Lapila Beauty Clinic,Tamka 14,Śródmieście,,,Beauty salon; Aesthetic;Cosmetics;Massage;Spa,Unknown,,,52.2379963,21.0273957,OpenStreetMap / Overpass API,https://www.openstreetmap.org/node/11862812913,"Mo-Sa ""on appointment"""
4244298922,node,Laser DeLux,"Widok 16, 00-023 Warszawa",Śródmieście,,https://www.laserdelux.pl,Beauty salon; Hair Removal;Laser Hair Removal,Unknown,,,52.2313199,21.0140127,OpenStreetMap / Overpass API,https://www.openstreetmap.org/node/4244298922,
12384683628,node,Lasercare,Grzybowska 5,Śródmieście,,,Beauty salon,Unknown,,,52.2367977,21.0015866,OpenStreetMap / Overpass API,https://www.openstreetmap.org/node/12384683628,
13188448552,node,Laserdiuk,,Śródmieście,,,Beauty salon,Unknown,,,52.2455576,20.9945025,OpenStreetMap / Overpass API,https://www.openstreetmap.org/node/13188448552,
12488724135,node,LAT,"Nowy Świat 22, Warszawa",Śródmieście,,,Beauty salon; Nails;Eyelash,Unknown,,,52.232744,21.0200063,OpenStreetMap / Overpass API,https://www.openstreetmap.org/node/12488724135,Mo 12:00-20:00; Tu-Su 09:00+
952332343,node,Laurent,"Szpitalna 5, Warszawa",Śródmieście,,,Hairdresser,Unknown,,,52.2330495,21.0146048,OpenStreetMap / Overpass API,https://www.openstreetmap.org/node/952332343,Mo-Fr 10:00-19:00; Sa 10:00-17:00
9904754357,node,Lavido,Mokotowska 51/53,Śródmieście,,,Cosmetics,Unknown,,,52.2248298,21.0210958,OpenStreetMap / Overpass API,https://www.openstreetmap.org/node/9904754357,Mo-Fr 11:00-19:00; Sa 12:00-16:00
10846611028,node,Lazer is Love,Wojciecha Górskiego 6,Śródmieście,,,Beauty salon; Hair Removal,Unknown,,,52.2342183,21.016069,OpenStreetMap / Overpass API,https://www.openstreetmap.org/node/10846611028,09:00-19:00
12146520166,node,Le Charme,Stawki 6,Śródmieście,,,Beauty salon; Hair Removal;Laser Hair Removal;Aesthetic;Eyelash;Eyebrow,Unknown,,,52.2538253,20.9909168,OpenStreetMap / Overpass API,https://www.openstreetmap.org/node/12146520166,Mo-Fr 10:00-20:00; Sa 10:00-16:00
9980182403,node,Le Desir,Jasna 19,Śródmieście,+48508124254,,Beauty salon; Nails;Hair,Unknown,,,52.2364727,21.010168,OpenStreetMap / Overpass API,https://www.openstreetmap.org/node/9980182403,Mo-Fr 09:00-20:00; Sa 09:00-15:00
9904754361,node,Le Spa,Mokotowska 55,Śródmieście,,,Beauty salon; Spa,Unknown,,,52.2251813,21.0213398,OpenStreetMap / Overpass API,https://www.openstreetmap.org/node/9904754361,
333137131,node,Lecznica Izis,"Wilcza 43, Warszawa",Śródmieście,,,Beauty salon; Nails;Hair;Cosmetics,Unknown,,,52.2244663,21.0144253,OpenStreetMap / Overpass API,https://www.openstreetmap.org/node/333137131,Mo-Fr 08:00-20:00
10846611030,node,Legend,Wojciecha Górskiego 6,Śródmieście,,,Beauty salon; Nails;Eyebrow,Unknown,,,52.2341012,21.0163087,OpenStreetMap / Overpass API,https://www.openstreetmap.org/node/10846611030,10:00-21:00
5882458743,node,Leo Beauty Clinic,"Stawki 4B, 00-193 Warszawa",Śródmieście,,,Beauty salon; Aesthetic;Cosmetics,Unknown,,,52.2537712,20.992211,OpenStreetMap / Overpass API,https://www.openstreetmap.org/node/5882458743,09:00-21:00
11194033072,node,Leszek,"Tamka 45, Warszawa",Śródmieście,,,Hairdresser,Unknown,,,52.2364534,21.0220086,OpenStreetMap / Overpass API,https://www.openstreetmap.org/node/11194033072,Mo-Fr 09:00-18:00; Sa 09:00-14:00
10979280561,node,Leszek Czajka,Nowogrodzka 18,Śródmieście,,,Hairdresser,Unknown,,,52.2295265,21.0150376,OpenStreetMap / Overpass API,https://www.openstreetmap.org/node/10979280561,Mo-Fr 11:00-20:00; Sa 06:00-15:00
11055300992,node,Let's Make-Up,Wilcza 31,Śródmieście,,,Beauty salon; Cosmetics,Unknown,,,52.2248178,21.0159225,OpenStreetMap / Overpass API,https://www.openstreetmap.org/node/11055300992,
917606679,way,Linda Nalis,,Śródmieście,,,Beauty salon; Nails;Cosmetics;Eyelash,Unknown,,,52.2277784,21.0022292,OpenStreetMap / Overpass API,https://www.openstreetmap.org/way/917606679,Mo-Su 08:00-20:00
11634336760,node,LipLab,"Juliana Bartoszewicza 11, Warszawa",Śródmieście,,,Cosmetics,Unknown,,,52.2377332,21.0207473,OpenStreetMap / Overpass API,https://www.openstreetmap.org/node/11634336760,Tu-Fr 15:00-20:00; Sa 12:00-18:00
6004907087,node,Lisbon Barbers,Tamka 36,Śródmieście,,,Hairdresser,Unknown,,,52.2369264,21.0240263,OpenStreetMap / Overpass API,https://www.openstreetmap.org/node/6004907087,Mo-Fr 11:00-19:00
10027886130,node,Lisica,,Śródmieście,,,Hairdresser,Unknown,,,52.2451751,20.9932592,OpenStreetMap / Overpass API,https://www.openstreetmap.org/node/10027886130,
12075499802,node,Lomi Lomi,"Bracka 18, Warszawa",Śródmieście,,,Massage,Unknown,,,52.2319879,21.0175919,OpenStreetMap / Overpass API,https://www.openstreetmap.org/node/12075499802,
12036361457,node,Loo Nail Art,Zygmunta Słomińskiego 15,Śródmieście,,,Beauty salon; Nails,Unknown,,,52.2559819,20.9875049,OpenStreetMap / Overpass API,https://www.openstreetmap.org/node/12036361457,Mo-Fr 09:00-19:00; Sa 10:00-17:00
11981292304,node,Lord & Barber,Topiel 6,Śródmieście,,,Hairdresser,Unknown,,,52.2379284,21.0258032,OpenStreetMap / Overpass API,https://www.openstreetmap.org/node/11981292304,Mo 12:00-20:00; Tu-Fr 08:00-22:00; Sa 08:00-18:00
7880797686,node,Lounge Gardens,"Wojciecha Górskiego 6, 00-033 Warszawa",Śródmieście,+48575554443,https://loungegardens.pl,Massage,Unknown,,,52.2342238,21.015803,OpenStreetMap / Overpass API,https://www.openstreetmap.org/node/7880797686,Mo-Su 10:00-23:00
10748985807,node,Love Yourself,Piękna 66,Śródmieście,,,Beauty salon; Nails;Cosmetics,Unknown,,,52.2229578,21.0099916,OpenStreetMap / Overpass API,https://www.openstreetmap.org/node/10748985807,
7706970937,node,Lovely Nails,"Ordynacka 14, 00-358 Warszawa",Śródmieście,+48501797724,,Beauty salon; Nails,Unknown,,,52.2358254,21.0190187,OpenStreetMap / Overpass API,https://www.openstreetmap.org/node/7706970937,Mo-Fr 10:00-20:00; Sa 10:00-18:00; Su 11:00-16:00
10075368440,node,LubiHair,Poznańska 5,Śródmieście,,,Hairdresser,Unknown,,,52.2237476,21.0124275,OpenStreetMap / Overpass API,https://www.openstreetmap.org/node/10075368440,Mo-Fr 08:00-21:00; Sa 09:00-17:00
9904838918,node,Lucyna,Mokotowska 41,Śródmieście,,,Hairdresser,Unknown,,,52.2227757,21.0197398,OpenStreetMap / Overpass API,https://www.openstreetmap.org/node/9904838918,Mo-Fr 09:00-19:00; Sa 09:00-15:00
13186414861,node,Luna,,Śródmieście,,,Cosmetics,Unknown,,,52.2300699,21.0113517,OpenStreetMap / Overpass API,https://www.openstreetmap.org/node/13186414861,Mo-Fr 10:00-18:00
3444607850,node,Luxury Nails,Nowowiejska 10,Śródmieście,,,Beauty salon; Nails,Unknown,,,52.2200744,21.0148601,OpenStreetMap / Overpass API,https://www.openstreetmap.org/node/3444607850,Mo-Sa 09:00-19:00; Su 10:00-16:00
11981452780,node,Maanu,Leszczyńska 12,Śródmieście,,,Cosmetics,Unknown,,,52.2400899,21.0235144,OpenStreetMap / Overpass API,https://www.openstreetmap.org/node/11981452780,Mo-Sa 11:00-17:00
1891334642,node,Mai Studio,"Radna 6, Warszawa",Śródmieście,,,Beauty salon; Nails,Unknown,,,52.2411327,21.0242972,OpenStreetMap / Overpass API,https://www.openstreetmap.org/node/1891334642,
9964421587,node,Make a Wish,Nowowiejska 7,Śródmieście,,,Beauty salon; Nails,Unknown,,,52.2198283,21.0134499,OpenStreetMap / Overpass API,https://www.openstreetmap.org/node/9964421587,Mo-Fr 09:00-19:00
8098596005,node,Make Up For Ever,Mokotowska 58,Śródmieście,,,Cosmetics,Unknown,,,52.2267386,21.0225094,OpenStreetMap / Overpass API,https://www.openstreetmap.org/node/8098596005,
9864412369,node,Malu Malu,Mokotowska 62,Śródmieście,,,Beauty salon; Cosmetics,Unknown,,,52.2271137,21.0225789,OpenStreetMap / Overpass API,https://www.openstreetmap.org/node/9864412369,
9904534990,node,Manicure Pedicure Express,"Bracka 22, Warszawa",Śródmieście,,,Beauty salon; Nails,Unknown,,,52.2323522,21.0159066,OpenStreetMap / Overpass API,https://www.openstreetmap.org/node/9904534990,
9904834304,node,Maniera,Mokotowska 39,Śródmieście,,,Beauty salon,Unknown,,,52.2226602,21.019198,OpenStreetMap / Overpass API,https://www.openstreetmap.org/node/9904834304,
10011732533,node,Maniewski,Plac Powstańców Warszawy 9,Śródmieście,,,Hairdresser,Unknown,,,52.2356149,21.0126674,OpenStreetMap / Overpass API,https://www.openstreetmap.org/node/10011732533,
10887466417,node,Maniisa & Van Kok,Aleja Jana Pawła II 64,Śródmieście,,,Beauty salon; Nails;Hair,Unknown,,,52.2468982,20.9898417,OpenStreetMap / Overpass API,https://www.openstreetmap.org/node/10887466417,Mo-Fr 10:00-20:00; Sa 10:00-16:00
12422543807,node,Mantra-Med,Marszałkowska 111A,Śródmieście,,,Massage,Unknown,,,52.239151,21.0038478,OpenStreetMap / Overpass API,https://www.openstreetmap.org/node/12422543807,
13781353040,node,Marcin Lutz,Bracka 18,Śródmieście,,,Hairdresser,Unknown,,,52.2317501,21.0174134,OpenStreetMap / Overpass API,https://www.openstreetmap.org/node/13781353040,
9980182409,node,Margines,Świętokrzyska 18,Śródmieście,,,Hairdresser,Unknown,,,52.2360545,21.0110236,OpenStreetMap / Overpass API,https://www.openstreetmap.org/node/9980182409,Mo 09:00-19:00; Tu-Su 09:00-21:00
3448374380,node,Marinero Hair,"Marszałkowska 81, 00-683 Warszawa",Śródmieście,,,Hairdresser,Unknown,,,52.2252536,21.0140023,OpenStreetMap / Overpass API,https://www.openstreetmap.org/node/3448374380,Mo-Fr 10:00-20:00; Sa 09:00-16:00
11194033071,node,Maryla,"Tamka 45B, Warszawa",Śródmieście,,,Hairdresser,Unknown,,,52.2364138,21.0213275,OpenStreetMap / Overpass API,https://www.openstreetmap.org/node/11194033071,Mo-Fr 08:00-19:00; Sa 08:00-16:00
7761576340,node,Masaż Med,"Mikołaja Kopernika 13, 00-362 Warszawa",Śródmieście,+48228286611,https://masazmed.pl,Massage,Unknown,,,52.2351354,21.0205791,OpenStreetMap / Overpass API,https://www.openstreetmap.org/node/7761576340,Mo-Fr 09:00-17:00
10011896823,node,Maé,Plac Stanisława Małachowskiego 2,Śródmieście,,,Beauty salon; Cosmetics;Skin Care,Unknown,,,52.2387921,21.0129259,OpenStreetMap / Overpass API,https://www.openstreetmap.org/node/10011896823,Mo-Fr 08:00-21:00; Sa 09:00-18:00
11253140785,node,Małgorzata Antonik,Aleje Jerozolimskie 49,Śródmieście,+48226545464,http://mkdevarsovie.pl,Beauty salon,Unknown,,,52.2285967,21.0089929,OpenStreetMap / Overpass API,https://www.openstreetmap.org/node/11253140785,
9995498178,node,Men,Wspólna 54A,Śródmieście,,,Hairdresser; Barber,Unknown,,,52.2270566,21.011063,OpenStreetMap / Overpass API,https://www.openstreetmap.org/node/9995498178,Mo-Fr 09:00-19:00; Sa 09:00-16:00
12036421100,node,Men's Place,,Śródmieście,,,Hairdresser,Unknown,,,52.2545718,20.9947855,OpenStreetMap / Overpass API,https://www.openstreetmap.org/node/12036421100,Mo-Sa 10:00-22:00
2797312369,node,Milek Design,"Plac Jana Henryka Dąbrowskiego 7, Warszawa",Śródmieście,,,Hairdresser,Unknown,,,52.2372922,21.0084492,OpenStreetMap / Overpass API,https://www.openstreetmap.org/node/2797312369,Mo-Fr 09:00-21:00; Sa 09:00-17:00
4282390906,node,Milek Design,"Tamka 29, 00-355 Warszawa",Śródmieście,,,Beauty salon,Unknown,,,52.2370554,21.0256177,OpenStreetMap / Overpass API,https://www.openstreetmap.org/node/4282390906,Mo-Fr 09:00-21:00; Sa 09:00-17:00
8993706779,node,Mint,,Śródmieście,,,Hairdresser,Unknown,,,52.2441196,21.0032818,OpenStreetMap / Overpass API,https://www.openstreetmap.org/node/8993706779,Tu-Fr 09:00-19:00; Sa 10:00-16:00
4909795445,node,Mira,"Aleje Ujazdowskie 18, 00-478 Warszawa",Śródmieście,,,Hairdresser,Unknown,,,52.2262011,21.0237825,OpenStreetMap / Overpass API,https://www.openstreetmap.org/node/4909795445,Mo-Fr 08:00-20:00; Sa 08:00-15:00
11862506968,node,Miss Hair,Leona Kruczkowskiego 12A,Śródmieście,,,Hairdresser,Unknown,,,52.2355775,21.0288594,OpenStreetMap / Overpass API,https://www.openstreetmap.org/node/11862506968,
11055281449,node,Miłek Design,Hoża 40,Śródmieście,,,Hairdresser,Unknown,,,52.2267688,21.0151178,OpenStreetMap / Overpass API,https://www.openstreetmap.org/node/11055281449,
10887440442,node,Mo's,Aleja Jana Pawła II 66,Śródmieście,,,Beauty salon; Aesthetic;Eyelash;Skin Care;Cosmetics,Unknown,,,52.2485172,20.9884439,OpenStreetMap / Overpass API,https://www.openstreetmap.org/node/10887440442,Mo-Fr 09:00-19:00
11089454396,node,Molly,,Śródmieście,,,Beauty salon; Nails;Massage,Unknown,,,52.2304063,21.0175327,OpenStreetMap / Overpass API,https://www.openstreetmap.org/node/11089454396,
9864412345,node,Monte Carlo,Mokotowska 40,Śródmieście,,,Beauty salon; Nails,Unknown,,,52.2242545,21.0211166,OpenStreetMap / Overpass API,https://www.openstreetmap.org/node/9864412345,
11062007408,node,Mr. Morgan,Franciszkańska 14,Śródmieście,,,Hairdresser,Unknown,,,52.2521689,21.0025316,OpenStreetMap / Overpass API,https://www.openstreetmap.org/node/11062007408,
3828536715,node,My Nails,"Szpitalna 6, 00-031 Warszawa",Śródmieście,+48575665919,,Beauty salon; Nails,Unknown,,,52.2330725,21.0149711,OpenStreetMap / Overpass API,https://www.openstreetmap.org/node/3828536715,"Mo-Fr 10:00-20:00; Sa,Su 11:00-18:00"
3542063716,node,Mąż Fryzjerki,Wilcza 26,Śródmieście,,https://www.mazfryzjerki.com,Hairdresser,Unknown,,,52.2253119,21.017083,OpenStreetMap / Overpass API,https://www.openstreetmap.org/node/3542063716,Mo-Fr 09:00-20:00; Sa 09:00-16:00
7572063585,node,Mąż Fryzjerki,"Warecka 4/6, 00-040 Warszawa",Śródmieście,+48698019020,https://mazfryzjerki.com,Hairdresser,Unknown,,,52.2366306,21.0168014,OpenStreetMap / Overpass API,https://www.openstreetmap.org/node/7572063585,Mo-Fr 9:00-21:00; Sa 9:00-16:00
11981359852,node,Męskie Cięcie E.B.,Topiel 27,Śródmieście,,,Hairdresser,Unknown,,,52.2394647,21.023539,OpenStreetMap / Overpass API,https://www.openstreetmap.org/node/11981359852,
11981359841,node,Na Powiślu,Oboźna 3,Śródmieście,,,Hairdresser,Unknown,,,52.2395622,21.0228067,OpenStreetMap / Overpass API,https://www.openstreetmap.org/node/11981359841,Mo-Fr 10:00-19:00; Sa 11:00-16:00
11862417542,node,Na Poziomie,Aleja 3 Maja 14,Śródmieście,,,Hairdresser,Unknown,,,52.2343285,21.0318485,OpenStreetMap / Overpass API,https://www.openstreetmap.org/node/11862417542,
9864503520,node,Nail & Beauty Bar,Mokotowska 26,Śródmieście,,,Beauty salon; Nails,Unknown,,,52.2219171,21.0195977,OpenStreetMap / Overpass API,https://www.openstreetmap.org/node/9864503520,Mo-Fr 10:00-20:00; Sa 09:00-18:00
11194158025,node,Nail Concept,Czerwonego Krzyża 2,Śródmieście,,,Beauty salon; Nails,Unknown,,,52.2357967,21.0305286,OpenStreetMap / Overpass API,https://www.openstreetmap.org/node/11194158025,
11653455019,node,Nail Room,Poznańska 5,Śródmieście,,,Beauty salon; Nails,Unknown,,,52.2238136,21.012392,OpenStreetMap / Overpass API,https://www.openstreetmap.org/node/11653455019,
11197694715,node,Nail Zen Clinic,Niecała 10,Śródmieście,,,Beauty salon; Nails;Massage;Cosmetics,Unknown,,,52.2421864,21.0082824,OpenStreetMap / Overpass API,https://www.openstreetmap.org/node/11197694715,
13024512113,node,Nailed It,Oleandrów 5,Śródmieście,,,Beauty salon,Unknown,,,52.2166953,21.0185384,OpenStreetMap / Overpass API,https://www.openstreetmap.org/node/13024512113,Mo-Fr 08:00-22:00; Sa-Su 09:00-16:00
5828763960,node,NailRoom,"Zygmunta Słomińskiego 7, 00-195 Warszawa",Śródmieście,,,Beauty salon; Nails,Unknown,,,52.2569371,20.9918051,OpenStreetMap / Overpass API,https://www.openstreetmap.org/node/5828763960,Mo-Fr 10:00-20:00; Sa 10:00-18:00; PH off
10751397507,node,Nails Lab,Jana i Jędrzeja Śniadeckich 12/16,Śródmieście,,,Beauty salon; Nails;Eyebrow,Unknown,,,52.2211046,21.0140561,OpenStreetMap / Overpass API,https://www.openstreetmap.org/node/10751397507,
10681444193,node,Narcisse,,Śródmieście,,,Cosmetics,Unknown,,,52.2277483,21.0022443,OpenStreetMap / Overpass API,https://www.openstreetmap.org/node/10681444193,
10616717380,node,Nattakan,"Zgoda 5, 00-018 Warszawa",Śródmieście,+48790553558,https://www.nattakan.pl,Massage,Unknown,,,52.2325888,21.0128086,OpenStreetMap / Overpass API,https://www.openstreetmap.org/node/10616717380,Mo-Su 12:00-21:00
10616720340,node,Nattakan,"Kozia 5A, 00-070 Warszawa",Śródmieście,+48730878898,https://www.nattakan.pl,Massage,Unknown,,,52.2442213,21.0122518,OpenStreetMap / Overpass API,https://www.openstreetmap.org/node/10616720340,Mo-Su 12:00-21:00
7705742066,node,Newlook's Institute,"Konstantego Ildefonsa Gałczyńskiego 5, 00-362 Warszawa",Śródmieście,+48223537363,https://instytut-urody.com,Beauty salon; Nails,Unknown,,,52.2345502,21.0196453,OpenStreetMap / Overpass API,https://www.openstreetmap.org/node/7705742066,Mo-Fr 09:00-21:00; Sa09:00-17:00
12647519562,node,Niepokorni,,Śródmieście,,,Hairdresser,Unknown,,,52.2550955,20.9942246,OpenStreetMap / Overpass API,https://www.openstreetmap.org/node/12647519562,Mo-Fr 08:00-20:00; Sa 08:00-16:00
12075573660,node,Noemi Nel,Wiejska 14,Śródmieście,,,Beauty salon; Nails;Cosmetics;Hair,Unknown,,,52.2266011,21.0253777,OpenStreetMap / Overpass API,https://www.openstreetmap.org/node/12075573660,Mo-Fr 10:00-20:00; Sa 10:00-15:00
11177436397,node,Norcal,Wilcza 13,Śródmieście,,,Hairdresser; Barber,Unknown,,,52.2256648,21.0199326,OpenStreetMap / Overpass API,https://www.openstreetmap.org/node/11177436397,Mo-Fr 10:00-20:00; Sa 10:00-15:00
1802258148,node,O Włos,"Bracka 11/13, Warszawa",Śródmieście,,,Hairdresser,Unknown,,,52.2304554,21.018478,OpenStreetMap / Overpass API,https://www.openstreetmap.org/node/1802258148,Mo-Fr 09:00-20:00; Sa 09:00-16:00
11981292306,node,O.Massage,Topiel 6,Śródmieście,,,Massage,Unknown,,,52.2380468,21.025712,OpenStreetMap / Overpass API,https://www.openstreetmap.org/node/11981292306,10:00-21:00
10011990141,node,Oasis,Królewska 2,Śródmieście,,,Massage,Unknown,,,52.2407612,21.0150903,OpenStreetMap / Overpass API,https://www.openstreetmap.org/node/10011990141,10:00-21:00
10311427290,node,Oasis Beauty,"Aleje Jerozolimskie 65/79, Warszawa",Śródmieście,,,Beauty salon; Spa;Massage;Hair;Nails;Eyebrow;Aesthetic,Unknown,,,52.2275087,21.0038107,OpenStreetMap / Overpass API,https://www.openstreetmap.org/node/10311427290,Mo-Fr 10:00-20:00; Sa 09:00-17:00
5545209421,node,Ohh My,"Ptasia 6, Warszawa",Śródmieście,,,Beauty salon; Nails,Unknown,,,52.2399357,21.0009069,OpenStreetMap / Overpass API,https://www.openstreetmap.org/node/5545209421,Mo-Fr 08:00-20:00; Sa 09:00-16:00
11089454391,node,Only You,Aleje Jerozolimskie 11/19,Śródmieście,,,Beauty salon,Unknown,,,52.2305154,21.0177851,OpenStreetMap / Overpass API,https://www.openstreetmap.org/node/11089454391,
10759575661,node,Onyx,Aleja „Solidarności” 82,Śródmieście,,,Beauty salon; Tanning,Unknown,,,52.2424193,20.9944145,OpenStreetMap / Overpass API,https://www.openstreetmap.org/node/10759575661,Mo-Fr 08:00-22:00; Sa 08:00-19:00; Su 13:00-19:00
9864412368,node,Ori Studio,Mokotowska 52,Śródmieście,,,Massage; Skin Care,Unknown,,,52.2257428,21.0221143,OpenStreetMap / Overpass API,https://www.openstreetmap.org/node/9864412368,Mo-Sa 11:00-19:00
11862564356,node,Oskar Lewandowski,Dobra 8/10,Śródmieście,,,Hairdresser,Unknown,,,52.2370217,21.030276,OpenStreetMap / Overpass API,https://www.openstreetmap.org/node/11862564356,
12422541466,node,Osoba Beauty Concept,Grzybowska 4,Śródmieście,,,Beauty salon,Unknown,,,52.2373733,21.0013285,OpenStreetMap / Overpass API,https://www.openstreetmap.org/node/12422541466,Mo-Fr 09:00-20:00; Sa-Su 10:00-20:00
5235959911,node,Ostra Brzytwa,Aleja Jana Pawła II 20,Śródmieście,+48798647684,,Hairdresser,Unknown,,,52.2347474,20.9983867,OpenStreetMap / Overpass API,https://www.openstreetmap.org/node/5235959911,Mo-Fr 09:00-20:00
9983858840,node,Ouch!,Belwederska 32,Śródmieście,,,Beauty salon; Hair Removal,Unknown,,,52.2078349,21.0304355,OpenStreetMap / Overpass API,https://www.openstreetmap.org/node/9983858840,Mo-Fr 09:00-20:00; Sa 09:00-17:00
4240911208,node,P&P Duet,"Solec 66, Warszawa",Śródmieście,+48881417068,,Hairdresser,Unknown,,,52.2374571,21.0279519,OpenStreetMap / Overpass API,https://www.openstreetmap.org/node/4240911208,
10979280563,node,Pakamera,Nowogrodzka 18,Śródmieście,,,Hairdresser; Barber,Unknown,,,52.2295243,21.015253,OpenStreetMap / Overpass API,https://www.openstreetmap.org/node/10979280563,Mo-Fr 08:00-20:00; Sa 09:00-15:00
9216619820,node,PaprikaSun,Aleja Jana Pawła II 50,Śródmieście,,https://paprikasun.pl,Beauty salon; Tanning,Unknown,,,52.2439701,20.992378,OpenStreetMap / Overpass API,https://www.openstreetmap.org/node/9216619820,Mo-Fr 10:00-22:00; Sa 10:00-20:00; Su 11:00-18:00
7248630446,node,Pardon My French,"Belwederska 32, 00-594 Warszawa",Śródmieście,,,Beauty salon; Nails,Unknown,,,52.2077854,21.0304799,OpenStreetMap / Overpass API,https://www.openstreetmap.org/node/7248630446,Mo-Fr 09:00-20:00; Sa 09:00-17:00
8931053817,node,Pardon My French,Wilcza 3,Śródmieście,,,Beauty salon; Nails;Hair Removal,Unknown,,,52.2261825,21.0224878,OpenStreetMap / Overpass API,https://www.openstreetmap.org/node/8931053817,Mo-Fr 09:00-20:00; Sa 09:00-17:00; Su 10:00-16:00
9984038995,node,Pasichnyk,Aleja Armii Ludowej 12,Śródmieście,,,Hairdresser,Unknown,,,52.2178078,21.0176423,OpenStreetMap / Overpass API,https://www.openstreetmap.org/node/9984038995,"Mo-Fr 09:00-20:00; Sa 09:00-17:00;Su ""on appointment"""
10176283149,node,Paula & Alexandro,"Miodowa 12, Warszawa",Śródmieście,,,Beauty salon; Nails;Hair,Unknown,,,52.2472581,21.0099284,OpenStreetMap / Overpass API,https://www.openstreetmap.org/node/10176283149,Mo-Fr 09:00-19:00
10947302410,node,Peach Nails Studio,Ordynacka 13,Śródmieście,,,Beauty salon,Unknown,,,52.2356653,21.0191595,OpenStreetMap / Overpass API,https://www.openstreetmap.org/node/10947302410,Mo-Sa 09:00-20:00
4709081777,node,Pearl Beauty Clinic & Spa,,Śródmieście,,,Beauty salon,Unknown,,,52.2322657,21.0025186,OpenStreetMap / Overpass API,https://www.openstreetmap.org/node/4709081777,
11862591176,node,Perfect Hair,Dobra 11,Śródmieście,,,Hairdresser,Unknown,,,52.2369325,21.0298747,OpenStreetMap / Overpass API,https://www.openstreetmap.org/node/11862591176,
12422543808,node,Peron 8,Graniczna 4,Śródmieście,,,Massage,Unknown,,,52.2386596,21.0028235,OpenStreetMap / Overpass API,https://www.openstreetmap.org/node/12422543808,Mo-Fr 08:00-20:00; Sa 08:00-15:00
12422530099,node,Phenomen,Grzybowska 2,Śródmieście,,,Hairdresser; Barber,Unknown,,,52.2377661,21.0027269,OpenStreetMap / Overpass API,https://www.openstreetmap.org/node/12422530099,
1335949570,node,Pied-de-Poule,Grzybowska 4,Śródmieście,,,Beauty salon; Nails;Hair;Cosmetics;Skin Care,Unknown,,,52.2374508,21.0020549,OpenStreetMap / Overpass API,https://www.openstreetmap.org/node/1335949570,09:00-21:00; PH off
10010021439,node,Pied-de-Poule,Piękna 49,Śródmieście,,,Beauty salon; Nails;Cosmetics;Skin Care,Unknown,,,52.2227822,21.0103354,OpenStreetMap / Overpass API,https://www.openstreetmap.org/node/10010021439,09:00-21:00
11089454393,node,Piercing.pl,,Śródmieście,,,Beauty salon; Piercing,Unknown,,,52.2304448,21.0177137,OpenStreetMap / Overpass API,https://www.openstreetmap.org/node/11089454393,
9980221375,node,Pink Nails,Kredytowa 2,Śródmieście,,,Beauty salon; Nails,Unknown,,,52.2384925,21.0108999,OpenStreetMap / Overpass API,https://www.openstreetmap.org/node/9980221375,10:00-20:00
10759575673,node,Piękno Warszawy,Aleja „Solidarności” 78,Śródmieście,,,Hairdresser,Unknown,,,52.243055,20.9961999,OpenStreetMap / Overpass API,https://www.openstreetmap.org/node/10759575673,Mo-Fr 09:00-20:00; Sa 09:00-14:00
13462366037,node,Plato,Górnośląska 7A,Śródmieście,,,Beauty salon; Eyelash;Eyebrow,Unknown,,,52.225453,21.0389036,OpenStreetMap / Overpass API,https://www.openstreetmap.org/node/13462366037,
9995498169,node,Playah,Wspólna 54A,Śródmieście,,,Hairdresser; Barber,Unknown,,,52.2268443,21.0115206,OpenStreetMap / Overpass API,https://www.openstreetmap.org/node/9995498169,Mo-Fr 10:00-20:00; Sa 10:00-18:00
12647519558,node,Pokorna Clinic,Pokorna 2,Śródmieście,,,Beauty salon; Aesthetic;Hair Removal;Laser Hair Removal,Unknown,,,52.2554708,20.9948197,OpenStreetMap / Overpass API,https://www.openstreetmap.org/node/12647519558,Mo-Fr 09:00-21:00; Sa 09:00-17:00
4075273489,node,Politechnika Strzyżenia,Jaworzyńska 7,Śródmieście,+48503644683,https://booksy.net/en-pl/2044_politechnika-strzyzenia_fryzjerzy_3_warszawa,Hairdresser,Unknown,,,52.2184806,21.0156407,OpenStreetMap / Overpass API,https://www.openstreetmap.org/node/4075273489,Mo-Fr 09:00-19:00; Sa 09:00-14:00
11413658523,node,Polna Hair,Polna 10/14,Śródmieście,,,Hairdresser,Unknown,,,52.2152881,21.0193176,OpenStreetMap / Overpass API,https://www.openstreetmap.org/node/11413658523,Mo-Fr 10:00-20:00; Sa 10:00-16:00
7708021470,node,Posh Lashes,"Smolna 11, 00-375 Warszawa",Śródmieście,+48577377497,"https://www.poshlashes.com/en,instructors,agata-kaczmarek.html",Beauty salon,Unknown,,,52.2329118,21.0238157,OpenStreetMap / Overpass API,https://www.openstreetmap.org/node/7708021470,
11177436399,node,Połysk,Wilcza 18,Śródmieście,,,Nails;Cosmetics;Hair;Eyebrow;Eyelash,Unknown,,,52.2258186,21.0197596,OpenStreetMap / Overpass API,https://www.openstreetmap.org/node/11177436399,
12456360648,node,Pracownia Beauty,Marszałkowska 37A,Śródmieście,,,Beauty salon; Nails;Hair,Unknown,,,52.2187979,21.017968,OpenStreetMap / Overpass API,https://www.openstreetmap.org/node/12456360648,
8957963003,node,Prisma,Widok 9,Śródmieście,,,Beauty salon; Spa,Unknown,,,52.2312664,21.0152925,OpenStreetMap / Overpass API,https://www.openstreetmap.org/node/8957963003,Mo-Su 07:00-22:00
11061931882,node,Pro Hair,Bonifraterska 6,Śródmieście,,,Hairdresser,Unknown,,,52.2518103,21.0026254,OpenStreetMap / Overpass API,https://www.openstreetmap.org/node/11061931882,Mo-Fr 09:00-20:00; Sa 09:00-15:00
12036421090,node,ProClinic +,,Śródmieście,,,Beauty salon; Aesthetic,Unknown,,,52.2540151,20.9950977,OpenStreetMap / Overpass API,https://www.openstreetmap.org/node/12036421090,Mo-Fr 10:00-20:00; Sa 11:00-16:00
11862395631,node,Przemysław Grejcz,Okrąg 4,Śródmieście,,,Hairdresser,Unknown,,,52.2296827,21.0362416,OpenStreetMap / Overpass API,https://www.openstreetmap.org/node/11862395631,Mo-Fr 08:00-20:00; Sa 08:00-16:00
12384664865,node,Purite,Plac Grzybowski 10,Śródmieście,,,Cosmetics,Unknown,,,52.2366854,21.0029575,OpenStreetMap / Overpass API,https://www.openstreetmap.org/node/12384664865,Mo-Fr 11:00-19:00; Sa 11:00-15:00
5347419991,node,QC Barber,,Śródmieście,,,Hairdresser; Barber,Unknown,,,52.2323579,21.0104175,OpenStreetMap / Overpass API,https://www.openstreetmap.org/node/5347419991,Mo-Sa 08:00-20:00; Su 10:00-20:00
9793389149,node,Quality House of Beauty,Wiejska 20,Śródmieście,,,Beauty salon,Unknown,,,52.2273424,21.0247551,OpenStreetMap / Overpass API,https://www.openstreetmap.org/node/9793389149,Mo-Fr 09:00-21:00; Sa 09:00-16:00; Su off
5352049217,node,Ratusz,,Śródmieście,,,Hairdresser,Unknown,,,52.244343,21.0015569,OpenStreetMap / Overpass API,https://www.openstreetmap.org/node/5352049217,Mo-Sa 08:00-21:00; Su 09:00-20:00
11634336762,node,Raven Barbershop,"Juliana Bartoszewicza 9, Warszawa",Śródmieście,,,Hairdresser,Unknown,,,52.2377281,21.0209249,OpenStreetMap / Overpass API,https://www.openstreetmap.org/node/11634336762,Mo-Fr 10:00-20:00; Sa-Su 12:00-18:00
10004769296,node,Raw,Poznańska 24,Śródmieście,,,Cosmetics,Unknown,,,52.2265111,21.011346,OpenStreetMap / Overpass API,https://www.openstreetmap.org/node/10004769296,Mo-Fr 11:00-19:00; Sa 11:00-18:00
11413682012,node,Razura,Polna 10/14,Śródmieście,+48570508809,,Hairdresser,Unknown,,,52.2154802,21.0190387,OpenStreetMap / Overpass API,https://www.openstreetmap.org/node/11413682012,Mo-Fr 10:00-19:00; Sa 09:00-16:00
11850799258,node,Razura,Generała Władysława Andersa 13,Śródmieście,,,Hairdresser,Unknown,,,52.2481706,20.9967289,OpenStreetMap / Overpass API,https://www.openstreetmap.org/node/11850799258,
13612707328,node,Reina,"św. Barbary 4, 00-686 Warszawa",Śródmieście,+48512353372,https://www.reinamassage.com,Massage,Unknown,,,52.2272203,21.0099447,OpenStreetMap / Overpass API,https://www.openstreetmap.org/node/13612707328,Mo-Su 10:30-06:30
3576628149,node,Rituals,Marszałkowska 104/122,Śródmieście,,,Cosmetics,Unknown,,,52.2322677,21.0107714,OpenStreetMap / Overpass API,https://www.openstreetmap.org/node/3576628149,Mo-Sa 09:00-21:00; Su 10:00-20:00
12908955302,node,Rituals,,Śródmieście,,https://www.rituals.com/en-nl/store-detail,Cosmetics,Unknown,,,52.2567598,20.9839239,OpenStreetMap / Overpass API,https://www.openstreetmap.org/node/12908955302,Mo-Sa 10:00-22:00
9586087463,node,Rosa,,Śródmieście,,,Cosmetics,Unknown,,,52.2420107,20.9947144,OpenStreetMap / Overpass API,https://www.openstreetmap.org/node/9586087463,Mo-Fr 10:00-18:00
10311341118,node,Rostomic,,Śródmieście,,,Hairdresser; Barber,Unknown,,,52.2282253,21.004159,OpenStreetMap / Overpass API,https://www.openstreetmap.org/node/10311341118,Mo-Fr 10:00-19:00; Sa 10:00-18:00
10748985811,node,Rostowski Barber Shop,Koszykowa 58,Śródmieście,,,Hairdresser,Unknown,,,52.2226866,21.0120274,OpenStreetMap / Overpass API,https://www.openstreetmap.org/node/10748985811,Mo-Fr 11:00-19:00; Sa 11:00-18:00
8975032906,node,Rotor Club,,Śródmieście,,,Hairdresser,Unknown,,,52.2325257,21.0136909,OpenStreetMap / Overpass API,https://www.openstreetmap.org/node/8975032906,
12146536521,node,Royal Hair,Stawki 8,Śródmieście,,,Hairdresser,Unknown,,,52.2537214,20.9904917,OpenStreetMap / Overpass API,https://www.openstreetmap.org/node/12146536521,Mo-Sa 10:00-20:00
12244543140,node,Ruby Blue,Piękna 15,Śródmieście,,,Beauty salon,Unknown,,,52.2233272,21.0184019,OpenStreetMap / Overpass API,https://www.openstreetmap.org/node/12244543140,
11958852135,node,Sage,Hoża 39,Śródmieście,,,Beauty salon; Nails,Unknown,,,52.2257459,21.0124506,OpenStreetMap / Overpass API,https://www.openstreetmap.org/node/11958852135,Mo-Fr 09:00-21:00; Sa 10:00-19:00
3877624657,node,Salon 203,Czerniakowska 203,Śródmieście,,,Beauty salon; Cosmetics;Hair,Unknown,,,52.2270186,21.0380811,OpenStreetMap / Overpass API,https://www.openstreetmap.org/node/3877624657,
12647703871,node,Salon de Switchy,Bednarska 18A,Śródmieście,,,Beauty salon,Unknown,,,52.2451265,21.01738,OpenStreetMap / Overpass API,https://www.openstreetmap.org/node/12647703871,
6288130456,node,Salon Stylish,Smolna 11,Śródmieście,,,Hairdresser,Unknown,,,52.2329258,21.0238828,OpenStreetMap / Overpass API,https://www.openstreetmap.org/node/6288130456,Mo-Sa 09:00+; Su 10:00-16:00
10887440444,node,Salonik,Aleja Jana Pawła II 68,Śródmieście,,,Hairdresser,Unknown,,,52.2488936,20.9880568,OpenStreetMap / Overpass API,https://www.openstreetmap.org/node/10887440444,
10753856740,node,Salonik Urody,"Śliska 3, Warszawa",Śródmieście,,,Hairdresser,Unknown,,,52.2323895,21.0019256,OpenStreetMap / Overpass API,https://www.openstreetmap.org/node/10753856740,Mo-Fr 09:00-20:00; Sa 09:00-15:00
7728944003,node,Same Ta,"Mikołaja Kopernika 8/18, 00-367 Warszawa",Śródmieście,,,Beauty salon; Nails;Hair Removal,Unknown,,,52.2353249,21.0211587,OpenStreetMap / Overpass API,https://www.openstreetmap.org/node/7728944003,09:00-21:00
12858104677,node,Sandhouse Nails,Wspólna 52/54,Śródmieście,,,Beauty salon; Nails,Unknown,,,52.2269357,21.0120558,OpenStreetMap / Overpass API,https://www.openstreetmap.org/node/12858104677,Mo-Fr 09:00-19:00; Sa 10:00-17:00; Su 11:00-17:00
8917359801,node,Sanshè,Marszałkowska 74,Śródmieście,,,Beauty salon; Nails;Cosmetics,Unknown,,,52.2259468,21.0145602,OpenStreetMap / Overpass API,https://www.openstreetmap.org/node/8917359801,Mo-Fr 09:00-20:00; Sa-Su 10:00-19:00
3980635987,node,Sephora,,Śródmieście,,,Cosmetics,Unknown,,,52.2299732,21.0017895,OpenStreetMap / Overpass API,https://www.openstreetmap.org/node/3980635987,Mo-Sa 09:00-22:00
7992170403,node,Sephora,,Śródmieście,,https://www.sephora.pl/o-perfumerii,Cosmetics,Unknown,,,52.256651,20.984172,OpenStreetMap / Overpass API,https://www.openstreetmap.org/node/7992170403,Mo-Sa 10:00-22:00
1692407795,node,Shamrock,"Widok 10, Warszawa",Śródmieście,,,Hairdresser; Barber,Unknown,,,52.2314864,21.0148855,OpenStreetMap / Overpass API,https://www.openstreetmap.org/node/1692407795,
10075368419,node,Sharley Hair Clinic,Poznańska 1,Śródmieście,,,Beauty salon,Unknown,,,52.2232255,21.0125994,OpenStreetMap / Overpass API,https://www.openstreetmap.org/node/10075368419,Mo-Fr 09:00-21:00; Sa 08:00-16:00
9864466210,node,Skin Therapy by Kornelia,Mokotowska 12,Śródmieście,,,Beauty salon; Cosmetics;Skin Care,Unknown,,,52.220348,21.0185883,OpenStreetMap / Overpass API,https://www.openstreetmap.org/node/9864466210,
9980221363,node,SkinLAB,Kredytowa 2,Śródmieście,,,Beauty salon,Unknown,,,52.2383579,21.0110063,OpenStreetMap / Overpass API,https://www.openstreetmap.org/node/9980221363,
7707946451,node,Smolna 10,"Smolna 10, 00-375 Warszawa",Śródmieście,+48228286760,https://smolna10.pl,Beauty salon; Nails;Tanning;Hair,Unknown,,,52.2332928,21.0247685,OpenStreetMap / Overpass API,https://www.openstreetmap.org/node/7707946451,Mo-Fr 09:00-22:00; Sa 09:00-16:00; Su 10:00-16:00
12146536522,node,So Beauty,Stawki 8,Śródmieście,,,Beauty salon; Cosmetics;Laser Hair Removal;Hair Removal,Unknown,,,52.2538857,20.9902623,OpenStreetMap / Overpass API,https://www.openstreetmap.org/node/12146536522,
10753856726,node,Sognare,Złota 48/54,Śródmieście,,,Beauty salon; Cosmetics;Aesthetic;Nails,Unknown,,,52.2307564,21.000832,OpenStreetMap / Overpass API,https://www.openstreetmap.org/node/10753856726,
12949201345,node,Sonix,,Śródmieście,,,Beauty salon; Nails,Unknown,,,52.2456188,20.9946748,OpenStreetMap / Overpass API,https://www.openstreetmap.org/node/12949201345,
11253331590,node,Soul Beauty Bar,Jana i Jędrzeja Śniadeckich 23,Śródmieście,,,Beauty salon; Nails;Eyebrow;Eyelash,Unknown,,,52.2200902,21.0127884,OpenStreetMap / Overpass API,https://www.openstreetmap.org/node/11253331590,
12036341922,node,Spinka,Zygmunta Słomińskiego 17,Śródmieście,,,Hairdresser,Unknown,,,52.2557797,20.9869265,OpenStreetMap / Overpass API,https://www.openstreetmap.org/node/12036341922,Mo 13:00-20:00; Tu-Fr 09:00-20:00; Sa 09:00-14:00
11503693804,node,Sposób Na Piękno,Dzika 19/23,Śródmieście,+48221108046,,Beauty salon; Cosmetics;Hair,Unknown,,,52.2535958,20.9856409,OpenStreetMap / Overpass API,https://www.openstreetmap.org/node/11503693804,Mo-Fr 09:00-20:00; Sa 08:00-15:00
9904754360,node,Stanisław Perlik,Mokotowska 55,Śródmieście,,,Hairdresser,Unknown,,,52.2250347,21.0212362,OpenStreetMap / Overpass API,https://www.openstreetmap.org/node/9904754360,Mo 11:00-19:00; Tu-Fr 08:00-19:00; Sa 08:00-15:00
3980723887,node,Stara Mydlarnia,"Chmielna 4, 00-020 Warszawa",Śródmieście,+48508616684,,Cosmetics,Unknown,,,52.2331822,21.0184174,OpenStreetMap / Overpass API,https://www.openstreetmap.org/node/3980723887,Mo-Sa 10:00-21:00; Su 10:00-20:00
563863010,way,Stara Mydlarnia,Aleje Jerozolimskie 54,Śródmieście,,http://mydlarnia.warszawa.pl,Cosmetics,Unknown,,,52.2290004,21.0030139,OpenStreetMap / Overpass API,https://www.openstreetmap.org/way/563863010,Mo-Sa 08:00-21:00; Su 08:00-20:00
8451090892,node,Strefa Cięcia,,Śródmieście,+48228310071,,Beauty salon; Cosmetics;Nails;Hair,Unknown,,,52.2522961,20.9987175,OpenStreetMap / Overpass API,https://www.openstreetmap.org/node/8451090892,
1775905632,node,Strzyga na Brackiej,"Bracka 5, Warszawa",Śródmieście,,,Hairdresser,Unknown,,,52.2300024,21.0198108,OpenStreetMap / Overpass API,https://www.openstreetmap.org/node/1775905632,Mo-Fr 10:00-19:00; Sa 10:00-17:00
10176882389,node,Studio Dobra 53,Dobra 53,Śródmieście,,,Hairdresser,Unknown,,,52.2416707,21.0246654,OpenStreetMap / Overpass API,https://www.openstreetmap.org/node/10176882389,"Mo,We,Fr 12:00-20:00; Tu,Th 10:00-18:00; Sa 10:00-14:00"
8975032902,node,Studio Fryzur,,Śródmieście,,,Hairdresser,Unknown,,,52.2323833,21.0131209,OpenStreetMap / Overpass API,https://www.openstreetmap.org/node/8975032902,Mo-Fr 08:00-20:00; Sa 08:00-16:00
11194341027,node,Studio OK,Wilanowska 24,Śródmieście,,,Hairdresser,Unknown,,,52.2292255,21.0368372,OpenStreetMap / Overpass API,https://www.openstreetmap.org/node/11194341027,Tu-Fr 10:00-20:00; Sa 09:00-17:00
12422543812,node,Studio U2,Marszałkowska 111A,Śródmieście,,,Beauty salon; Cosmetics;Hair,Unknown,,,52.2387975,21.0041203,OpenStreetMap / Overpass API,https://www.openstreetmap.org/node/12422543812,
11047028203,node,Studio Żurawia,Żurawia 26,Śródmieście,,,Hairdresser,Unknown,,,52.2284332,21.0148243,OpenStreetMap / Overpass API,https://www.openstreetmap.org/node/11047028203,
9904534984,node,Sun & Smile,"Chmielna 13, Warszawa",Śródmieście,,,Beauty salon; Tanning,Unknown,,,52.2326434,21.0167809,OpenStreetMap / Overpass API,https://www.openstreetmap.org/node/9904534984,"Mo,Fr 10:30-20:00"
10846532861,node,Sungate,Plac Powstańców Warszawy 2A,Śródmieście,,,Beauty salon; Spa,Unknown,,,52.2346318,21.0148476,OpenStreetMap / Overpass API,https://www.openstreetmap.org/node/10846532861,Mo-Fr 11:00-20:00; Sa 12:00-18:00
8993706778,node,superciało.pl,,Śródmieście,,,Hairdresser,Unknown,,,52.2442305,21.0037032,OpenStreetMap / Overpass API,https://www.openstreetmap.org/node/8993706778,
9836690599,node,Szpitalna 5 Beauty,Szpitalna 5,Śródmieście,,,Beauty salon,Unknown,,,52.2328703,21.0145111,OpenStreetMap / Overpass API,https://www.openstreetmap.org/node/9836690599,
10822707579,node,Sztuka Piękna,Górnośląska 25,Śródmieście,,,Beauty salon; Nails;Eyelash,Unknown,,,52.2249986,21.0356267,OpenStreetMap / Overpass API,https://www.openstreetmap.org/node/10822707579,
7517797544,node,Szybkie Nożyczki,Generała Władysława Andersa 12,Śródmieście,,,Hairdresser,Unknown,,,52.2509857,20.9990418,OpenStreetMap / Overpass API,https://www.openstreetmap.org/node/7517797544,Mo-Fr 10:00-20:00; Sa 10:00-19:00; Su 10:00-17:00
8301209230,node,Tajskie Spa,,Śródmieście,,,Massage,Unknown,,,52.2303755,21.0154364,OpenStreetMap / Overpass API,https://www.openstreetmap.org/node/8301209230,Mo-Su 11:00-22:00
7778493902,node,Tallulah,"Mikołaja Kopernika 5, 00-367 Warszawa",Śródmieście,+48224159030,https://tallulah.pl,Hairdresser,Unknown,,,52.2343974,21.0203905,OpenStreetMap / Overpass API,https://www.openstreetmap.org/node/7778493902,Mo-Fr 10:00-21:00; Sa 10:00-15:00
12422543816,node,Tantric Paradise,Grzybowska 2,Śródmieście,,,Massage,Unknown,,,52.2376562,21.0030428,OpenStreetMap / Overpass API,https://www.openstreetmap.org/node/12422543816,
13328764201,node,tao tao spa,"Cecylii Śniegockiej 7, Warszawa",Śródmieście,+48573006242,https://taotaospa.pl,Massage,Unknown,,,52.226725,21.0366388,OpenStreetMap / Overpass API,https://www.openstreetmap.org/node/13328764201,Mo-Su 11:00-21:00
11253275846,node,Ten,Poznańska 24,Śródmieście,,,Hairdresser,Unknown,,,52.2263914,21.0114057,OpenStreetMap / Overpass API,https://www.openstreetmap.org/node/11253275846,
9885807212,node,Terra Spa,"Chmielna 5, Warszawa",Śródmieście,,,Beauty salon; Hair;Spa,Unknown,,,52.2329751,21.0183574,OpenStreetMap / Overpass API,https://www.openstreetmap.org/node/9885807212,
6680031313,node,Thai Bali Spa,"Nowy Świat 48, 00-363 Warszawa",Śródmieście,+48663551122,https://thaibalispa.pl,Beauty salon; Spa,Unknown,,,52.2345872,21.0192837,OpenStreetMap / Overpass API,https://www.openstreetmap.org/node/6680031313,Mo-Fr 12:00-22:00; Sa-Su 11:00-23:00
12384646391,node,Thai Bali Spa,Grzybowska 3,Śródmieście,,,Massage,Unknown,,,52.2370006,21.0021288,OpenStreetMap / Overpass API,https://www.openstreetmap.org/node/12384646391,
13011246441,node,Thai Bali Spa,"Miodowa 23, Warszawa",Śródmieście,+48722053104,https://thaibalispa.pl,Massage,Unknown,,,52.2483922,21.0063893,OpenStreetMap / Overpass API,https://www.openstreetmap.org/node/13011246441,
11793790560,node,Thai Mai,Aleja Jana Pawła II 20,Śródmieście,,,Massage,Unknown,,,52.2345515,20.9985716,OpenStreetMap / Overpass API,https://www.openstreetmap.org/node/11793790560,12:00-22:00
10704942656,node,The Barber's Loft,"Stanisława Noakowskiego 16, 00-666 Warszawa",Śródmieście,,,Hairdresser,Unknown,,,52.2218657,21.0103545,OpenStreetMap / Overpass API,https://www.openstreetmap.org/node/10704942656,Mo-Fr 10:00-21:00; Sa 10:00-18:00
3980635966,node,The Body Shop,,Śródmieście,,,Cosmetics,Unknown,,,52.230259,21.0023581,OpenStreetMap / Overpass API,https://www.openstreetmap.org/node/3980635966,Mo-Sa 09:00-22:00
12507723219,node,The Hermit,"Plac Bankowy 1, Warszawa",Śródmieście,+48784509509,https://thehermit.pl,Hairdresser; Barber,Unknown,,,52.2419052,21.0030675,OpenStreetMap / Overpass API,https://www.openstreetmap.org/node/12507723219,Mo-Fr 08:00-20:00; Sa 10:00-15:00
9919680836,node,The Krasa,Księdza Ignacego Skorupki 2,Śródmieście,,,Beauty salon,Unknown,,,52.2254864,21.0152443,OpenStreetMap / Overpass API,https://www.openstreetmap.org/node/9919680836,Mo-Su 09:00-20:00
10846651064,node,The Point,Wojciecha Górskiego 1A,Śródmieście,,,Hairdresser,Unknown,,,52.2341217,21.0177637,OpenStreetMap / Overpass API,https://www.openstreetmap.org/node/10846651064,
10827507002,node,The Sadovsky Barbershop,Poznańska 23,Śródmieście,,,Hairdresser; Barber,Unknown,,,52.2265082,21.0108828,OpenStreetMap / Overpass API,https://www.openstreetmap.org/node/10827507002,Mo-Fr 10:00-21:00; Sa 10:00-18:00
11188708227,node,The Salon,Emilii Plater 49,Śródmieście,,,Beauty salon,Unknown,,,52.2322351,21.0027068,OpenStreetMap / Overpass API,https://www.openstreetmap.org/node/11188708227,
9919628156,node,Theriva,Nowogrodzka 31,Śródmieście,,,Massage,Unknown,,,52.2288803,21.0133853,OpenStreetMap / Overpass API,https://www.openstreetmap.org/node/9919628156,
11862284155,node,Tiffany,Rozbrat 34/36,Śródmieście,,,Hairdresser,Unknown,,,52.2262091,21.0343245,OpenStreetMap / Overpass API,https://www.openstreetmap.org/node/11862284155,Mo-Sa 08:00-20:00
12036341919,node,Time For Wax,Zygmunta Słomińskiego 17,Śródmieście,,,Beauty salon; Hair Removal;Waxing;Laser Hair Removal,Unknown,,,52.2558008,20.9867923,OpenStreetMap / Overpass API,https://www.openstreetmap.org/node/12036341919,Mo-Fr 10:00-20:00; Oct-Mar Sa 10:00-16:00; Apr-Sep Sa 9:00-17:00
7761672987,node,Time for Wax & Laser,"Mikołaja Kopernika 32, 00-336 Warszawa",Śródmieście,,https://timeforwax.pl,Beauty salon; Waxing;Hair Removal;Laser Hair Removal,Unknown,,,52.2374105,21.0203914,OpenStreetMap / Overpass API,https://www.openstreetmap.org/node/7761672987,Mo-Fr 10:00-20:00; Sa 10:00-16:00; Apr-Sep Sa 09:00-17:00
7876849944,node,To-Day,Wilcza 26,Śródmieście,,,Hairdresser,Unknown,,,52.2253873,21.0174594,OpenStreetMap / Overpass API,https://www.openstreetmap.org/node/7876849944,Mo-Fr 09:00-21:09; Sa 09:00-15:00; Su off
12779168570,node,Tokyo Piercing,Widok 16,Śródmieście,,,Beauty salon; Piercing,Unknown,,,52.2312475,21.0137823,OpenStreetMap / Overpass API,https://www.openstreetmap.org/node/12779168570,
10704874606,node,Tomasz Szymański,Wilcza 72,Śródmieście,,,Hairdresser,Unknown,,,52.2232328,21.0074436,OpenStreetMap / Overpass API,https://www.openstreetmap.org/node/10704874606,Mo-Fr 09:00-20:00; Sa 10:00-16:00
13254531452,node,Top,,Śródmieście,,,Hairdresser,Unknown,,,52.2295984,21.0121668,OpenStreetMap / Overpass API,https://www.openstreetmap.org/node/13254531452,Mo-Fr 08:00-20:00; Sa 10:00-18:00; Su 10:00-15:00
10101462983,node,Top Barber,,Śródmieście,,,Hairdresser,Unknown,,,52.242879,20.993348,OpenStreetMap / Overpass API,https://www.openstreetmap.org/node/10101462983,Mo-Fr 09:00-21:00; Sa 10:00-19:00
4709081788,node,Top Fryzjer,Emilii Plater 47,Śródmieście,,,Hairdresser,Unknown,,,52.2320015,21.0028695,OpenStreetMap / Overpass API,https://www.openstreetmap.org/node/4709081788,Mo-Fr 08:00-20:00; Sa 08:00-15:00
4741642234,node,Top Fryzjer,"Miodowa 23, 00-246 Warszawa",Śródmieście,,,Hairdresser,Unknown,,,52.2483094,21.0065852,OpenStreetMap / Overpass API,https://www.openstreetmap.org/node/4741642234,Mo-Fr 08:00-18:00; Sa 09:00-14:00
4132773589,node,Top Kosmetyka,"Miodowa 23, 00-246 Warszawa",Śródmieście,,,Beauty salon; Nails,Unknown,,,52.2484771,21.0061998,OpenStreetMap / Overpass API,https://www.openstreetmap.org/node/4132773589,Mo-Fr 09:00-19:00; Sa 09:00-15:00
11981359837,node,Topiel 27,Topiel 27,Śródmieście,,,Beauty salon; Nails;Hair;Cosmetics;Massage,Unknown,,,52.2394846,21.0235084,OpenStreetMap / Overpass API,https://www.openstreetmap.org/node/11981359837,Mo-Fr 12:00-19:00
9980221365,node,Towarzystwo,Kredytowa 8,Śródmieście,,,Hairdresser,Unknown,,,52.2378824,21.0099415,OpenStreetMap / Overpass API,https://www.openstreetmap.org/node/9980221365,Mo-Fr 10:00-20:00; Sa 10:00-16:00
10253404957,node,Towarzystwo Fryzjerskie,Polna 30A,Śródmieście,,,Hairdresser,Unknown,,,52.2171979,21.0176586,OpenStreetMap / Overpass API,https://www.openstreetmap.org/node/10253404957,Mo-Fr 10:00-20:00; Sa 10:00-16:00
10916445962,node,Tu Mi Raj,Ludna 1B,Śródmieście,,,Beauty salon; Nails;Cosmetics;Massage,Unknown,,,52.2322328,21.0378057,OpenStreetMap / Overpass API,https://www.openstreetmap.org/node/10916445962,Mo-Fr 10:00-16:00; Sa-Su 09:00-16:00
4781937680,node,Tytanowe,Plac Grzybowski 10,Śródmieście,,,Beauty salon; Nails,Unknown,,,52.2366263,21.0029364,OpenStreetMap / Overpass API,https://www.openstreetmap.org/node/4781937680,
10853097189,node,U Fryzjerów,Mokotowska 49,Śródmieście,,,Hairdresser,Unknown,,,52.2244602,21.019843,OpenStreetMap / Overpass API,https://www.openstreetmap.org/node/10853097189,Mo-Fr 09:00-21:00; Sa 09:00-18:00
11850799244,node,U Fryzjerów,Generała Władysława Andersa 13,Śródmieście,,,Hairdresser,Unknown,,,52.2479682,20.9975889,OpenStreetMap / Overpass API,https://www.openstreetmap.org/node/11850799244,Mo-Fr 09:00-21:00; Sa 09:00-18:00
10887440448,node,U Przyjaciółek,Aleja Jana Pawła II 72,Śródmieście,,,Hairdresser,Unknown,,,52.2503637,20.9867796,OpenStreetMap / Overpass API,https://www.openstreetmap.org/node/10887440448,
11862702323,node,Ufmed,Dobra 8/10,Śródmieście,,,Massage,Unknown,,,52.2371818,21.030895,OpenStreetMap / Overpass API,https://www.openstreetmap.org/node/11862702323,
11862287749,node,Ugly Nails,Rozbrat 22/24,Śródmieście,,,Beauty salon; Nails,Unknown,,,52.2246571,21.0349058,OpenStreetMap / Overpass API,https://www.openstreetmap.org/node/11862287749,
10029849920,node,Undercut,Wilcza 42,Śródmieście,,,Hairdresser,Unknown,,,52.2245416,21.0135235,OpenStreetMap / Overpass API,https://www.openstreetmap.org/node/10029849920,Mo-Fr 08:00-22:00; Sa 09:00-16:00
5828763959,node,Unlmtd Barbershop,"Zygmunta Słomińskiego 7, 00-195 Warszawa",Śródmieście,,,Hairdresser,Unknown,,,52.2569231,20.9917083,OpenStreetMap / Overpass API,https://www.openstreetmap.org/node/5828763959,Mo-Su 10:00-21:00; PH off
4958815762,node,Uroda,"Nowiniarska 1, Warszawa",Śródmieście,,http://fryzjer.me,Hairdresser,Unknown,,,52.2513378,21.0038504,OpenStreetMap / Overpass API,https://www.openstreetmap.org/node/4958815762,Mo-Fr 08:00-20:00; Sa 08:00-16:00
8927266672,node,Velvet Skin,,Śródmieście,,,Beauty salon; Hair Removal;Skin Care,Unknown,,,52.2349819,21.0060615,OpenStreetMap / Overpass API,https://www.openstreetmap.org/node/8927266672,Mo-Fr 08:00-21:00; Sa 09:00-17:00
4665940522,node,Vertigo Hair,Bagno 2,Śródmieście,,,Hairdresser,Unknown,,,52.235769,21.0049783,OpenStreetMap / Overpass API,https://www.openstreetmap.org/node/4665940522,Mo-Fr 09:00-21:00; Sa 09:00+
5058453166,node,Victoria,"Chmielna 30, 00-020 Warszawa",Śródmieście,,,Beauty salon; Nails,Unknown,,,52.232095,21.0129091,OpenStreetMap / Overpass API,https://www.openstreetmap.org/node/5058453166,Mo-Su 09:00-20:00
1652593356,node,Voloshyna Alina,"Nowolipki 13, 00-151 Warszawa",Śródmieście,,,Hairdresser,Unknown,,,52.2457297,20.9949351,OpenStreetMap / Overpass API,https://www.openstreetmap.org/node/1652593356,
8993486174,node,W Różowym Humorze,,Śródmieście,,,Beauty salon; Cosmetics;Nails,Unknown,,,52.2516137,20.9977851,OpenStreetMap / Overpass API,https://www.openstreetmap.org/node/8993486174,Mo-Fr 09:00-20:00; Sa 09:00-16:00
9836773227,node,Warsaw Beauty by Sandra,Zgoda 4,Śródmieście,,,Beauty salon,Unknown,,,52.2327443,21.014282,OpenStreetMap / Overpass API,https://www.openstreetmap.org/node/9836773227,
9211034067,node,Warszawska Izba Lordów,Wspólna 63B,Śródmieście,,,Hairdresser,Unknown,,,52.2260776,21.0089353,OpenStreetMap / Overpass API,https://www.openstreetmap.org/node/9211034067,
11793838783,node,Warszawski Golibroda,Próżna 5,Śródmieście,,,Hairdresser,Unknown,,,52.2364623,21.0056054,OpenStreetMap / Overpass API,https://www.openstreetmap.org/node/11793838783,Mo-Fr 10:00-19:00; Sa 09:00-15:00
13014203756,node,Wawa,"Marszałkowska 87, 00-683 Warszawa",Śródmieście,,,Beauty salon,Unknown,,,52.2275142,21.0124187,OpenStreetMap / Overpass API,https://www.openstreetmap.org/node/13014203756,
8936384191,node,Wax Clinic,Marszałkowska 124,Śródmieście,,,Beauty salon; Hair Removal,Unknown,,,52.234313,21.0099851,OpenStreetMap / Overpass API,https://www.openstreetmap.org/node/8936384191,Mo-Fr 10:00-20:00; Oct-Mar Sa 10:00-16:00; Apr-Sep Sa 10:00-18:00
11981281455,node,We Aesthetic,Zajęcza 15,Śródmieście,,,Beauty salon; Aesthetic,Unknown,,,52.2380529,21.0251675,OpenStreetMap / Overpass API,https://www.openstreetmap.org/node/11981281455,
11850799251,node,Wiśnia,Generała Władysława Andersa 15,Śródmieście,,,Beauty salon; Aesthetic;Cosmetics,Unknown,,,52.2489366,20.9971578,OpenStreetMap / Overpass API,https://www.openstreetmap.org/node/11850799251,08:00-20:00
10721673498,node,Wojciech Olędzki,Koszykowa 67,Śródmieście,,,Hairdresser,Unknown,,,52.2225953,21.0101256,OpenStreetMap / Overpass API,https://www.openstreetmap.org/node/10721673498,Mo-Fr 09:00-19:00; Sa 08:00-14:00
13462366035,node,Wrona Barber,Górnośląska 7A,Śródmieście,,,Hairdresser; Barber,Unknown,,,52.2255008,21.0392527,OpenStreetMap / Overpass API,https://www.openstreetmap.org/node/13462366035,
332264215,node,X-Tan,Nowowiejska 5,Śródmieście,,,Beauty salon; Tanning,Unknown,,,52.2198123,21.0140498,OpenStreetMap / Overpass API,https://www.openstreetmap.org/node/332264215,Mo-Fr 10:00-21:00; Sa 12:00-18:00
10916602989,node,Yasumi,Wybrzeże Kościuszkowskie 45,Śródmieście,,,Beauty salon,Unknown,,,52.2420947,21.0268281,OpenStreetMap / Overpass API,https://www.openstreetmap.org/node/10916602989,Mo-Fr 09:00-21:30; Sa 09:00-18:00
11062114319,node,Your Atelier,Sapieżyńska 5,Śródmieście,,,Hairdresser,Unknown,,,52.2533338,21.0026437,OpenStreetMap / Overpass API,https://www.openstreetmap.org/node/11062114319,
9028144148,node,Yves Rocher,,Śródmieście,,,Cosmetics,Unknown,,,52.2566253,20.984941,OpenStreetMap / Overpass API,https://www.openstreetmap.org/node/9028144148,
289091689,way,Yves Rocher,,Śródmieście,,,Cosmetics,Unknown,,,52.2284757,21.0035704,OpenStreetMap / Overpass API,https://www.openstreetmap.org/way/289091689,
9890359295,node,Z Pazurem,"Bracka 20, Warszawa",Śródmieście,,,Hairdresser,Unknown,,,52.2319144,21.0168648,OpenStreetMap / Overpass API,https://www.openstreetmap.org/node/9890359295,
10141506892,node,Z Pazurem,"Piękna 62/64, Warszawa",Śródmieście,+48226291420,,Hairdresser,Unknown,,,52.2230009,21.0106141,OpenStreetMap / Overpass API,https://www.openstreetmap.org/node/10141506892,Mo-Fr 09:00-19:00; Sa 09:00-14:00
6415860975,node,Łaźnia Mobilna,,Śródmieście,,https://cdwp.caritas.pl/placowki-socjalne/laznia-mobilna,Beauty services,Unknown,,,52.2587452,21.0050444,OpenStreetMap / Overpass API,https://www.openstreetmap.org/node/6415860975,
13078406062,node,Żebrowski / Adasiak / Kozon,Plac Bankowy 1,Śródmieście,,,Hairdresser,Unknown,,,52.2418711,21.0034537,OpenStreetMap / Overpass API,https://www.openstreetmap.org/node/13078406062,Mo-Fr 08:00-20:00; Sa 08:00-14:00
8222583312,node,2 poziomy piękna,,Żoliborz,,,Beauty salon,Unknown,,,52.2785884,20.9796642,OpenStreetMap / Overpass API,https://www.openstreetmap.org/node/8222583312,
4547460374,node,A little mani,"Stefana Czarnieckiego 5, 01-511 Warszawa",Żoliborz,,,Beauty salon,Unknown,,,52.2620435,20.9902273,OpenStreetMap / Overpass API,https://www.openstreetmap.org/node/4547460374,Mo-Fr 10:00-20:00
12629973065,node,Ada,Księdza Jerzego Popiełuszki 19,Żoliborz,,,Hairdresser,Unknown,,,52.2703035,20.9740227,OpenStreetMap / Overpass API,https://www.openstreetmap.org/node/12629973065,"Mo,We,Sa 08:30-15:00; Tu,Th-Fr 13:00-20:00"
3602189292,node,Aleja Piękna,"Aleja Wojska Polskiego 41, Warszawa",Żoliborz,,https://www.aleja-piekna.pl,Beauty salon,Unknown,,,52.2625792,20.9807103,OpenStreetMap / Overpass API,https://www.openstreetmap.org/node/3602189292,
4046775260,node,Atelier urody,"Adama Mickiewicza 32A, 01-616 Warszawa",Żoliborz,,http://atelierurody-zoliborz.pl,Hairdresser,Unknown,,,52.2709435,20.9851302,OpenStreetMap / Overpass API,https://www.openstreetmap.org/node/4046775260,
12518020286,node,Ayu masaże balijskie tajskie,,Żoliborz,,,Massage,Unknown,,,52.258075,20.9694805,OpenStreetMap / Overpass API,https://www.openstreetmap.org/node/12518020286,
9953036927,node,Baffo Nero,,Żoliborz,,,Hairdresser,Unknown,,,52.2590947,20.9751429,OpenStreetMap / Overpass API,https://www.openstreetmap.org/node/9953036927,
3220670340,node,Bali Therra,"Zygmunta Krasińskiego 8, 01-611 Warszawa",Żoliborz,,,Massage,Unknown,,,52.2701591,20.9898344,OpenStreetMap / Overpass API,https://www.openstreetmap.org/node/3220670340,Mo-Th 11:00-21:00; Fr-Su 10:00-22:00
3147022901,node,Barber Shop Żoliborz,"Adama Mickiewicza 18B, Warszawa",Żoliborz,,,Hairdresser,Unknown,,,52.2627001,20.9924261,OpenStreetMap / Overpass API,https://www.openstreetmap.org/node/3147022901,Mo-Sa 10:00-20:00; Su 09:00-15:00
5022838116,node,Beauty Room,,Żoliborz,,,Hairdresser,Unknown,,,52.2561351,20.9681906,OpenStreetMap / Overpass API,https://www.openstreetmap.org/node/5022838116,
9369821028,node,BeautyMania,,Żoliborz,+48736300777,https://beautymania.com.pl,Beauty salon,Unknown,,,52.2602826,20.9657282,OpenStreetMap / Overpass API,https://www.openstreetmap.org/node/9369821028,Mo-Fr 09:00-20:00; Sa 08:00-14:00; Su off
12629973081,node,Behunterhealth,Księdza Jerzego Popiełuszki 21,Żoliborz,,,Massage,Unknown,,,52.2705727,20.9736262,OpenStreetMap / Overpass API,https://www.openstreetmap.org/node/12629973081,
12965614318,node,Bunny Nails,,Żoliborz,+48228738291,https://bunnynails.pl,Beauty salon; Nails,Unknown,,,52.2575941,20.9658348,OpenStreetMap / Overpass API,https://www.openstreetmap.org/node/12965614318,Mo-Su 09:00-21:00
12160432296,node,Ciao Bella!,,Żoliborz,+48880561777,https://booksy.com/pl-pl/11898_ciao-bella_paznokcie_3_warszawa,Beauty salon; Nails,Unknown,,,52.256986,20.9655795,OpenStreetMap / Overpass API,https://www.openstreetmap.org/node/12160432296,Mo-Fr 09:00-20:00; Sa 09:00-16:00; Su 10:00-16:00
4046763421,node,Cut It,"Juliusza Słowackiego 12, 01-627 Warszawa",Żoliborz,,https://www.cutitstudio.com,Hairdresser,Unknown,,,52.2704935,20.9827238,OpenStreetMap / Overpass API,https://www.openstreetmap.org/node/4046763421,09:00-21:00
9311239964,node,Czuprynki,,Żoliborz,+48513512225,http://zoliborz.czuprynki.pl,Hairdresser,Unknown,,,52.2596325,20.9717738,OpenStreetMap / Overpass API,https://www.openstreetmap.org/node/9311239964,Mo-Fr 08:00-20:00; Sa 09:00-18:00; Su 10:00-17:00
12629924141,node,Diamond Nails,,Żoliborz,,,Beauty salon; Nails;Cosmetics;Eyelash,Unknown,,,52.2715951,20.971288,OpenStreetMap / Overpass API,https://www.openstreetmap.org/node/12629924141,
3147006352,node,Dokkoon,"Adama Mickiewicza 20, 01-517 Warszawa",Żoliborz,+48732132844,https://dokkoon.pl,Massage,Unknown,,,52.263054,20.9920273,OpenStreetMap / Overpass API,https://www.openstreetmap.org/node/3147006352,12:00-22:00
12629973076,node,Efekt,Księdza Jerzego Popiełuszki 21,Żoliborz,,,Beauty salon,Unknown,,,52.2702576,20.9738069,OpenStreetMap / Overpass API,https://www.openstreetmap.org/node/12629973076,
3548344092,node,Eldorado,"Potocka 58, Warszawa",Żoliborz,,,Beauty salon,Unknown,,,52.2731346,20.9771903,OpenStreetMap / Overpass API,https://www.openstreetmap.org/node/3548344092,Mo 12:00-19:00; Tu-Fr 11:00-19:00; Sa 09:00-14:00
9356460041,node,Enso Esthetics,,Żoliborz,+48512720830,,Beauty salon,Unknown,,,52.2567829,20.9666235,OpenStreetMap / Overpass API,https://www.openstreetmap.org/node/9356460041,Mo-Fr 10:00-20:00; Sa 08:00-13:00; Su off;
3565686705,node,Franck Provost,"Zygmunta Krasińskiego 29, Warszawa",Żoliborz,,http://www.franckprovost.pl/salony/warszawa/krasinskiego,Hairdresser,Unknown,,,52.266298,20.9776885,OpenStreetMap / Overpass API,https://www.openstreetmap.org/node/3565686705,Mo-Fr 07:00-21:00; Sa 09:00-18:00; Su 10:00-17:00
3679390744,node,Fryzjer Damski Bożena Dominiak,,Żoliborz,,,Hairdresser,Unknown,,,52.2674154,20.9850751,OpenStreetMap / Overpass API,https://www.openstreetmap.org/node/3679390744,Mo-Fr 08:00-19:00; Sa 08:00-13:00
3708512832,node,Fryzjer damski męski,,Żoliborz,,,Hairdresser,Unknown,,,52.2640882,20.9663631,OpenStreetMap / Overpass API,https://www.openstreetmap.org/node/3708512832,
4046775261,node,Gabinet Kosmetyki Estetycznej,"Adama Mickiewicza 32A, 01-616 Warszawa",Żoliborz,,http://kosmetyczka-warszawa.waw.pl,Beauty salon,Unknown,,,52.2709037,20.9851651,OpenStreetMap / Overpass API,https://www.openstreetmap.org/node/4046775261,
3529337671,node,Galeria Fryzur i Urody,"Zygmunta Krasińskiego 2/4/6, Warszawa",Żoliborz,,,Beauty salon; Nails;Hair;Cosmetics,Unknown,,,52.2702418,20.9901102,OpenStreetMap / Overpass API,https://www.openstreetmap.org/node/3529337671,"Mo-Fr 08:00-20:00, Sa 08:00-15:00"
12160432298,node,Gent's of Warsaw,,Żoliborz,+48501500432,https://gentsofwarsaw.com,Hairdresser; Barber,Unknown,,,52.2572586,20.9653534,OpenStreetMap / Overpass API,https://www.openstreetmap.org/node/12160432298,Mo-Fr 08:00-21:00; Sa 08:00-17:00;
3690557346,node,Glam studio,,Żoliborz,,,Beauty salon,Unknown,,,52.2605128,20.9777931,OpenStreetMap / Overpass API,https://www.openstreetmap.org/node/3690557346,Mo-Sa 09:00-20:00
3185054097,node,Golarz Warszawski,"Augusta Cieszkowskiego 1/3, 01-636 Warszawa",Żoliborz,,,Hairdresser,Unknown,,,52.2703823,20.9804592,OpenStreetMap / Overpass API,https://www.openstreetmap.org/node/3185054097,
3958418803,node,Grażyna Wuttke,"Augusta Cieszkowskiego 1/3, 01-636 Warszawa",Żoliborz,,,Hairdresser,Unknown,,,52.2712834,20.9812631,OpenStreetMap / Overpass API,https://www.openstreetmap.org/node/3958418803,Mo-Fr 09:00-19:00; Sa 09:00-15:00
3617418151,node,Great Kate,"Zygmunta Krasińskiego 25, Warszawa",Żoliborz,,https://www.facebook.com/salongreatkate,Beauty salon,Unknown,,,52.2671502,20.9808087,OpenStreetMap / Overpass API,https://www.openstreetmap.org/node/3617418151,Mo-Fr 08:00-20:00; Sa 08:00-18:00
9953036941,node,Hair Expert,,Żoliborz,,,Hairdresser,Unknown,,,52.2604691,20.9776662,OpenStreetMap / Overpass API,https://www.openstreetmap.org/node/9953036941,Mo-Fr 09:00-21:00; Sa 10:00-16:00
9311239959,node,HAIRMATE,,Żoliborz,+48577913413,https://hairmate.pl,Hairdresser,Unknown,,,52.2598373,20.9716907,OpenStreetMap / Overpass API,https://www.openstreetmap.org/node/9311239959,Mo-Sa 08:00-21:00; Su off;
12165462006,node,Hilistic Point,,Żoliborz,+48534569240,https://booksy.com/pl-pl/129678_holistic-point_fryzjer_3_warszawa,Beauty salon,Unknown,,,52.2579307,20.9636257,OpenStreetMap / Overpass API,https://www.openstreetmap.org/node/12165462006,Mo-Sa 10:00-21:00; Su off
11128082187,node,Inna Bila,,Żoliborz,,https://booksy.com/pl-pl/174554_inna-bila-studio-shop_fryzjer_3_warszawa,Beauty salon; Nails;Hair Removal,Unknown,,,52.2576162,20.9657717,OpenStreetMap / Overpass API,https://www.openstreetmap.org/node/11128082187,Mo-Su 09:00-20:00
12157380320,node,Instytut Kosmetyczny Norel Dr. Wilsz,,Żoliborz,+48221155050,https://instytut.norel.pl,Beauty salon,Unknown,,,52.2584195,20.9751643,OpenStreetMap / Overpass API,https://www.openstreetmap.org/node/12157380320,Mo-Fr 09:00-21:00; Sa 09:00-16:00; Su off
10989805694,node,Jaspis SPA,"Ludwika Rydygiera 6/U7, 01-793 Warszawa",Żoliborz,+48570552485,,Massage,Unknown,,,52.2600568,20.9800606,OpenStreetMap / Overpass API,https://www.openstreetmap.org/node/10989805694,Mo-Sa 09:00-21:00
4046795292,node,Jolie Femme,"Adama Mickiewicza 30, 01-616 Warszawa",Żoliborz,,,Beauty salon,Unknown,,,52.2703178,20.985566,OpenStreetMap / Overpass API,https://www.openstreetmap.org/node/4046795292,Mo-Fr 10:00-20:00; Sa 09:00-14:00
9369821033,node,Kamona,,Żoliborz,+48797740020,,Beauty salon; Nails;Hair;Skin Care,Unknown,,,52.2598941,20.9645879,OpenStreetMap / Overpass API,https://www.openstreetmap.org/node/9369821033,Mo-Fr 08:00-20:00; Sa 09:00-15:00; Su off
6726129215,node,KokArt,"Potocka 4, 01-662 Warszawa",Żoliborz,+48228320235,http://www.fryzjer-zoliborz.pl,Beauty salon,Unknown,,,52.2788696,20.9843351,OpenStreetMap / Overpass API,https://www.openstreetmap.org/node/6726129215,
9356460043,node,Laser Clinic,,Żoliborz,+48780096001,https://laser-clinic.pl,Beauty salon; Cosmetics,Unknown,,,52.2569975,20.9660769,OpenStreetMap / Overpass API,https://www.openstreetmap.org/node/9356460043,Mo-Fr 09:00-20:00; Sa 09:00-15:00; Su off;
12153334871,node,Laserowa depilacja,,Żoliborz,,,Beauty salon,Unknown,,,52.2574029,20.964375,OpenStreetMap / Overpass API,https://www.openstreetmap.org/node/12153334871,Mo-Su 09:00-21:00
3149262419,node,Luźnoręka,Plac Thomasa Woodrowa Wilsona 4,Żoliborz,,,Beauty salon; Nails,Unknown,,,52.269642,20.9853255,OpenStreetMap / Overpass API,https://www.openstreetmap.org/node/3149262419,"Mo-Fr 08:00-20:00; Sa 09:00-15:00; Su ""on appointment"""
4090416176,node,Marta Klejsa Studio Fryzjerskie,"Aleja Wojska Polskiego 27, 01-515 Warszawa",Żoliborz,,https://www.facebook.com/martaklejsastudiofryzjerskie,Hairdresser,Unknown,,,52.2630234,20.9872227,OpenStreetMap / Overpass API,https://www.openstreetmap.org/node/4090416176,
351623969,way,Metamorfoza,"Generała Józefa Zajączka 15A, 01-510 Warszawa",Żoliborz,,,Beauty salon,Unknown,,,52.2611073,20.9868576,OpenStreetMap / Overpass API,https://www.openstreetmap.org/way/351623969,Mo-Fr 08:00-20:00; Sa 09:00-15:00
3690593981,node,Mio studio,,Żoliborz,,,Hairdresser,Unknown,,,52.2591648,20.9738853,OpenStreetMap / Overpass API,https://www.openstreetmap.org/node/3690593981,Mo-Fr 09:00-21:00; Sa 09:00-17:00
9091347825,node,Modus Tao,"Przasnyska 9, 01-756 Warszawa",Żoliborz,+48602197556,https://modustao.pl,Massage,Unknown,,,52.2598831,20.9683654,OpenStreetMap / Overpass API,https://www.openstreetmap.org/node/9091347825,
3510828436,node,Mydlarnia u Franciszka,"Plac Thomasa Woodrowa Wilsona 4, Warszawa",Żoliborz,,,Cosmetics,Unknown,,,52.269576,20.9841174,OpenStreetMap / Overpass API,https://www.openstreetmap.org/node/3510828436,Mo-Fr 10:00-18:00; Sa 10:00-15:00
3602191795,node,Męski punkt,"Aleja Wojska Polskiego 41, Warszawa",Żoliborz,,http://fryzjer.fr,Hairdresser,Unknown,,,52.2623637,20.9805354,OpenStreetMap / Overpass API,https://www.openstreetmap.org/node/3602191795,Mo-Fr 08:00-20:00; Sa 08:00-15:00
7967182372,node,Męski Punkt,"Augusta Cieszkowskiego 2, 01-636 Warszawa",Żoliborz,,http://fryzjer.fr,Hairdresser,Unknown,,,52.2702954,20.9812896,OpenStreetMap / Overpass API,https://www.openstreetmap.org/node/7967182372,Mo-Fr 08:00-20:00; Sa 08:00-15:00
9359407855,node,Nails & Face,,Żoliborz,+48660137660,,Beauty salon; Nails,Unknown,,,52.2606771,20.9679592,OpenStreetMap / Overpass API,https://www.openstreetmap.org/node/9359407855,Mo-Fr 10:00-21:00; Sa 09:00-17:00; Su off
12153492509,node,NailTime,,Żoliborz,+48453016905,https://booksy.com/pl-pl/22271_nail-time_paznokcie_3_warszawa,Beauty salon,Unknown,,,52.2576441,20.9643353,OpenStreetMap / Overpass API,https://www.openstreetmap.org/node/12153492509,Mo-Fr 09:00-21:00; Sa 09:00-18:00; Su off
9363979980,node,New York Barbers,,Żoliborz,+48608011629,,Hairdresser,Unknown,,,52.2599131,20.968459,OpenStreetMap / Overpass API,https://www.openstreetmap.org/node/9363979980,Mo-We 12:00-20:00; Th-Fr 10:00-20:00; Sa 10:00-16:00; Su off
5636922734,node,Osiem,Księdza Jerzego Popiełuszki 19,Żoliborz,,http://www.osiem.waw.pl,Beauty salon; Nails;Cosmetics;Hair;Skin Care;Aesthetic,Unknown,,,52.2701003,20.9741528,OpenStreetMap / Overpass API,https://www.openstreetmap.org/node/5636922734,
9356460044,node,PapryczkaBeauty.pl,,Żoliborz,+48733907090,https://papryczkabeauty.pl,Beauty salon,Unknown,,,52.2564697,20.9657123,OpenStreetMap / Overpass API,https://www.openstreetmap.org/node/9356460044,Mo off; Tu-Fr 10:00-20:00; Sa 10:00-15:00; Su off;
12629973064,node,Piękna Pani,Księdza Jerzego Popiełuszki 19,Żoliborz,,,Hairdresser,Unknown,,,52.2702589,20.9740492,OpenStreetMap / Overpass API,https://www.openstreetmap.org/node/12629973064,Mo-Fr 08:00-19:00; Sa 08:00-14:00
9350220010,node,Po Prostu Pięknie,,Żoliborz,+48509413788,,Beauty salon,Unknown,,,52.2560522,20.9684125,OpenStreetMap / Overpass API,https://www.openstreetmap.org/node/9350220010,Mo-Fr 09:00-21:00; Sa 09:00-15:00; Su off
9350689083,node,Première,,Żoliborz,+48509794777,https://mapremiere.pl,Beauty salon; Nails;Cosmetics;Skin Care,Unknown,,,52.2595729,20.9691432,OpenStreetMap / Overpass API,https://www.openstreetmap.org/node/9350689083,Mo-Fr 10:00-20:00; Sa 10:00-16:00
5688274856,node,Przystanek Uroda,"Adama Mickiewicza 18, 01-517 Warszawa",Żoliborz,+48783558082,http://przystanek-uroda.pl,Beauty salon; Nails;Aesthetic,Unknown,,,52.2616397,20.9937377,OpenStreetMap / Overpass API,https://www.openstreetmap.org/node/5688274856,
12165462007,node,Royal Tuli,,Żoliborz,+48506366455,https://royaltuli.pl,Beauty salon,Unknown,,,52.2582338,20.9628341,OpenStreetMap / Overpass API,https://www.openstreetmap.org/node/12165462007,Mo-Fr 09:00-21:00; Sa 09:00-16:00; Su off
3346909098,node,Salon fryzjerski Krzysztof,,Żoliborz,,http://www.salonykrzysztof.pl,Hairdresser,Unknown,,,52.267491,20.9778047,OpenStreetMap / Overpass API,https://www.openstreetmap.org/node/3346909098,"Tu-Fr 08:00-20:00; Sa 09:00-16:00; PH,Su,Mo off"
12479575949,node,Salon Fryzjersko Kosmetyczny,Warszawa,Żoliborz,+48787740020,,Beauty salon; Cosmetics;Fryzjer,Unknown,,,52.2645269,20.9745225,OpenStreetMap / Overpass API,https://www.openstreetmap.org/node/12479575949,
6744319317,node,"Salon Pielęgnacji Psów ""Molly""","Adama Mickiewicza 74, 01-650 Warszawa",Żoliborz,+48504515118,https://www.facebook.com/MOLLY-Salon-Piel%C4%99gnacji-Ps%C3%B3w-Marta-Smolik-591926154240181,Hairdresser,Unknown,,,52.2790359,20.9807543,OpenStreetMap / Overpass API,https://www.openstreetmap.org/node/6744319317,
9308870894,node,Salon Spotkań,,Żoliborz,,https://salon-spotkan.business.site,Hairdresser,Unknown,,,52.2572671,20.967687,OpenStreetMap / Overpass API,https://www.openstreetmap.org/node/9308870894,Mo-Fr 10:00-21:00; Sa 09:00-17:00; Su off;
12160432299,node,Simply nailbar & lashes,,Żoliborz,+48797062123,https://simplynailbar.pl,Beauty salon; Nails,Unknown,,,52.2572869,20.9652764,OpenStreetMap / Overpass API,https://www.openstreetmap.org/node/12160432299,Mo-Fr 09:00-21:00; Sa 09:00-16:00
3679458474,node,Strefa Piękna,"Władysława Broniewskiego 7, Warszawa",Żoliborz,,,Beauty salon; Cosmetics;Nails,Unknown,,,52.2644097,20.9699303,OpenStreetMap / Overpass API,https://www.openstreetmap.org/node/3679458474,Mo-Fr 13:00-20:00; Sa 10:00-14:00
4931718272,node,Strefa urody,,Żoliborz,,,Beauty salon,Unknown,,,52.2666436,20.9617617,OpenStreetMap / Overpass API,https://www.openstreetmap.org/node/4931718272,
9311239967,node,Studio 22,,Żoliborz,+48780410440,https://www.studio22salon.pl,Massage,Unknown,,,52.2594115,20.9721041,OpenStreetMap / Overpass API,https://www.openstreetmap.org/node/9311239967,Mo-Fr 10:00-21:00; Sa 10:00-16:00; Su off;
3346909097,node,Studio przemian,,Żoliborz,,,Hairdresser,Unknown,,,52.2703478,20.9759269,OpenStreetMap / Overpass API,https://www.openstreetmap.org/node/3346909097,Mo-Fr 09:00-19:00; Sa 08:00-16:00
3581586944,node,Studio urody,"Bieniewicka 10/14, Warszawa",Żoliborz,,,Beauty salon,Unknown,,,52.2734897,20.9771808,OpenStreetMap / Overpass API,https://www.openstreetmap.org/node/3581586944,
12053105439,node,Sylwia Garstka,Adama Mickiewicza 18,Żoliborz,,,Beauty salon; Nails,Unknown,,,52.2619608,20.9932714,OpenStreetMap / Overpass API,https://www.openstreetmap.org/node/12053105439,
12160448502,node,Thai Spa Bali,,Żoliborz,+48503600600,https://thaibalispa.pl,Massage,Unknown,,,52.2574085,20.9649576,OpenStreetMap / Overpass API,https://www.openstreetmap.org/node/12160448502,Mo-Su 11:00-21:00
9308870873,node,The Bloom Make Up & Beauty,,Żoliborz,,http://the-bloom.pl,Beauty salon,Unknown,,,52.2572329,20.9667789,OpenStreetMap / Overpass API,https://www.openstreetmap.org/node/9308870873,Mo-Fr 09:00-21:00; Sa 09:00-16:00; Su off
12629924140,node,Top,,Żoliborz,,,Hairdresser,Unknown,,,52.2716235,20.9711568,OpenStreetMap / Overpass API,https://www.openstreetmap.org/node/12629924140,Mo-Fr 08:30-19:00; Sa 08:00-15:00
9308969387,node,Toxic Hair,,Żoliborz,+48600823523,https://toxichair.pl,Hairdresser,Unknown,,,52.2583058,20.9680467,OpenStreetMap / Overpass API,https://www.openstreetmap.org/node/9308969387,Mo-Fr 09:00-21:00; Sa 09:00-17:00; Su off;
9359387669,node,TS Medical Clinic,,Żoliborz,+48797716145,https://tsclinic.pl,Beauty salon,Unknown,,,52.2601243,20.9686396,OpenStreetMap / Overpass API,https://www.openstreetmap.org/node/9359387669,Mo-Su 10:00-22:00
12966745227,node,Virgin,,Żoliborz,,,Hairdresser; Barber,Unknown,,,52.2563531,20.967606,OpenStreetMap / Overpass API,https://www.openstreetmap.org/node/12966745227,
6724902889,node,Wiola,"Tylżycka 11, 01-656 Warszawa",Żoliborz,+48222990904,https://m.facebook.com/pages/category/Hair-Salon/Wiola-Salon-Fryzjerski-1473340716211311,Hairdresser,Unknown,,,52.2791739,20.9823865,OpenStreetMap / Overpass API,https://www.openstreetmap.org/node/6724902889,Mo-Fr 09:00-20:00; Sa 08:00-14:00
9953036942,node,XNail,,Żoliborz,+48575040009,https://booksy.com/pl-pl/205767_xnail-zoliborz_paznokcie_3_warszawa,Beauty salon; Nails,Unknown,,,52.2597777,20.9726146,OpenStreetMap / Overpass API,https://www.openstreetmap.org/node/9953036942,Mo-Su 09:00-21:00
994189885,node,Yonelle,,Żoliborz,,https://yonelle.pl,Beauty salon,Unknown,,,52.2611286,20.9904787,OpenStreetMap / Overpass API,https://www.openstreetmap.org/node/994189885,Mo-Fr 08:00-22:00; Sa 09:00-17:00
12966745230,node,Zoli Barbers & Hair System,,Żoliborz,,https://booksy.com/pl-pl/92354_zoli-barbers-hair-system-zoliborz-artystyczny_barber-shop_3_warszawa,Hairdresser; Barber,Unknown,,,52.2562564,20.9673597,OpenStreetMap / Overpass API,https://www.openstreetmap.org/node/12966745230,
3587933688,node,Żoli,"Zygmunta Krasińskiego 16, Warszawa",Żoliborz,,http://zoliborz.studiozoli.pl,Beauty salon,Unknown,,,52.2681856,20.9827647,OpenStreetMap / Overpass API,https://www.openstreetmap.org/node/3587933688,Mo-Fr 09:00-21:00; Sa 08:00-15:00
